source_file,line,syntax,link_kind,link_text_or_alt,raw_target,decoded_target,target_without_anchor,anchor,normalized_target,source_kind,target_kind,target_exists,target_is_asset,link_text_has_chinese,target_has_chinese,target_decoded_has_chinese,target_asset_name_has_chinese,needs_update_if_renamed
README.md,6,html_href,link,,assets/download.md,assets/download.md,assets/download.md,,assets/download.md,relative,file,yes,no,no,no,no,no,no
README.md,7,html_href,link,,assets/download.md,assets/download.md,assets/download.md,,assets/download.md,relative,file,yes,no,no,no,no,no,no
README.md,13,markdown_inline,link,:pencil2:,#pencil2-算法,#pencil2-算法,,pencil2-算法,README.md,relative,anchor,yes,no,no,yes,yes,no,yes
README.md,13,markdown_inline,link,:computer:,#computer-操作系统,#computer-操作系统,,computer-操作系统,README.md,relative,anchor,yes,no,no,yes,yes,no,yes
README.md,13,markdown_inline,link,:cloud:,#cloud-网络,#cloud-网络,,cloud-网络,README.md,relative,anchor,yes,no,no,yes,yes,no,yes
README.md,13,markdown_inline,link,:art:,#art-面向对象,#art-面向对象,,art-面向对象,README.md,relative,anchor,yes,no,no,yes,yes,no,yes
README.md,13,markdown_inline,link,:floppy_disk:,#floppy_disk-数据库,#floppy_disk-数据库,,floppy_disk-数据库,README.md,relative,anchor,yes,no,no,yes,yes,no,yes
README.md,13,markdown_inline,link,:coffee:,#coffee-java,#coffee-java,,coffee-java,README.md,relative,anchor,yes,no,no,no,no,no,no
README.md,13,markdown_inline,link,:bulb:,#bulb-系统设计,#bulb-系统设计,,bulb-系统设计,README.md,relative,anchor,yes,no,no,yes,yes,no,yes
README.md,13,markdown_inline,link,:wrench:,#wrench-工具,#wrench-工具,,wrench-工具,README.md,relative,anchor,yes,no,no,yes,yes,no,yes
README.md,13,markdown_inline,link,:watermelon:,#watermelon-编码实践,#watermelon-编码实践,,watermelon-编码实践,README.md,relative,anchor,yes,no,no,yes,yes,no,yes
README.md,13,markdown_inline,link,:memo:,#memo-后记,#memo-后记,,memo-后记,README.md,relative,anchor,yes,no,no,yes,yes,no,yes
README.md,25,markdown_inline,link,剑指 Offer 题解,https://github.com/CyC2018/CS-Notes/blob/master/notes/剑指%20Offer%20题解%20-%20目录.md,https://github.com/CyC2018/CS-Notes/blob/master/notes/剑指 Offer 题解 - 目录.md,notes/剑指 Offer 题解 - 目录.md,,notes/剑指 Offer 题解 - 目录.md,github_repo_url,file,yes,no,yes,yes,yes,no,yes
README.md,26,markdown_inline,link,Leetcode 题解,https://github.com/CyC2018/CS-Notes/blob/master/notes/Leetcode%20题解%20-%20目录.md,https://github.com/CyC2018/CS-Notes/blob/master/notes/Leetcode 题解 - 目录.md,notes/Leetcode 题解 - 目录.md,,notes/Leetcode 题解 - 目录.md,github_repo_url,file,yes,no,yes,yes,yes,no,yes
README.md,27,markdown_inline,link,算法,https://github.com/CyC2018/CS-Notes/blob/master/notes/算法%20-%20目录.md,https://github.com/CyC2018/CS-Notes/blob/master/notes/算法 - 目录.md,notes/算法 - 目录.md,,notes/算法 - 目录.md,github_repo_url,file,yes,no,yes,yes,yes,no,yes
README.md,28,markdown_inline,link,字节跳动内推,assets/内推.md,assets/内推.md,assets/内推.md,,assets/内推.md,relative,file,yes,no,yes,yes,yes,no,yes
README.md,32,markdown_inline,link,计算机操作系统,https://github.com/CyC2018/CS-Notes/blob/master/notes/计算机操作系统%20-%20目录.md,https://github.com/CyC2018/CS-Notes/blob/master/notes/计算机操作系统 - 目录.md,notes/计算机操作系统 - 目录.md,,notes/计算机操作系统 - 目录.md,github_repo_url,file,yes,no,yes,yes,yes,no,yes
README.md,33,markdown_inline,link,Linux,https://github.com/CyC2018/CS-Notes/blob/master/notes/Linux.md,https://github.com/CyC2018/CS-Notes/blob/master/notes/Linux.md,notes/Linux.md,,notes/Linux.md,github_repo_url,file,yes,no,no,no,no,no,no
README.md,37,markdown_inline,link,计算机网络,https://github.com/CyC2018/CS-Notes/blob/master/notes/计算机网络%20-%20目录.md,https://github.com/CyC2018/CS-Notes/blob/master/notes/计算机网络 - 目录.md,notes/计算机网络 - 目录.md,,notes/计算机网络 - 目录.md,github_repo_url,file,yes,no,yes,yes,yes,no,yes
README.md,38,markdown_inline,link,HTTP,https://github.com/CyC2018/CS-Notes/blob/master/notes/HTTP.md,https://github.com/CyC2018/CS-Notes/blob/master/notes/HTTP.md,notes/HTTP.md,,notes/HTTP.md,github_repo_url,file,yes,no,no,no,no,no,no
README.md,39,markdown_inline,link,Socket,https://github.com/CyC2018/CS-Notes/blob/master/notes/Socket.md,https://github.com/CyC2018/CS-Notes/blob/master/notes/Socket.md,notes/Socket.md,,notes/Socket.md,github_repo_url,file,yes,no,no,no,no,no,no
README.md,43,markdown_inline,link,数据库系统原理,https://github.com/CyC2018/CS-Notes/blob/master/notes/数据库系统原理.md,https://github.com/CyC2018/CS-Notes/blob/master/notes/数据库系统原理.md,notes/数据库系统原理.md,,notes/数据库系统原理.md,github_repo_url,file,yes,no,yes,yes,yes,no,yes
README.md,44,markdown_inline,link,SQL 语法,https://github.com/CyC2018/CS-Notes/blob/master/notes/SQL%20语法.md,https://github.com/CyC2018/CS-Notes/blob/master/notes/SQL 语法.md,notes/SQL 语法.md,,notes/SQL 语法.md,github_repo_url,file,yes,no,yes,yes,yes,no,yes
README.md,45,markdown_inline,link,SQL 练习,https://github.com/CyC2018/CS-Notes/blob/master/notes/SQL%20练习.md,https://github.com/CyC2018/CS-Notes/blob/master/notes/SQL 练习.md,notes/SQL 练习.md,,notes/SQL 练习.md,github_repo_url,file,yes,no,yes,yes,yes,no,yes
README.md,46,markdown_inline,link,MySQL,https://github.com/CyC2018/CS-Notes/blob/master/notes/MySQL.md,https://github.com/CyC2018/CS-Notes/blob/master/notes/MySQL.md,notes/MySQL.md,,notes/MySQL.md,github_repo_url,file,yes,no,no,no,no,no,no
README.md,47,markdown_inline,link,Redis,https://github.com/CyC2018/CS-Notes/blob/master/notes/Redis.md,https://github.com/CyC2018/CS-Notes/blob/master/notes/Redis.md,notes/Redis.md,,notes/Redis.md,github_repo_url,file,yes,no,no,no,no,no,no
README.md,51,markdown_inline,link,Java 基础,https://github.com/CyC2018/CS-Notes/blob/master/notes/Java%20基础.md,https://github.com/CyC2018/CS-Notes/blob/master/notes/Java 基础.md,notes/Java 基础.md,,notes/Java 基础.md,github_repo_url,file,yes,no,yes,yes,yes,no,yes
README.md,52,markdown_inline,link,Java 容器,https://github.com/CyC2018/CS-Notes/blob/master/notes/Java%20容器.md,https://github.com/CyC2018/CS-Notes/blob/master/notes/Java 容器.md,notes/Java 容器.md,,notes/Java 容器.md,github_repo_url,file,yes,no,yes,yes,yes,no,yes
README.md,53,markdown_inline,link,Java 并发,https://github.com/CyC2018/CS-Notes/blob/master/notes/Java%20并发.md,https://github.com/CyC2018/CS-Notes/blob/master/notes/Java 并发.md,notes/Java 并发.md,,notes/Java 并发.md,github_repo_url,file,yes,no,yes,yes,yes,no,yes
README.md,54,markdown_inline,link,Java 虚拟机,https://github.com/CyC2018/CS-Notes/blob/master/notes/Java%20虚拟机.md,https://github.com/CyC2018/CS-Notes/blob/master/notes/Java 虚拟机.md,notes/Java 虚拟机.md,,notes/Java 虚拟机.md,github_repo_url,file,yes,no,yes,yes,yes,no,yes
README.md,55,markdown_inline,link,Java I/O,https://github.com/CyC2018/CS-Notes/blob/master/notes/Java%20IO.md,https://github.com/CyC2018/CS-Notes/blob/master/notes/Java IO.md,notes/Java IO.md,,notes/Java IO.md,github_repo_url,file,yes,no,no,no,no,no,no
README.md,59,markdown_inline,link,系统设计基础,https://github.com/CyC2018/CS-Notes/blob/master/notes/系统设计基础.md,https://github.com/CyC2018/CS-Notes/blob/master/notes/系统设计基础.md,notes/系统设计基础.md,,notes/系统设计基础.md,github_repo_url,file,yes,no,yes,yes,yes,no,yes
README.md,60,markdown_inline,link,分布式,https://github.com/CyC2018/CS-Notes/blob/master/notes/分布式.md,https://github.com/CyC2018/CS-Notes/blob/master/notes/分布式.md,notes/分布式.md,,notes/分布式.md,github_repo_url,file,yes,no,yes,yes,yes,no,yes
README.md,61,markdown_inline,link,集群,https://github.com/CyC2018/CS-Notes/blob/master/notes/集群.md,https://github.com/CyC2018/CS-Notes/blob/master/notes/集群.md,notes/集群.md,,notes/集群.md,github_repo_url,file,yes,no,yes,yes,yes,no,yes
README.md,62,markdown_inline,link,攻击技术,https://github.com/CyC2018/CS-Notes/blob/master/notes/攻击技术.md,https://github.com/CyC2018/CS-Notes/blob/master/notes/攻击技术.md,notes/攻击技术.md,,notes/攻击技术.md,github_repo_url,file,yes,no,yes,yes,yes,no,yes
README.md,63,markdown_inline,link,缓存,https://github.com/CyC2018/CS-Notes/blob/master/notes/缓存.md,https://github.com/CyC2018/CS-Notes/blob/master/notes/缓存.md,notes/缓存.md,,notes/缓存.md,github_repo_url,file,yes,no,yes,yes,yes,no,yes
README.md,64,markdown_inline,link,消息队列,https://github.com/CyC2018/CS-Notes/blob/master/notes/消息队列.md,https://github.com/CyC2018/CS-Notes/blob/master/notes/消息队列.md,notes/消息队列.md,,notes/消息队列.md,github_repo_url,file,yes,no,yes,yes,yes,no,yes
README.md,68,markdown_inline,link,面向对象思想,https://github.com/CyC2018/CS-Notes/blob/master/notes/面向对象思想.md,https://github.com/CyC2018/CS-Notes/blob/master/notes/面向对象思想.md,notes/面向对象思想.md,,notes/面向对象思想.md,github_repo_url,file,yes,no,yes,yes,yes,no,yes
README.md,69,markdown_inline,link,设计模式,https://github.com/CyC2018/CS-Notes/blob/master/notes/设计模式%20-%20目录.md,https://github.com/CyC2018/CS-Notes/blob/master/notes/设计模式 - 目录.md,notes/设计模式 - 目录.md,,notes/设计模式 - 目录.md,github_repo_url,file,yes,no,yes,yes,yes,no,yes
README.md,73,markdown_inline,link,Git,https://github.com/CyC2018/CS-Notes/blob/master/notes/Git.md,https://github.com/CyC2018/CS-Notes/blob/master/notes/Git.md,notes/Git.md,,notes/Git.md,github_repo_url,file,yes,no,no,no,no,no,no
README.md,74,markdown_inline,link,Docker,https://github.com/CyC2018/CS-Notes/blob/master/notes/Docker.md,https://github.com/CyC2018/CS-Notes/blob/master/notes/Docker.md,notes/Docker.md,,notes/Docker.md,github_repo_url,file,yes,no,no,no,no,no,no
README.md,75,markdown_inline,link,构建工具,https://github.com/CyC2018/CS-Notes/blob/master/notes/构建工具.md,https://github.com/CyC2018/CS-Notes/blob/master/notes/构建工具.md,notes/构建工具.md,,notes/构建工具.md,github_repo_url,file,yes,no,yes,yes,yes,no,yes
README.md,76,markdown_inline,link,正则表达式,https://github.com/CyC2018/CS-Notes/blob/master/notes/正则表达式.md,https://github.com/CyC2018/CS-Notes/blob/master/notes/正则表达式.md,notes/正则表达式.md,,notes/正则表达式.md,github_repo_url,file,yes,no,yes,yes,yes,no,yes
README.md,80,markdown_inline,link,代码可读性,https://github.com/CyC2018/CS-Notes/blob/master/notes/代码可读性.md,https://github.com/CyC2018/CS-Notes/blob/master/notes/代码可读性.md,notes/代码可读性.md,,notes/代码可读性.md,github_repo_url,file,yes,no,yes,yes,yes,no,yes
README.md,81,markdown_inline,link,代码风格规范,https://github.com/CyC2018/CS-Notes/blob/master/notes/代码风格规范.md,https://github.com/CyC2018/CS-Notes/blob/master/notes/代码风格规范.md,notes/代码风格规范.md,,notes/代码风格规范.md,github_repo_url,file,yes,no,yes,yes,yes,no,yes
assets/download.md,13,markdown_image,image,,download-pdf.png,download-pdf.png,download-pdf.png,,assets/download-pdf.png,relative,file,yes,yes,no,no,no,no,no
assets/download.md,19,markdown_image,image,,download-markdown.png,download-markdown.png,download-markdown.png,,assets/download-markdown.png,relative,file,yes,yes,no,no,no,no,no
assets/download.md,27,markdown_image,image,,download-html.png,download-html.png,download-html.png,,assets/download-html.png,relative,file,yes,yes,no,no,no,no,no
assets/download.md,33,html_src,image,,公众号二维码-2.png,公众号二维码-2.png,公众号二维码-2.png,,assets/公众号二维码-2.png,relative,file,yes,yes,no,yes,yes,yes,yes
notes/Docker.md,3,markdown_inline,link,Docker,#docker,#docker,,docker,notes/Docker.md,relative,anchor,yes,no,no,no,no,no,no
notes/Docker.md,4,markdown_inline,link,一、解决的问题,#一解决的问题,#一解决的问题,,一解决的问题,notes/Docker.md,relative,anchor,yes,no,yes,yes,yes,no,yes
notes/Docker.md,5,markdown_inline,link,二、与虚拟机的比较,#二与虚拟机的比较,#二与虚拟机的比较,,二与虚拟机的比较,notes/Docker.md,relative,anchor,yes,no,yes,yes,yes,no,yes
notes/Docker.md,6,markdown_inline,link,三、优势,#三优势,#三优势,,三优势,notes/Docker.md,relative,anchor,yes,no,yes,yes,yes,no,yes
notes/Docker.md,7,markdown_inline,link,四、使用场景,#四使用场景,#四使用场景,,四使用场景,notes/Docker.md,relative,anchor,yes,no,yes,yes,yes,no,yes
notes/Docker.md,8,markdown_inline,link,五、镜像与容器,#五镜像与容器,#五镜像与容器,,五镜像与容器,notes/Docker.md,relative,anchor,yes,no,yes,yes,yes,no,yes
notes/Docker.md,9,markdown_inline,link,参考资料,#参考资料,#参考资料,,参考资料,notes/Docker.md,relative,anchor,yes,no,yes,yes,yes,no,yes
notes/Git.md,3,markdown_inline,link,Git,#git,#git,,git,notes/Git.md,relative,anchor,yes,no,no,no,no,no,no
notes/Git.md,4,markdown_inline,link,集中式与分布式,#集中式与分布式,#集中式与分布式,,集中式与分布式,notes/Git.md,relative,anchor,yes,no,yes,yes,yes,no,yes
notes/Git.md,5,markdown_inline,link,中心服务器,#中心服务器,#中心服务器,,中心服务器,notes/Git.md,relative,anchor,yes,no,yes,yes,yes,no,yes
notes/Git.md,6,markdown_inline,link,工作流,#工作流,#工作流,,工作流,notes/Git.md,relative,anchor,yes,no,yes,yes,yes,no,yes
notes/Git.md,7,markdown_inline,link,分支实现,#分支实现,#分支实现,,分支实现,notes/Git.md,relative,anchor,yes,no,yes,yes,yes,no,yes
notes/Git.md,8,markdown_inline,link,冲突,#冲突,#冲突,,冲突,notes/Git.md,relative,anchor,yes,no,yes,yes,yes,no,yes
notes/Git.md,9,markdown_inline,link,Fast forward,#fast-forward,#fast-forward,,fast-forward,notes/Git.md,relative,anchor,yes,no,no,no,no,no,no
notes/Git.md,10,markdown_inline,link,储藏（Stashing）,#储藏stashing,#储藏stashing,,储藏stashing,notes/Git.md,relative,anchor,yes,no,yes,yes,yes,no,yes
notes/Git.md,11,markdown_inline,link,SSH 传输设置,#ssh-传输设置,#ssh-传输设置,,ssh-传输设置,notes/Git.md,relative,anchor,yes,no,yes,yes,yes,no,yes
notes/Git.md,12,markdown_inline,link,.gitignore 文件,#gitignore-文件,#gitignore-文件,,gitignore-文件,notes/Git.md,relative,anchor,yes,no,yes,yes,yes,no,yes
notes/Git.md,13,markdown_inline,link,Git 命令一览,#git-命令一览,#git-命令一览,,git-命令一览,notes/Git.md,relative,anchor,yes,no,yes,yes,yes,no,yes
notes/Git.md,14,markdown_inline,link,参考资料,#参考资料,#参考资料,,参考资料,notes/Git.md,relative,anchor,yes,no,yes,yes,yes,no,yes
notes/HTTP.md,3,markdown_inline,link,HTTP,#http,#http,,http,notes/HTTP.md,relative,anchor,yes,no,no,no,no,no,no
notes/HTTP.md,4,markdown_inline,link,一 、基础概念,#一-基础概念,#一-基础概念,,一-基础概念,notes/HTTP.md,relative,anchor,yes,no,yes,yes,yes,no,yes
notes/HTTP.md,5,markdown_inline,link,请求和响应报文,#请求和响应报文,#请求和响应报文,,请求和响应报文,notes/HTTP.md,relative,anchor,yes,no,yes,yes,yes,no,yes
notes/HTTP.md,6,markdown_inline,link,URL,#url,#url,,url,notes/HTTP.md,relative,anchor,yes,no,no,no,no,no,no
notes/HTTP.md,7,markdown_inline,link,二、HTTP 方法,#二http-方法,#二http-方法,,二http-方法,notes/HTTP.md,relative,anchor,yes,no,yes,yes,yes,no,yes
notes/HTTP.md,8,markdown_inline,link,GET,#get,#get,,get,notes/HTTP.md,relative,anchor,yes,no,no,no,no,no,no
notes/HTTP.md,9,markdown_inline,link,HEAD,#head,#head,,head,notes/HTTP.md,relative,anchor,yes,no,no,no,no,no,no
notes/HTTP.md,10,markdown_inline,link,POST,#post,#post,,post,notes/HTTP.md,relative,anchor,yes,no,no,no,no,no,no
notes/HTTP.md,11,markdown_inline,link,PUT,#put,#put,,put,notes/HTTP.md,relative,anchor,yes,no,no,no,no,no,no
notes/HTTP.md,12,markdown_inline,link,PATCH,#patch,#patch,,patch,notes/HTTP.md,relative,anchor,yes,no,no,no,no,no,no
notes/HTTP.md,13,markdown_inline,link,DELETE,#delete,#delete,,delete,notes/HTTP.md,relative,anchor,yes,no,no,no,no,no,no
notes/HTTP.md,14,markdown_inline,link,OPTIONS,#options,#options,,options,notes/HTTP.md,relative,anchor,yes,no,no,no,no,no,no
notes/HTTP.md,15,markdown_inline,link,CONNECT,#connect,#connect,,connect,notes/HTTP.md,relative,anchor,yes,no,no,no,no,no,no
notes/HTTP.md,16,markdown_inline,link,TRACE,#trace,#trace,,trace,notes/HTTP.md,relative,anchor,yes,no,no,no,no,no,no
notes/HTTP.md,17,markdown_inline,link,三、HTTP 状态码,#三http-状态码,#三http-状态码,,三http-状态码,notes/HTTP.md,relative,anchor,yes,no,yes,yes,yes,no,yes
notes/HTTP.md,18,markdown_inline,link,1XX 信息,#1xx-信息,#1xx-信息,,1xx-信息,notes/HTTP.md,relative,anchor,yes,no,yes,yes,yes,no,yes
notes/HTTP.md,19,markdown_inline,link,2XX 成功,#2xx-成功,#2xx-成功,,2xx-成功,notes/HTTP.md,relative,anchor,yes,no,yes,yes,yes,no,yes
notes/HTTP.md,20,markdown_inline,link,3XX 重定向,#3xx-重定向,#3xx-重定向,,3xx-重定向,notes/HTTP.md,relative,anchor,yes,no,yes,yes,yes,no,yes
notes/HTTP.md,21,markdown_inline,link,4XX 客户端错误,#4xx-客户端错误,#4xx-客户端错误,,4xx-客户端错误,notes/HTTP.md,relative,anchor,yes,no,yes,yes,yes,no,yes
notes/HTTP.md,22,markdown_inline,link,5XX 服务器错误,#5xx-服务器错误,#5xx-服务器错误,,5xx-服务器错误,notes/HTTP.md,relative,anchor,yes,no,yes,yes,yes,no,yes
notes/HTTP.md,23,markdown_inline,link,四、HTTP 首部,#四http-首部,#四http-首部,,四http-首部,notes/HTTP.md,relative,anchor,yes,no,yes,yes,yes,no,yes
notes/HTTP.md,24,markdown_inline,link,通用首部字段,#通用首部字段,#通用首部字段,,通用首部字段,notes/HTTP.md,relative,anchor,yes,no,yes,yes,yes,no,yes
notes/HTTP.md,25,markdown_inline,link,请求首部字段,#请求首部字段,#请求首部字段,,请求首部字段,notes/HTTP.md,relative,anchor,yes,no,yes,yes,yes,no,yes
notes/HTTP.md,26,markdown_inline,link,响应首部字段,#响应首部字段,#响应首部字段,,响应首部字段,notes/HTTP.md,relative,anchor,yes,no,yes,yes,yes,no,yes
notes/HTTP.md,27,markdown_inline,link,实体首部字段,#实体首部字段,#实体首部字段,,实体首部字段,notes/HTTP.md,relative,anchor,yes,no,yes,yes,yes,no,yes
notes/HTTP.md,28,markdown_inline,link,五、具体应用,#五具体应用,#五具体应用,,五具体应用,notes/HTTP.md,relative,anchor,yes,no,yes,yes,yes,no,yes
notes/HTTP.md,29,markdown_inline,link,连接管理,#连接管理,#连接管理,,连接管理,notes/HTTP.md,relative,anchor,yes,no,yes,yes,yes,no,yes
notes/HTTP.md,30,markdown_inline,link,Cookie,#cookie,#cookie,,cookie,notes/HTTP.md,relative,anchor,yes,no,no,no,no,no,no
notes/HTTP.md,31,markdown_inline,link,缓存,#缓存,#缓存,,缓存,notes/HTTP.md,relative,anchor,yes,no,yes,yes,yes,no,yes
notes/HTTP.md,32,markdown_inline,link,内容协商,#内容协商,#内容协商,,内容协商,notes/HTTP.md,relative,anchor,yes,no,yes,yes,yes,no,yes
notes/HTTP.md,33,markdown_inline,link,内容编码,#内容编码,#内容编码,,内容编码,notes/HTTP.md,relative,anchor,yes,no,yes,yes,yes,no,yes
notes/HTTP.md,34,markdown_inline,link,范围请求,#范围请求,#范围请求,,范围请求,notes/HTTP.md,relative,anchor,yes,no,yes,yes,yes,no,yes
notes/HTTP.md,35,markdown_inline,link,分块传输编码,#分块传输编码,#分块传输编码,,分块传输编码,notes/HTTP.md,relative,anchor,yes,no,yes,yes,yes,no,yes
notes/HTTP.md,36,markdown_inline,link,多部分对象集合,#多部分对象集合,#多部分对象集合,,多部分对象集合,notes/HTTP.md,relative,anchor,yes,no,yes,yes,yes,no,yes
notes/HTTP.md,37,markdown_inline,link,虚拟主机,#虚拟主机,#虚拟主机,,虚拟主机,notes/HTTP.md,relative,anchor,yes,no,yes,yes,yes,no,yes
notes/HTTP.md,38,markdown_inline,link,通信数据转发,#通信数据转发,#通信数据转发,,通信数据转发,notes/HTTP.md,relative,anchor,yes,no,yes,yes,yes,no,yes
notes/HTTP.md,39,markdown_inline,link,六、HTTPS,#六https,#六https,,六https,notes/HTTP.md,relative,anchor,yes,no,yes,yes,yes,no,yes
notes/HTTP.md,40,markdown_inline,link,加密,#加密,#加密,,加密,notes/HTTP.md,relative,anchor,yes,no,yes,yes,yes,no,yes
notes/HTTP.md,41,markdown_inline,link,认证,#认证,#认证,,认证,notes/HTTP.md,relative,anchor,yes,no,yes,yes,yes,no,yes
notes/HTTP.md,42,markdown_inline,link,完整性保护,#完整性保护,#完整性保护,,完整性保护,notes/HTTP.md,relative,anchor,yes,no,yes,yes,yes,no,yes
notes/HTTP.md,43,markdown_inline,link,HTTPS 的缺点,#https-的缺点,#https-的缺点,,https-的缺点,notes/HTTP.md,relative,anchor,yes,no,yes,yes,yes,no,yes
notes/HTTP.md,44,markdown_inline,link,七、HTTP/2.0,#七http20,#七http20,,七http20,notes/HTTP.md,relative,anchor,yes,no,yes,yes,yes,no,yes
notes/HTTP.md,45,markdown_inline,link,HTTP/1.x 缺陷,#http1x-缺陷,#http1x-缺陷,,http1x-缺陷,notes/HTTP.md,relative,anchor,yes,no,yes,yes,yes,no,yes
notes/HTTP.md,46,markdown_inline,link,二进制分帧层,#二进制分帧层,#二进制分帧层,,二进制分帧层,notes/HTTP.md,relative,anchor,yes,no,yes,yes,yes,no,yes
notes/HTTP.md,47,markdown_inline,link,服务端推送,#服务端推送,#服务端推送,,服务端推送,notes/HTTP.md,relative,anchor,yes,no,yes,yes,yes,no,yes
notes/HTTP.md,48,markdown_inline,link,首部压缩,#首部压缩,#首部压缩,,首部压缩,notes/HTTP.md,relative,anchor,yes,no,yes,yes,yes,no,yes
notes/HTTP.md,49,markdown_inline,link,八、HTTP/1.1 新特性,#八http11-新特性,#八http11-新特性,,八http11-新特性,notes/HTTP.md,relative,anchor,yes,no,yes,yes,yes,no,yes
notes/HTTP.md,50,markdown_inline,link,九、GET 和 POST 比较,#九get-和-post-比较,#九get-和-post-比较,,九get-和-post-比较,notes/HTTP.md,relative,anchor,yes,no,yes,yes,yes,no,yes
notes/HTTP.md,51,markdown_inline,link,作用,#作用,#作用,,作用,notes/HTTP.md,relative,anchor,yes,no,yes,yes,yes,no,yes
notes/HTTP.md,52,markdown_inline,link,参数,#参数,#参数,,参数,notes/HTTP.md,relative,anchor,yes,no,yes,yes,yes,no,yes
notes/HTTP.md,53,markdown_inline,link,安全,#安全,#安全,,安全,notes/HTTP.md,relative,anchor,yes,no,yes,yes,yes,no,yes
notes/HTTP.md,54,markdown_inline,link,幂等性,#幂等性,#幂等性,,幂等性,notes/HTTP.md,relative,anchor,yes,no,yes,yes,yes,no,yes
notes/HTTP.md,55,markdown_inline,link,可缓存,#可缓存,#可缓存,,可缓存,notes/HTTP.md,relative,anchor,yes,no,yes,yes,yes,no,yes
notes/HTTP.md,56,markdown_inline,link,XMLHttpRequest,#xmlhttprequest,#xmlhttprequest,,xmlhttprequest,notes/HTTP.md,relative,anchor,yes,no,no,no,no,no,no
notes/HTTP.md,57,markdown_inline,link,参考资料,#参考资料,#参考资料,,参考资料,notes/HTTP.md,relative,anchor,yes,no,yes,yes,yes,no,yes
notes/Java IO.md,3,markdown_inline,link,Java IO,#java-io,#java-io,,java-io,notes/Java IO.md,relative,anchor,yes,no,no,no,no,no,no
notes/Java IO.md,4,markdown_inline,link,一、概览,#一概览,#一概览,,一概览,notes/Java IO.md,relative,anchor,yes,no,yes,yes,yes,no,yes
notes/Java IO.md,5,markdown_inline,link,二、磁盘操作,#二磁盘操作,#二磁盘操作,,二磁盘操作,notes/Java IO.md,relative,anchor,yes,no,yes,yes,yes,no,yes
notes/Java IO.md,6,markdown_inline,link,三、字节操作,#三字节操作,#三字节操作,,三字节操作,notes/Java IO.md,relative,anchor,yes,no,yes,yes,yes,no,yes
notes/Java IO.md,7,markdown_inline,link,实现文件复制,#实现文件复制,#实现文件复制,,实现文件复制,notes/Java IO.md,relative,anchor,yes,no,yes,yes,yes,no,yes
notes/Java IO.md,8,markdown_inline,link,装饰者模式,#装饰者模式,#装饰者模式,,装饰者模式,notes/Java IO.md,relative,anchor,yes,no,yes,yes,yes,no,yes
notes/Java IO.md,9,markdown_inline,link,四、字符操作,#四字符操作,#四字符操作,,四字符操作,notes/Java IO.md,relative,anchor,yes,no,yes,yes,yes,no,yes
notes/Java IO.md,10,markdown_inline,link,编码与解码,#编码与解码,#编码与解码,,编码与解码,notes/Java IO.md,relative,anchor,yes,no,yes,yes,yes,no,yes
notes/Java IO.md,11,markdown_inline,link,String 的编码方式,#string-的编码方式,#string-的编码方式,,string-的编码方式,notes/Java IO.md,relative,anchor,yes,no,yes,yes,yes,no,yes
notes/Java IO.md,12,markdown_inline,link,Reader 与 Writer,#reader-与-writer,#reader-与-writer,,reader-与-writer,notes/Java IO.md,relative,anchor,yes,no,yes,yes,yes,no,yes
notes/Java IO.md,13,markdown_inline,link,实现逐行输出文本文件的内容,#实现逐行输出文本文件的内容,#实现逐行输出文本文件的内容,,实现逐行输出文本文件的内容,notes/Java IO.md,relative,anchor,yes,no,yes,yes,yes,no,yes
notes/Java IO.md,14,markdown_inline,link,五、对象操作,#五对象操作,#五对象操作,,五对象操作,notes/Java IO.md,relative,anchor,yes,no,yes,yes,yes,no,yes
notes/Java IO.md,15,markdown_inline,link,序列化,#序列化,#序列化,,序列化,notes/Java IO.md,relative,anchor,yes,no,yes,yes,yes,no,yes
notes/Java IO.md,16,markdown_inline,link,Serializable,#serializable,#serializable,,serializable,notes/Java IO.md,relative,anchor,yes,no,no,no,no,no,no
notes/Java IO.md,17,markdown_inline,link,transient,#transient,#transient,,transient,notes/Java IO.md,relative,anchor,yes,no,no,no,no,no,no
notes/Java IO.md,18,markdown_inline,link,六、网络操作,#六网络操作,#六网络操作,,六网络操作,notes/Java IO.md,relative,anchor,yes,no,yes,yes,yes,no,yes
notes/Java IO.md,19,markdown_inline,link,InetAddress,#inetaddress,#inetaddress,,inetaddress,notes/Java IO.md,relative,anchor,yes,no,no,no,no,no,no
notes/Java IO.md,20,markdown_inline,link,URL,#url,#url,,url,notes/Java IO.md,relative,anchor,yes,no,no,no,no,no,no
notes/Java IO.md,21,markdown_inline,link,Sockets,#sockets,#sockets,,sockets,notes/Java IO.md,relative,anchor,yes,no,no,no,no,no,no
notes/Java IO.md,22,markdown_inline,link,Datagram,#datagram,#datagram,,datagram,notes/Java IO.md,relative,anchor,yes,no,no,no,no,no,no
notes/Java IO.md,23,markdown_inline,link,七、NIO,#七nio,#七nio,,七nio,notes/Java IO.md,relative,anchor,yes,no,yes,yes,yes,no,yes
notes/Java IO.md,24,markdown_inline,link,流与块,#流与块,#流与块,,流与块,notes/Java IO.md,relative,anchor,yes,no,yes,yes,yes,no,yes
notes/Java IO.md,25,markdown_inline,link,通道与缓冲区,#通道与缓冲区,#通道与缓冲区,,通道与缓冲区,notes/Java IO.md,relative,anchor,yes,no,yes,yes,yes,no,yes
notes/Java IO.md,26,markdown_inline,link,缓冲区状态变量,#缓冲区状态变量,#缓冲区状态变量,,缓冲区状态变量,notes/Java IO.md,relative,anchor,yes,no,yes,yes,yes,no,yes
notes/Java IO.md,27,markdown_inline,link,文件 NIO 实例,#文件-nio-实例,#文件-nio-实例,,文件-nio-实例,notes/Java IO.md,relative,anchor,yes,no,yes,yes,yes,no,yes
notes/Java IO.md,28,markdown_inline,link,选择器,#选择器,#选择器,,选择器,notes/Java IO.md,relative,anchor,yes,no,yes,yes,yes,no,yes
notes/Java IO.md,29,markdown_inline,link,套接字 NIO 实例,#套接字-nio-实例,#套接字-nio-实例,,套接字-nio-实例,notes/Java IO.md,relative,anchor,yes,no,yes,yes,yes,no,yes
notes/Java IO.md,30,markdown_inline,link,内存映射文件,#内存映射文件,#内存映射文件,,内存映射文件,notes/Java IO.md,relative,anchor,yes,no,yes,yes,yes,no,yes
notes/Java IO.md,31,markdown_inline,link,对比,#对比,#对比,,对比,notes/Java IO.md,relative,anchor,yes,no,yes,yes,yes,no,yes
notes/Java IO.md,32,markdown_inline,link,八、参考资料,#八参考资料,#八参考资料,,八参考资料,notes/Java IO.md,relative,anchor,yes,no,yes,yes,yes,no,yes
notes/Java 基础.md,3,markdown_inline,link,Java 基础,#java-基础,#java-基础,,java-基础,notes/Java 基础.md,relative,anchor,yes,no,yes,yes,yes,no,yes
notes/Java 基础.md,4,markdown_inline,link,一、数据类型,#一数据类型,#一数据类型,,一数据类型,notes/Java 基础.md,relative,anchor,yes,no,yes,yes,yes,no,yes
notes/Java 基础.md,5,markdown_inline,link,基本类型,#基本类型,#基本类型,,基本类型,notes/Java 基础.md,relative,anchor,yes,no,yes,yes,yes,no,yes
notes/Java 基础.md,6,markdown_inline,link,包装类型,#包装类型,#包装类型,,包装类型,notes/Java 基础.md,relative,anchor,yes,no,yes,yes,yes,no,yes
notes/Java 基础.md,7,markdown_inline,link,缓存池,#缓存池,#缓存池,,缓存池,notes/Java 基础.md,relative,anchor,yes,no,yes,yes,yes,no,yes
notes/Java 基础.md,8,markdown_inline,link,二、String,#二string,#二string,,二string,notes/Java 基础.md,relative,anchor,yes,no,yes,yes,yes,no,yes
notes/Java 基础.md,9,markdown_inline,link,概览,#概览,#概览,,概览,notes/Java 基础.md,relative,anchor,yes,no,yes,yes,yes,no,yes
notes/Java 基础.md,10,markdown_inline,link,不可变的好处,#不可变的好处,#不可变的好处,,不可变的好处,notes/Java 基础.md,relative,anchor,yes,no,yes,yes,yes,no,yes
notes/Java 基础.md,11,markdown_inline,link,"String, StringBuffer and StringBuilder	",#string-stringbuffer-and-stringbuilder,#string-stringbuffer-and-stringbuilder,,string-stringbuffer-and-stringbuilder,notes/Java 基础.md,relative,anchor,yes,no,no,no,no,no,no
notes/Java 基础.md,12,markdown_inline,link,String Pool,#string-pool,#string-pool,,string-pool,notes/Java 基础.md,relative,anchor,yes,no,no,no,no,no,no
notes/Java 基础.md,13,markdown_inline,link,"new String(""abc"")",#new-stringabc,#new-stringabc,,new-stringabc,notes/Java 基础.md,relative,anchor,yes,no,no,no,no,no,no
notes/Java 基础.md,14,markdown_inline,link,三、运算,#三运算,#三运算,,三运算,notes/Java 基础.md,relative,anchor,yes,no,yes,yes,yes,no,yes
notes/Java 基础.md,15,markdown_inline,link,参数传递,#参数传递,#参数传递,,参数传递,notes/Java 基础.md,relative,anchor,yes,no,yes,yes,yes,no,yes
notes/Java 基础.md,16,markdown_inline,link,float 与 double,#float-与-double,#float-与-double,,float-与-double,notes/Java 基础.md,relative,anchor,yes,no,yes,yes,yes,no,yes
notes/Java 基础.md,17,markdown_inline,link,隐式类型转换,#隐式类型转换,#隐式类型转换,,隐式类型转换,notes/Java 基础.md,relative,anchor,yes,no,yes,yes,yes,no,yes
notes/Java 基础.md,18,markdown_inline,link,switch,#switch,#switch,,switch,notes/Java 基础.md,relative,anchor,yes,no,no,no,no,no,no
notes/Java 基础.md,19,markdown_inline,link,四、关键字,#四关键字,#四关键字,,四关键字,notes/Java 基础.md,relative,anchor,yes,no,yes,yes,yes,no,yes
notes/Java 基础.md,20,markdown_inline,link,final,#final,#final,,final,notes/Java 基础.md,relative,anchor,yes,no,no,no,no,no,no
notes/Java 基础.md,21,markdown_inline,link,static,#static,#static,,static,notes/Java 基础.md,relative,anchor,yes,no,no,no,no,no,no
notes/Java 基础.md,22,markdown_inline,link,五、Object 通用方法,#五object-通用方法,#五object-通用方法,,五object-通用方法,notes/Java 基础.md,relative,anchor,yes,no,yes,yes,yes,no,yes
notes/Java 基础.md,23,markdown_inline,link,概览,#概览,#概览,,概览,notes/Java 基础.md,relative,anchor,yes,no,yes,yes,yes,no,yes
notes/Java 基础.md,24,markdown_inline,link,equals(),#equals,#equals,,equals,notes/Java 基础.md,relative,anchor,yes,no,no,no,no,no,no
notes/Java 基础.md,25,markdown_inline,link,hashCode(),#hashcode,#hashcode,,hashcode,notes/Java 基础.md,relative,anchor,yes,no,no,no,no,no,no
notes/Java 基础.md,26,markdown_inline,link,toString(),#tostring,#tostring,,tostring,notes/Java 基础.md,relative,anchor,yes,no,no,no,no,no,no
notes/Java 基础.md,27,markdown_inline,link,clone(),#clone,#clone,,clone,notes/Java 基础.md,relative,anchor,yes,no,no,no,no,no,no
notes/Java 基础.md,28,markdown_inline,link,六、继承,#六继承,#六继承,,六继承,notes/Java 基础.md,relative,anchor,yes,no,yes,yes,yes,no,yes
notes/Java 基础.md,29,markdown_inline,link,访问权限,#访问权限,#访问权限,,访问权限,notes/Java 基础.md,relative,anchor,yes,no,yes,yes,yes,no,yes
notes/Java 基础.md,30,markdown_inline,link,抽象类与接口,#抽象类与接口,#抽象类与接口,,抽象类与接口,notes/Java 基础.md,relative,anchor,yes,no,yes,yes,yes,no,yes
notes/Java 基础.md,31,markdown_inline,link,super,#super,#super,,super,notes/Java 基础.md,relative,anchor,yes,no,no,no,no,no,no
notes/Java 基础.md,32,markdown_inline,link,重写与重载,#重写与重载,#重写与重载,,重写与重载,notes/Java 基础.md,relative,anchor,yes,no,yes,yes,yes,no,yes
notes/Java 基础.md,33,markdown_inline,link,七、反射,#七反射,#七反射,,七反射,notes/Java 基础.md,relative,anchor,yes,no,yes,yes,yes,no,yes
notes/Java 基础.md,34,markdown_inline,link,八、异常,#八异常,#八异常,,八异常,notes/Java 基础.md,relative,anchor,yes,no,yes,yes,yes,no,yes
notes/Java 基础.md,35,markdown_inline,link,九、泛型,#九泛型,#九泛型,,九泛型,notes/Java 基础.md,relative,anchor,yes,no,yes,yes,yes,no,yes
notes/Java 基础.md,36,markdown_inline,link,十、注解,#十注解,#十注解,,十注解,notes/Java 基础.md,relative,anchor,yes,no,yes,yes,yes,no,yes
notes/Java 基础.md,37,markdown_inline,link,十一、特性,#十一特性,#十一特性,,十一特性,notes/Java 基础.md,relative,anchor,yes,no,yes,yes,yes,no,yes
notes/Java 基础.md,38,markdown_inline,link,Java 各版本的新特性,#java-各版本的新特性,#java-各版本的新特性,,java-各版本的新特性,notes/Java 基础.md,relative,anchor,yes,no,yes,yes,yes,no,yes
notes/Java 基础.md,39,markdown_inline,link,Java 与 C++ 的区别,#java-与-c-的区别,#java-与-c-的区别,,java-与-c-的区别,notes/Java 基础.md,relative,anchor,yes,no,yes,yes,yes,no,yes
notes/Java 基础.md,40,markdown_inline,link,JRE or JDK,#jre-or-jdk,#jre-or-jdk,,jre-or-jdk,notes/Java 基础.md,relative,anchor,yes,no,no,no,no,no,no
notes/Java 基础.md,41,markdown_inline,link,参考资料,#参考资料,#参考资料,,参考资料,notes/Java 基础.md,relative,anchor,yes,no,yes,yes,yes,no,yes
notes/Java 容器.md,3,markdown_inline,link,Java 容器,#java-容器,#java-容器,,java-容器,notes/Java 容器.md,relative,anchor,yes,no,yes,yes,yes,no,yes
notes/Java 容器.md,4,markdown_inline,link,一、概览,#一概览,#一概览,,一概览,notes/Java 容器.md,relative,anchor,yes,no,yes,yes,yes,no,yes
notes/Java 容器.md,5,markdown_inline,link,Collection,#collection,#collection,,collection,notes/Java 容器.md,relative,anchor,yes,no,no,no,no,no,no
notes/Java 容器.md,6,markdown_inline,link,Map,#map,#map,,map,notes/Java 容器.md,relative,anchor,yes,no,no,no,no,no,no
notes/Java 容器.md,7,markdown_inline,link,二、容器中的设计模式,#二容器中的设计模式,#二容器中的设计模式,,二容器中的设计模式,notes/Java 容器.md,relative,anchor,yes,no,yes,yes,yes,no,yes
notes/Java 容器.md,8,markdown_inline,link,迭代器模式,#迭代器模式,#迭代器模式,,迭代器模式,notes/Java 容器.md,relative,anchor,yes,no,yes,yes,yes,no,yes
notes/Java 容器.md,9,markdown_inline,link,适配器模式,#适配器模式,#适配器模式,,适配器模式,notes/Java 容器.md,relative,anchor,yes,no,yes,yes,yes,no,yes
notes/Java 容器.md,10,markdown_inline,link,三、源码分析,#三源码分析,#三源码分析,,三源码分析,notes/Java 容器.md,relative,anchor,yes,no,yes,yes,yes,no,yes
notes/Java 容器.md,11,markdown_inline,link,ArrayList,#arraylist,#arraylist,,arraylist,notes/Java 容器.md,relative,anchor,yes,no,no,no,no,no,no
notes/Java 容器.md,12,markdown_inline,link,Vector,#vector,#vector,,vector,notes/Java 容器.md,relative,anchor,yes,no,no,no,no,no,no
notes/Java 容器.md,13,markdown_inline,link,CopyOnWriteArrayList,#copyonwritearraylist,#copyonwritearraylist,,copyonwritearraylist,notes/Java 容器.md,relative,anchor,yes,no,no,no,no,no,no
notes/Java 容器.md,14,markdown_inline,link,LinkedList,#linkedlist,#linkedlist,,linkedlist,notes/Java 容器.md,relative,anchor,yes,no,no,no,no,no,no
notes/Java 容器.md,15,markdown_inline,link,HashMap,#hashmap,#hashmap,,hashmap,notes/Java 容器.md,relative,anchor,yes,no,no,no,no,no,no
notes/Java 容器.md,16,markdown_inline,link,ConcurrentHashMap,#concurrenthashmap,#concurrenthashmap,,concurrenthashmap,notes/Java 容器.md,relative,anchor,yes,no,no,no,no,no,no
notes/Java 容器.md,17,markdown_inline,link,LinkedHashMap,#linkedhashmap,#linkedhashmap,,linkedhashmap,notes/Java 容器.md,relative,anchor,yes,no,no,no,no,no,no
notes/Java 容器.md,18,markdown_inline,link,WeakHashMap,#weakhashmap,#weakhashmap,,weakhashmap,notes/Java 容器.md,relative,anchor,yes,no,no,no,no,no,no
notes/Java 容器.md,19,markdown_inline,link,参考资料,#参考资料,#参考资料,,参考资料,notes/Java 容器.md,relative,anchor,yes,no,yes,yes,yes,no,yes
notes/Java 并发.md,3,markdown_inline,link,Java 并发,#java-并发,#java-并发,,java-并发,notes/Java 并发.md,relative,anchor,yes,no,yes,yes,yes,no,yes
notes/Java 并发.md,4,markdown_inline,link,一、使用线程,#一使用线程,#一使用线程,,一使用线程,notes/Java 并发.md,relative,anchor,yes,no,yes,yes,yes,no,yes
notes/Java 并发.md,5,markdown_inline,link,实现 Runnable 接口,#实现-runnable-接口,#实现-runnable-接口,,实现-runnable-接口,notes/Java 并发.md,relative,anchor,yes,no,yes,yes,yes,no,yes
notes/Java 并发.md,6,markdown_inline,link,实现 Callable 接口,#实现-callable-接口,#实现-callable-接口,,实现-callable-接口,notes/Java 并发.md,relative,anchor,yes,no,yes,yes,yes,no,yes
notes/Java 并发.md,7,markdown_inline,link,继承 Thread 类,#继承-thread-类,#继承-thread-类,,继承-thread-类,notes/Java 并发.md,relative,anchor,yes,no,yes,yes,yes,no,yes
notes/Java 并发.md,8,markdown_inline,link,实现接口 VS 继承 Thread,#实现接口-vs-继承-thread,#实现接口-vs-继承-thread,,实现接口-vs-继承-thread,notes/Java 并发.md,relative,anchor,yes,no,yes,yes,yes,no,yes
notes/Java 并发.md,9,markdown_inline,link,二、基础线程机制,#二基础线程机制,#二基础线程机制,,二基础线程机制,notes/Java 并发.md,relative,anchor,yes,no,yes,yes,yes,no,yes
notes/Java 并发.md,10,markdown_inline,link,Executor,#executor,#executor,,executor,notes/Java 并发.md,relative,anchor,yes,no,no,no,no,no,no
notes/Java 并发.md,11,markdown_inline,link,Daemon,#daemon,#daemon,,daemon,notes/Java 并发.md,relative,anchor,yes,no,no,no,no,no,no
notes/Java 并发.md,12,markdown_inline,link,sleep(),#sleep,#sleep,,sleep,notes/Java 并发.md,relative,anchor,yes,no,no,no,no,no,no
notes/Java 并发.md,13,markdown_inline,link,yield(),#yield,#yield,,yield,notes/Java 并发.md,relative,anchor,yes,no,no,no,no,no,no
notes/Java 并发.md,14,markdown_inline,link,三、中断,#三中断,#三中断,,三中断,notes/Java 并发.md,relative,anchor,yes,no,yes,yes,yes,no,yes
notes/Java 并发.md,15,markdown_inline,link,InterruptedException,#interruptedexception,#interruptedexception,,interruptedexception,notes/Java 并发.md,relative,anchor,yes,no,no,no,no,no,no
notes/Java 并发.md,16,markdown_inline,link,interrupted(),#interrupted,#interrupted,,interrupted,notes/Java 并发.md,relative,anchor,yes,no,no,no,no,no,no
notes/Java 并发.md,17,markdown_inline,link,Executor 的中断操作,#executor-的中断操作,#executor-的中断操作,,executor-的中断操作,notes/Java 并发.md,relative,anchor,yes,no,yes,yes,yes,no,yes
notes/Java 并发.md,18,markdown_inline,link,四、互斥同步,#四互斥同步,#四互斥同步,,四互斥同步,notes/Java 并发.md,relative,anchor,yes,no,yes,yes,yes,no,yes
notes/Java 并发.md,19,markdown_inline,link,synchronized,#synchronized,#synchronized,,synchronized,notes/Java 并发.md,relative,anchor,yes,no,no,no,no,no,no
notes/Java 并发.md,20,markdown_inline,link,ReentrantLock,#reentrantlock,#reentrantlock,,reentrantlock,notes/Java 并发.md,relative,anchor,yes,no,no,no,no,no,no
notes/Java 并发.md,21,markdown_inline,link,比较,#比较,#比较,,比较,notes/Java 并发.md,relative,anchor,yes,no,yes,yes,yes,no,yes
notes/Java 并发.md,22,markdown_inline,link,使用选择,#使用选择,#使用选择,,使用选择,notes/Java 并发.md,relative,anchor,yes,no,yes,yes,yes,no,yes
notes/Java 并发.md,23,markdown_inline,link,五、线程之间的协作,#五线程之间的协作,#五线程之间的协作,,五线程之间的协作,notes/Java 并发.md,relative,anchor,yes,no,yes,yes,yes,no,yes
notes/Java 并发.md,24,markdown_inline,link,join(),#join,#join,,join,notes/Java 并发.md,relative,anchor,yes,no,no,no,no,no,no
notes/Java 并发.md,25,markdown_inline,link,wait() notify() notifyAll(),#wait-notify-notifyall,#wait-notify-notifyall,,wait-notify-notifyall,notes/Java 并发.md,relative,anchor,yes,no,no,no,no,no,no
notes/Java 并发.md,26,markdown_inline,link,await() signal() signalAll(),#await-signal-signalall,#await-signal-signalall,,await-signal-signalall,notes/Java 并发.md,relative,anchor,yes,no,no,no,no,no,no
notes/Java 并发.md,27,markdown_inline,link,六、线程状态,#六线程状态,#六线程状态,,六线程状态,notes/Java 并发.md,relative,anchor,yes,no,yes,yes,yes,no,yes
notes/Java 并发.md,28,markdown_inline,link,新建（NEW）,#新建new,#新建new,,新建new,notes/Java 并发.md,relative,anchor,yes,no,yes,yes,yes,no,yes
notes/Java 并发.md,29,markdown_inline,link,可运行（RUNABLE）,#可运行runable,#可运行runable,,可运行runable,notes/Java 并发.md,relative,anchor,yes,no,yes,yes,yes,no,yes
notes/Java 并发.md,30,markdown_inline,link,阻塞（BLOCKED）,#阻塞blocked,#阻塞blocked,,阻塞blocked,notes/Java 并发.md,relative,anchor,yes,no,yes,yes,yes,no,yes
notes/Java 并发.md,31,markdown_inline,link,无限期等待（WAITING）,#无限期等待waiting,#无限期等待waiting,,无限期等待waiting,notes/Java 并发.md,relative,anchor,yes,no,yes,yes,yes,no,yes
notes/Java 并发.md,32,markdown_inline,link,限期等待（TIMED_WAITING）,#限期等待timed_waiting,#限期等待timed_waiting,,限期等待timed_waiting,notes/Java 并发.md,relative,anchor,yes,no,yes,yes,yes,no,yes
notes/Java 并发.md,33,markdown_inline,link,死亡（TERMINATED）,#死亡terminated,#死亡terminated,,死亡terminated,notes/Java 并发.md,relative,anchor,yes,no,yes,yes,yes,no,yes
notes/Java 并发.md,34,markdown_inline,link,七、J.U.C - AQS,#七juc---aqs,#七juc---aqs,,七juc---aqs,notes/Java 并发.md,relative,anchor,yes,no,yes,yes,yes,no,yes
notes/Java 并发.md,35,markdown_inline,link,CountDownLatch,#countdownlatch,#countdownlatch,,countdownlatch,notes/Java 并发.md,relative,anchor,yes,no,no,no,no,no,no
notes/Java 并发.md,36,markdown_inline,link,CyclicBarrier,#cyclicbarrier,#cyclicbarrier,,cyclicbarrier,notes/Java 并发.md,relative,anchor,yes,no,no,no,no,no,no
notes/Java 并发.md,37,markdown_inline,link,Semaphore,#semaphore,#semaphore,,semaphore,notes/Java 并发.md,relative,anchor,yes,no,no,no,no,no,no
notes/Java 并发.md,38,markdown_inline,link,八、J.U.C - 其它组件,#八juc---其它组件,#八juc---其它组件,,八juc---其它组件,notes/Java 并发.md,relative,anchor,yes,no,yes,yes,yes,no,yes
notes/Java 并发.md,39,markdown_inline,link,FutureTask,#futuretask,#futuretask,,futuretask,notes/Java 并发.md,relative,anchor,yes,no,no,no,no,no,no
notes/Java 并发.md,40,markdown_inline,link,BlockingQueue,#blockingqueue,#blockingqueue,,blockingqueue,notes/Java 并发.md,relative,anchor,yes,no,no,no,no,no,no
notes/Java 并发.md,41,markdown_inline,link,ForkJoin,#forkjoin,#forkjoin,,forkjoin,notes/Java 并发.md,relative,anchor,yes,no,no,no,no,no,no
notes/Java 并发.md,42,markdown_inline,link,九、线程不安全示例,#九线程不安全示例,#九线程不安全示例,,九线程不安全示例,notes/Java 并发.md,relative,anchor,yes,no,yes,yes,yes,no,yes
notes/Java 并发.md,43,markdown_inline,link,十、Java 内存模型,#十java-内存模型,#十java-内存模型,,十java-内存模型,notes/Java 并发.md,relative,anchor,yes,no,yes,yes,yes,no,yes
notes/Java 并发.md,44,markdown_inline,link,主内存与工作内存,#主内存与工作内存,#主内存与工作内存,,主内存与工作内存,notes/Java 并发.md,relative,anchor,yes,no,yes,yes,yes,no,yes
notes/Java 并发.md,45,markdown_inline,link,内存间交互操作,#内存间交互操作,#内存间交互操作,,内存间交互操作,notes/Java 并发.md,relative,anchor,yes,no,yes,yes,yes,no,yes
notes/Java 并发.md,46,markdown_inline,link,内存模型三大特性,#内存模型三大特性,#内存模型三大特性,,内存模型三大特性,notes/Java 并发.md,relative,anchor,yes,no,yes,yes,yes,no,yes
notes/Java 并发.md,47,markdown_inline,link,先行发生原则,#先行发生原则,#先行发生原则,,先行发生原则,notes/Java 并发.md,relative,anchor,yes,no,yes,yes,yes,no,yes
notes/Java 并发.md,48,markdown_inline,link,十一、线程安全,#十一线程安全,#十一线程安全,,十一线程安全,notes/Java 并发.md,relative,anchor,yes,no,yes,yes,yes,no,yes
notes/Java 并发.md,49,markdown_inline,link,不可变,#不可变,#不可变,,不可变,notes/Java 并发.md,relative,anchor,yes,no,yes,yes,yes,no,yes
notes/Java 并发.md,50,markdown_inline,link,互斥同步,#互斥同步,#互斥同步,,互斥同步,notes/Java 并发.md,relative,anchor,yes,no,yes,yes,yes,no,yes
notes/Java 并发.md,51,markdown_inline,link,非阻塞同步,#非阻塞同步,#非阻塞同步,,非阻塞同步,notes/Java 并发.md,relative,anchor,yes,no,yes,yes,yes,no,yes
notes/Java 并发.md,52,markdown_inline,link,无同步方案,#无同步方案,#无同步方案,,无同步方案,notes/Java 并发.md,relative,anchor,yes,no,yes,yes,yes,no,yes
notes/Java 并发.md,53,markdown_inline,link,十二、锁优化,#十二锁优化,#十二锁优化,,十二锁优化,notes/Java 并发.md,relative,anchor,yes,no,yes,yes,yes,no,yes
notes/Java 并发.md,54,markdown_inline,link,自旋锁,#自旋锁,#自旋锁,,自旋锁,notes/Java 并发.md,relative,anchor,yes,no,yes,yes,yes,no,yes
notes/Java 并发.md,55,markdown_inline,link,锁消除,#锁消除,#锁消除,,锁消除,notes/Java 并发.md,relative,anchor,yes,no,yes,yes,yes,no,yes
notes/Java 并发.md,56,markdown_inline,link,锁粗化,#锁粗化,#锁粗化,,锁粗化,notes/Java 并发.md,relative,anchor,yes,no,yes,yes,yes,no,yes
notes/Java 并发.md,57,markdown_inline,link,轻量级锁,#轻量级锁,#轻量级锁,,轻量级锁,notes/Java 并发.md,relative,anchor,yes,no,yes,yes,yes,no,yes
notes/Java 并发.md,58,markdown_inline,link,偏向锁,#偏向锁,#偏向锁,,偏向锁,notes/Java 并发.md,relative,anchor,yes,no,yes,yes,yes,no,yes
notes/Java 并发.md,59,markdown_inline,link,十三、多线程开发良好的实践,#十三多线程开发良好的实践,#十三多线程开发良好的实践,,十三多线程开发良好的实践,notes/Java 并发.md,relative,anchor,yes,no,yes,yes,yes,no,yes
notes/Java 并发.md,60,markdown_inline,link,参考资料,#参考资料,#参考资料,,参考资料,notes/Java 并发.md,relative,anchor,yes,no,yes,yes,yes,no,yes
notes/Java 虚拟机.md,3,markdown_inline,link,Java 虚拟机,#java-虚拟机,#java-虚拟机,,java-虚拟机,notes/Java 虚拟机.md,relative,anchor,yes,no,yes,yes,yes,no,yes
notes/Java 虚拟机.md,4,markdown_inline,link,一、运行时数据区域,#一运行时数据区域,#一运行时数据区域,,一运行时数据区域,notes/Java 虚拟机.md,relative,anchor,yes,no,yes,yes,yes,no,yes
notes/Java 虚拟机.md,5,markdown_inline,link,程序计数器,#程序计数器,#程序计数器,,程序计数器,notes/Java 虚拟机.md,relative,anchor,yes,no,yes,yes,yes,no,yes
notes/Java 虚拟机.md,6,markdown_inline,link,Java 虚拟机栈,#java-虚拟机栈,#java-虚拟机栈,,java-虚拟机栈,notes/Java 虚拟机.md,relative,anchor,yes,no,yes,yes,yes,no,yes
notes/Java 虚拟机.md,7,markdown_inline,link,本地方法栈,#本地方法栈,#本地方法栈,,本地方法栈,notes/Java 虚拟机.md,relative,anchor,yes,no,yes,yes,yes,no,yes
notes/Java 虚拟机.md,8,markdown_inline,link,堆,#堆,#堆,,堆,notes/Java 虚拟机.md,relative,anchor,yes,no,yes,yes,yes,no,yes
notes/Java 虚拟机.md,9,markdown_inline,link,方法区,#方法区,#方法区,,方法区,notes/Java 虚拟机.md,relative,anchor,yes,no,yes,yes,yes,no,yes
notes/Java 虚拟机.md,10,markdown_inline,link,运行时常量池,#运行时常量池,#运行时常量池,,运行时常量池,notes/Java 虚拟机.md,relative,anchor,yes,no,yes,yes,yes,no,yes
notes/Java 虚拟机.md,11,markdown_inline,link,直接内存,#直接内存,#直接内存,,直接内存,notes/Java 虚拟机.md,relative,anchor,yes,no,yes,yes,yes,no,yes
notes/Java 虚拟机.md,12,markdown_inline,link,二、垃圾收集,#二垃圾收集,#二垃圾收集,,二垃圾收集,notes/Java 虚拟机.md,relative,anchor,yes,no,yes,yes,yes,no,yes
notes/Java 虚拟机.md,13,markdown_inline,link,判断一个对象是否可被回收,#判断一个对象是否可被回收,#判断一个对象是否可被回收,,判断一个对象是否可被回收,notes/Java 虚拟机.md,relative,anchor,yes,no,yes,yes,yes,no,yes
notes/Java 虚拟机.md,14,markdown_inline,link,引用类型,#引用类型,#引用类型,,引用类型,notes/Java 虚拟机.md,relative,anchor,yes,no,yes,yes,yes,no,yes
notes/Java 虚拟机.md,15,markdown_inline,link,垃圾收集算法,#垃圾收集算法,#垃圾收集算法,,垃圾收集算法,notes/Java 虚拟机.md,relative,anchor,yes,no,yes,yes,yes,no,yes
notes/Java 虚拟机.md,16,markdown_inline,link,垃圾收集器,#垃圾收集器,#垃圾收集器,,垃圾收集器,notes/Java 虚拟机.md,relative,anchor,yes,no,yes,yes,yes,no,yes
notes/Java 虚拟机.md,17,markdown_inline,link,三、内存分配与回收策略,#三内存分配与回收策略,#三内存分配与回收策略,,三内存分配与回收策略,notes/Java 虚拟机.md,relative,anchor,yes,no,yes,yes,yes,no,yes
notes/Java 虚拟机.md,18,markdown_inline,link,Minor GC 和 Full GC,#minor-gc-和-full-gc,#minor-gc-和-full-gc,,minor-gc-和-full-gc,notes/Java 虚拟机.md,relative,anchor,yes,no,yes,yes,yes,no,yes
notes/Java 虚拟机.md,19,markdown_inline,link,内存分配策略,#内存分配策略,#内存分配策略,,内存分配策略,notes/Java 虚拟机.md,relative,anchor,yes,no,yes,yes,yes,no,yes
notes/Java 虚拟机.md,20,markdown_inline,link,Full GC 的触发条件,#full-gc-的触发条件,#full-gc-的触发条件,,full-gc-的触发条件,notes/Java 虚拟机.md,relative,anchor,yes,no,yes,yes,yes,no,yes
notes/Java 虚拟机.md,21,markdown_inline,link,四、类加载机制,#四类加载机制,#四类加载机制,,四类加载机制,notes/Java 虚拟机.md,relative,anchor,yes,no,yes,yes,yes,no,yes
notes/Java 虚拟机.md,22,markdown_inline,link,类的生命周期,#类的生命周期,#类的生命周期,,类的生命周期,notes/Java 虚拟机.md,relative,anchor,yes,no,yes,yes,yes,no,yes
notes/Java 虚拟机.md,23,markdown_inline,link,类加载过程,#类加载过程,#类加载过程,,类加载过程,notes/Java 虚拟机.md,relative,anchor,yes,no,yes,yes,yes,no,yes
notes/Java 虚拟机.md,24,markdown_inline,link,类初始化时机,#类初始化时机,#类初始化时机,,类初始化时机,notes/Java 虚拟机.md,relative,anchor,yes,no,yes,yes,yes,no,yes
notes/Java 虚拟机.md,25,markdown_inline,link,类与类加载器,#类与类加载器,#类与类加载器,,类与类加载器,notes/Java 虚拟机.md,relative,anchor,yes,no,yes,yes,yes,no,yes
notes/Java 虚拟机.md,26,markdown_inline,link,类加载器分类,#类加载器分类,#类加载器分类,,类加载器分类,notes/Java 虚拟机.md,relative,anchor,yes,no,yes,yes,yes,no,yes
notes/Java 虚拟机.md,27,markdown_inline,link,双亲委派模型,#双亲委派模型,#双亲委派模型,,双亲委派模型,notes/Java 虚拟机.md,relative,anchor,yes,no,yes,yes,yes,no,yes
notes/Java 虚拟机.md,28,markdown_inline,link,自定义类加载器实现,#自定义类加载器实现,#自定义类加载器实现,,自定义类加载器实现,notes/Java 虚拟机.md,relative,anchor,yes,no,yes,yes,yes,no,yes
notes/Java 虚拟机.md,29,markdown_inline,link,参考资料,#参考资料,#参考资料,,参考资料,notes/Java 虚拟机.md,relative,anchor,yes,no,yes,yes,yes,no,yes
notes/Leetcode 题解 - 二分查找.md,3,markdown_inline,link,Leetcode 题解 - 二分查找,#leetcode-题解---二分查找,#leetcode-题解---二分查找,,leetcode-题解---二分查找,notes/Leetcode 题解 - 二分查找.md,relative,anchor,yes,no,yes,yes,yes,no,yes
notes/Leetcode 题解 - 二分查找.md,4,markdown_inline,link,1. 求开方,#1-求开方,#1-求开方,,1-求开方,notes/Leetcode 题解 - 二分查找.md,relative,anchor,yes,no,yes,yes,yes,no,yes
notes/Leetcode 题解 - 二分查找.md,5,markdown_inline,link,2. 大于给定元素的最小元素,#2-大于给定元素的最小元素,#2-大于给定元素的最小元素,,2-大于给定元素的最小元素,notes/Leetcode 题解 - 二分查找.md,relative,anchor,yes,no,yes,yes,yes,no,yes
notes/Leetcode 题解 - 二分查找.md,6,markdown_inline,link,3. 有序数组的 Single Element,#3-有序数组的-single-element,#3-有序数组的-single-element,,3-有序数组的-single-element,notes/Leetcode 题解 - 二分查找.md,relative,anchor,yes,no,yes,yes,yes,no,yes
notes/Leetcode 题解 - 二分查找.md,7,markdown_inline,link,4. 第一个错误的版本,#4-第一个错误的版本,#4-第一个错误的版本,,4-第一个错误的版本,notes/Leetcode 题解 - 二分查找.md,relative,anchor,yes,no,yes,yes,yes,no,yes
notes/Leetcode 题解 - 二分查找.md,8,markdown_inline,link,5. 旋转数组的最小数字,#5-旋转数组的最小数字,#5-旋转数组的最小数字,,5-旋转数组的最小数字,notes/Leetcode 题解 - 二分查找.md,relative,anchor,yes,no,yes,yes,yes,no,yes
notes/Leetcode 题解 - 二分查找.md,9,markdown_inline,link,6. 查找区间,#6-查找区间,#6-查找区间,,6-查找区间,notes/Leetcode 题解 - 二分查找.md,relative,anchor,yes,no,yes,yes,yes,no,yes
notes/Leetcode 题解 - 位运算.md,3,markdown_inline,link,Leetcode 题解 - 位运算,#leetcode-题解---位运算,#leetcode-题解---位运算,,leetcode-题解---位运算,notes/Leetcode 题解 - 位运算.md,relative,anchor,yes,no,yes,yes,yes,no,yes
notes/Leetcode 题解 - 位运算.md,4,markdown_inline,link,0. 原理,#0-原理,#0-原理,,0-原理,notes/Leetcode 题解 - 位运算.md,relative,anchor,yes,no,yes,yes,yes,no,yes
notes/Leetcode 题解 - 位运算.md,5,markdown_inline,link,1. 统计两个数的二进制表示有多少位不同,#1-统计两个数的二进制表示有多少位不同,#1-统计两个数的二进制表示有多少位不同,,1-统计两个数的二进制表示有多少位不同,notes/Leetcode 题解 - 位运算.md,relative,anchor,yes,no,yes,yes,yes,no,yes
notes/Leetcode 题解 - 位运算.md,6,markdown_inline,link,2. 数组中唯一一个不重复的元素,#2-数组中唯一一个不重复的元素,#2-数组中唯一一个不重复的元素,,2-数组中唯一一个不重复的元素,notes/Leetcode 题解 - 位运算.md,relative,anchor,yes,no,yes,yes,yes,no,yes
notes/Leetcode 题解 - 位运算.md,7,markdown_inline,link,3. 找出数组中缺失的那个数,#3-找出数组中缺失的那个数,#3-找出数组中缺失的那个数,,3-找出数组中缺失的那个数,notes/Leetcode 题解 - 位运算.md,relative,anchor,yes,no,yes,yes,yes,no,yes
notes/Leetcode 题解 - 位运算.md,8,markdown_inline,link,4. 数组中不重复的两个元素,#4-数组中不重复的两个元素,#4-数组中不重复的两个元素,,4-数组中不重复的两个元素,notes/Leetcode 题解 - 位运算.md,relative,anchor,yes,no,yes,yes,yes,no,yes
notes/Leetcode 题解 - 位运算.md,9,markdown_inline,link,5. 翻转一个数的比特位,#5-翻转一个数的比特位,#5-翻转一个数的比特位,,5-翻转一个数的比特位,notes/Leetcode 题解 - 位运算.md,relative,anchor,yes,no,yes,yes,yes,no,yes
notes/Leetcode 题解 - 位运算.md,10,markdown_inline,link,6. 不用额外变量交换两个整数,#6-不用额外变量交换两个整数,#6-不用额外变量交换两个整数,,6-不用额外变量交换两个整数,notes/Leetcode 题解 - 位运算.md,relative,anchor,yes,no,yes,yes,yes,no,yes
notes/Leetcode 题解 - 位运算.md,11,markdown_inline,link,7. 判断一个数是不是 2 的 n 次方,#7-判断一个数是不是-2-的-n-次方,#7-判断一个数是不是-2-的-n-次方,,7-判断一个数是不是-2-的-n-次方,notes/Leetcode 题解 - 位运算.md,relative,anchor,yes,no,yes,yes,yes,no,yes
notes/Leetcode 题解 - 位运算.md,12,markdown_inline,link,8.  判断一个数是不是 4 的 n 次方,#8--判断一个数是不是-4-的-n-次方,#8--判断一个数是不是-4-的-n-次方,,8--判断一个数是不是-4-的-n-次方,notes/Leetcode 题解 - 位运算.md,relative,anchor,yes,no,yes,yes,yes,no,yes
notes/Leetcode 题解 - 位运算.md,13,markdown_inline,link,9. 判断一个数的位级表示是否不会出现连续的 0 和 1,#9-判断一个数的位级表示是否不会出现连续的-0-和-1,#9-判断一个数的位级表示是否不会出现连续的-0-和-1,,9-判断一个数的位级表示是否不会出现连续的-0-和-1,notes/Leetcode 题解 - 位运算.md,relative,anchor,yes,no,yes,yes,yes,no,yes
notes/Leetcode 题解 - 位运算.md,14,markdown_inline,link,10. 求一个数的补码,#10-求一个数的补码,#10-求一个数的补码,,10-求一个数的补码,notes/Leetcode 题解 - 位运算.md,relative,anchor,yes,no,yes,yes,yes,no,yes
notes/Leetcode 题解 - 位运算.md,15,markdown_inline,link,11. 实现整数的加法,#11-实现整数的加法,#11-实现整数的加法,,11-实现整数的加法,notes/Leetcode 题解 - 位运算.md,relative,anchor,yes,no,yes,yes,yes,no,yes
notes/Leetcode 题解 - 位运算.md,16,markdown_inline,link,12. 字符串数组最大乘积,#12-字符串数组最大乘积,#12-字符串数组最大乘积,,12-字符串数组最大乘积,notes/Leetcode 题解 - 位运算.md,relative,anchor,yes,no,yes,yes,yes,no,yes
notes/Leetcode 题解 - 位运算.md,17,markdown_inline,link,13. 统计从 0 \~ n 每个数的二进制表示中 1 的个数,#13-统计从-0-\~-n-每个数的二进制表示中-1-的个数,#13-统计从-0-\~-n-每个数的二进制表示中-1-的个数,,13-统计从-0-\~-n-每个数的二进制表示中-1-的个数,notes/Leetcode 题解 - 位运算.md,relative,anchor,yes,no,yes,yes,yes,no,yes
notes/Leetcode 题解 - 位运算.md,297,markdown_inline,link,程序员代码面试指南 ：P317,#,#,,,notes/Leetcode 题解 - 位运算.md,relative,anchor,yes,no,yes,no,no,no,yes
notes/Leetcode 题解 - 分治.md,3,markdown_inline,link,Leetcode 题解 - 分治,#leetcode-题解---分治,#leetcode-题解---分治,,leetcode-题解---分治,notes/Leetcode 题解 - 分治.md,relative,anchor,yes,no,yes,yes,yes,no,yes
notes/Leetcode 题解 - 分治.md,4,markdown_inline,link,1. 给表达式加括号,#1-给表达式加括号,#1-给表达式加括号,,1-给表达式加括号,notes/Leetcode 题解 - 分治.md,relative,anchor,yes,no,yes,yes,yes,no,yes
notes/Leetcode 题解 - 分治.md,5,markdown_inline,link,2. 不同的二叉搜索树,#2-不同的二叉搜索树,#2-不同的二叉搜索树,,2-不同的二叉搜索树,notes/Leetcode 题解 - 分治.md,relative,anchor,yes,no,yes,yes,yes,no,yes
notes/Leetcode 题解 - 动态规划.md,3,markdown_inline,link,Leetcode 题解 - 动态规划,#leetcode-题解---动态规划,#leetcode-题解---动态规划,,leetcode-题解---动态规划,notes/Leetcode 题解 - 动态规划.md,relative,anchor,yes,no,yes,yes,yes,no,yes
notes/Leetcode 题解 - 动态规划.md,4,markdown_inline,link,斐波那契数列,#斐波那契数列,#斐波那契数列,,斐波那契数列,notes/Leetcode 题解 - 动态规划.md,relative,anchor,yes,no,yes,yes,yes,no,yes
notes/Leetcode 题解 - 动态规划.md,5,markdown_inline,link,1. 爬楼梯,#1-爬楼梯,#1-爬楼梯,,1-爬楼梯,notes/Leetcode 题解 - 动态规划.md,relative,anchor,yes,no,yes,yes,yes,no,yes
notes/Leetcode 题解 - 动态规划.md,6,markdown_inline,link,2. 强盗抢劫,#2-强盗抢劫,#2-强盗抢劫,,2-强盗抢劫,notes/Leetcode 题解 - 动态规划.md,relative,anchor,yes,no,yes,yes,yes,no,yes
notes/Leetcode 题解 - 动态规划.md,7,markdown_inline,link,3. 强盗在环形街区抢劫,#3-强盗在环形街区抢劫,#3-强盗在环形街区抢劫,,3-强盗在环形街区抢劫,notes/Leetcode 题解 - 动态规划.md,relative,anchor,yes,no,yes,yes,yes,no,yes
notes/Leetcode 题解 - 动态规划.md,8,markdown_inline,link,4. 信件错排,#4-信件错排,#4-信件错排,,4-信件错排,notes/Leetcode 题解 - 动态规划.md,relative,anchor,yes,no,yes,yes,yes,no,yes
notes/Leetcode 题解 - 动态规划.md,9,markdown_inline,link,5. 母牛生产,#5-母牛生产,#5-母牛生产,,5-母牛生产,notes/Leetcode 题解 - 动态规划.md,relative,anchor,yes,no,yes,yes,yes,no,yes
notes/Leetcode 题解 - 动态规划.md,10,markdown_inline,link,矩阵路径,#矩阵路径,#矩阵路径,,矩阵路径,notes/Leetcode 题解 - 动态规划.md,relative,anchor,yes,no,yes,yes,yes,no,yes
notes/Leetcode 题解 - 动态规划.md,11,markdown_inline,link,1. 矩阵的最小路径和,#1-矩阵的最小路径和,#1-矩阵的最小路径和,,1-矩阵的最小路径和,notes/Leetcode 题解 - 动态规划.md,relative,anchor,yes,no,yes,yes,yes,no,yes
notes/Leetcode 题解 - 动态规划.md,12,markdown_inline,link,2. 矩阵的总路径数,#2-矩阵的总路径数,#2-矩阵的总路径数,,2-矩阵的总路径数,notes/Leetcode 题解 - 动态规划.md,relative,anchor,yes,no,yes,yes,yes,no,yes
notes/Leetcode 题解 - 动态规划.md,13,markdown_inline,link,数组区间,#数组区间,#数组区间,,数组区间,notes/Leetcode 题解 - 动态规划.md,relative,anchor,yes,no,yes,yes,yes,no,yes
notes/Leetcode 题解 - 动态规划.md,14,markdown_inline,link,1. 数组区间和,#1-数组区间和,#1-数组区间和,,1-数组区间和,notes/Leetcode 题解 - 动态规划.md,relative,anchor,yes,no,yes,yes,yes,no,yes
notes/Leetcode 题解 - 动态规划.md,15,markdown_inline,link,2. 数组中等差递增子区间的个数,#2-数组中等差递增子区间的个数,#2-数组中等差递增子区间的个数,,2-数组中等差递增子区间的个数,notes/Leetcode 题解 - 动态规划.md,relative,anchor,yes,no,yes,yes,yes,no,yes
notes/Leetcode 题解 - 动态规划.md,16,markdown_inline,link,分割整数,#分割整数,#分割整数,,分割整数,notes/Leetcode 题解 - 动态规划.md,relative,anchor,yes,no,yes,yes,yes,no,yes
notes/Leetcode 题解 - 动态规划.md,17,markdown_inline,link,1. 分割整数的最大乘积,#1-分割整数的最大乘积,#1-分割整数的最大乘积,,1-分割整数的最大乘积,notes/Leetcode 题解 - 动态规划.md,relative,anchor,yes,no,yes,yes,yes,no,yes
notes/Leetcode 题解 - 动态规划.md,18,markdown_inline,link,2. 按平方数来分割整数,#2-按平方数来分割整数,#2-按平方数来分割整数,,2-按平方数来分割整数,notes/Leetcode 题解 - 动态规划.md,relative,anchor,yes,no,yes,yes,yes,no,yes
notes/Leetcode 题解 - 动态规划.md,19,markdown_inline,link,3. 分割整数构成字母字符串,#3-分割整数构成字母字符串,#3-分割整数构成字母字符串,,3-分割整数构成字母字符串,notes/Leetcode 题解 - 动态规划.md,relative,anchor,yes,no,yes,yes,yes,no,yes
notes/Leetcode 题解 - 动态规划.md,20,markdown_inline,link,最长递增子序列,#最长递增子序列,#最长递增子序列,,最长递增子序列,notes/Leetcode 题解 - 动态规划.md,relative,anchor,yes,no,yes,yes,yes,no,yes
notes/Leetcode 题解 - 动态规划.md,21,markdown_inline,link,1. 最长递增子序列,#1-最长递增子序列,#1-最长递增子序列,,1-最长递增子序列,notes/Leetcode 题解 - 动态规划.md,relative,anchor,yes,no,yes,yes,yes,no,yes
notes/Leetcode 题解 - 动态规划.md,22,markdown_inline,link,2. 一组整数对能够构成的最长链,#2-一组整数对能够构成的最长链,#2-一组整数对能够构成的最长链,,2-一组整数对能够构成的最长链,notes/Leetcode 题解 - 动态规划.md,relative,anchor,yes,no,yes,yes,yes,no,yes
notes/Leetcode 题解 - 动态规划.md,23,markdown_inline,link,3. 最长摆动子序列,#3-最长摆动子序列,#3-最长摆动子序列,,3-最长摆动子序列,notes/Leetcode 题解 - 动态规划.md,relative,anchor,yes,no,yes,yes,yes,no,yes
notes/Leetcode 题解 - 动态规划.md,24,markdown_inline,link,最长公共子序列,#最长公共子序列,#最长公共子序列,,最长公共子序列,notes/Leetcode 题解 - 动态规划.md,relative,anchor,yes,no,yes,yes,yes,no,yes
notes/Leetcode 题解 - 动态规划.md,25,markdown_inline,link,1. 最长公共子序列,#1-最长公共子序列,#1-最长公共子序列,,1-最长公共子序列,notes/Leetcode 题解 - 动态规划.md,relative,anchor,yes,no,yes,yes,yes,no,yes
notes/Leetcode 题解 - 动态规划.md,26,markdown_inline,link,0-1 背包,#0-1-背包,#0-1-背包,,0-1-背包,notes/Leetcode 题解 - 动态规划.md,relative,anchor,yes,no,yes,yes,yes,no,yes
notes/Leetcode 题解 - 动态规划.md,27,markdown_inline,link,1. 划分数组为和相等的两部分,#1-划分数组为和相等的两部分,#1-划分数组为和相等的两部分,,1-划分数组为和相等的两部分,notes/Leetcode 题解 - 动态规划.md,relative,anchor,yes,no,yes,yes,yes,no,yes
notes/Leetcode 题解 - 动态规划.md,28,markdown_inline,link,2. 改变一组数的正负号使得它们的和为一给定数,#2-改变一组数的正负号使得它们的和为一给定数,#2-改变一组数的正负号使得它们的和为一给定数,,2-改变一组数的正负号使得它们的和为一给定数,notes/Leetcode 题解 - 动态规划.md,relative,anchor,yes,no,yes,yes,yes,no,yes
notes/Leetcode 题解 - 动态规划.md,29,markdown_inline,link,3. 01 字符构成最多的字符串,#3-01-字符构成最多的字符串,#3-01-字符构成最多的字符串,,3-01-字符构成最多的字符串,notes/Leetcode 题解 - 动态规划.md,relative,anchor,yes,no,yes,yes,yes,no,yes
notes/Leetcode 题解 - 动态规划.md,30,markdown_inline,link,4. 找零钱的最少硬币数,#4-找零钱的最少硬币数,#4-找零钱的最少硬币数,,4-找零钱的最少硬币数,notes/Leetcode 题解 - 动态规划.md,relative,anchor,yes,no,yes,yes,yes,no,yes
notes/Leetcode 题解 - 动态规划.md,31,markdown_inline,link,5. 找零钱的硬币数组合,#5-找零钱的硬币数组合,#5-找零钱的硬币数组合,,5-找零钱的硬币数组合,notes/Leetcode 题解 - 动态规划.md,relative,anchor,yes,no,yes,yes,yes,no,yes
notes/Leetcode 题解 - 动态规划.md,32,markdown_inline,link,6. 字符串按单词列表分割,#6-字符串按单词列表分割,#6-字符串按单词列表分割,,6-字符串按单词列表分割,notes/Leetcode 题解 - 动态规划.md,relative,anchor,yes,no,yes,yes,yes,no,yes
notes/Leetcode 题解 - 动态规划.md,33,markdown_inline,link,7. 组合总和,#7-组合总和,#7-组合总和,,7-组合总和,notes/Leetcode 题解 - 动态规划.md,relative,anchor,yes,no,yes,yes,yes,no,yes
notes/Leetcode 题解 - 动态规划.md,34,markdown_inline,link,股票交易,#股票交易,#股票交易,,股票交易,notes/Leetcode 题解 - 动态规划.md,relative,anchor,yes,no,yes,yes,yes,no,yes
notes/Leetcode 题解 - 动态规划.md,35,markdown_inline,link,1. 需要冷却期的股票交易,#1-需要冷却期的股票交易,#1-需要冷却期的股票交易,,1-需要冷却期的股票交易,notes/Leetcode 题解 - 动态规划.md,relative,anchor,yes,no,yes,yes,yes,no,yes
notes/Leetcode 题解 - 动态规划.md,36,markdown_inline,link,2. 需要交易费用的股票交易,#2-需要交易费用的股票交易,#2-需要交易费用的股票交易,,2-需要交易费用的股票交易,notes/Leetcode 题解 - 动态规划.md,relative,anchor,yes,no,yes,yes,yes,no,yes
notes/Leetcode 题解 - 动态规划.md,37,markdown_inline,link,3. 只能进行两次的股票交易,#3-只能进行两次的股票交易,#3-只能进行两次的股票交易,,3-只能进行两次的股票交易,notes/Leetcode 题解 - 动态规划.md,relative,anchor,yes,no,yes,yes,yes,no,yes
notes/Leetcode 题解 - 动态规划.md,38,markdown_inline,link,4. 只能进行 k 次的股票交易,#4-只能进行-k-次的股票交易,#4-只能进行-k-次的股票交易,,4-只能进行-k-次的股票交易,notes/Leetcode 题解 - 动态规划.md,relative,anchor,yes,no,yes,yes,yes,no,yes
notes/Leetcode 题解 - 动态规划.md,39,markdown_inline,link,字符串编辑,#字符串编辑,#字符串编辑,,字符串编辑,notes/Leetcode 题解 - 动态规划.md,relative,anchor,yes,no,yes,yes,yes,no,yes
notes/Leetcode 题解 - 动态规划.md,40,markdown_inline,link,1. 删除两个字符串的字符使它们相等,#1-删除两个字符串的字符使它们相等,#1-删除两个字符串的字符使它们相等,,1-删除两个字符串的字符使它们相等,notes/Leetcode 题解 - 动态规划.md,relative,anchor,yes,no,yes,yes,yes,no,yes
notes/Leetcode 题解 - 动态规划.md,41,markdown_inline,link,2. 编辑距离,#2-编辑距离,#2-编辑距离,,2-编辑距离,notes/Leetcode 题解 - 动态规划.md,relative,anchor,yes,no,yes,yes,yes,no,yes
notes/Leetcode 题解 - 动态规划.md,42,markdown_inline,link,3. 复制粘贴字符,#3-复制粘贴字符,#3-复制粘贴字符,,3-复制粘贴字符,notes/Leetcode 题解 - 动态规划.md,relative,anchor,yes,no,yes,yes,yes,no,yes
notes/Leetcode 题解 - 动态规划.md,157,markdown_inline,link,程序员代码面试指南-P181,#,#,,,notes/Leetcode 题解 - 动态规划.md,relative,anchor,yes,no,yes,no,no,no,yes
notes/Leetcode 题解 - 双指针.md,3,markdown_inline,link,Leetcode 题解 - 双指针,#leetcode-题解---双指针,#leetcode-题解---双指针,,leetcode-题解---双指针,notes/Leetcode 题解 - 双指针.md,relative,anchor,yes,no,yes,yes,yes,no,yes
notes/Leetcode 题解 - 双指针.md,4,markdown_inline,link,1. 有序数组的 Two Sum,#1-有序数组的-two-sum,#1-有序数组的-two-sum,,1-有序数组的-two-sum,notes/Leetcode 题解 - 双指针.md,relative,anchor,yes,no,yes,yes,yes,no,yes
notes/Leetcode 题解 - 双指针.md,5,markdown_inline,link,2. 两数平方和,#2-两数平方和,#2-两数平方和,,2-两数平方和,notes/Leetcode 题解 - 双指针.md,relative,anchor,yes,no,yes,yes,yes,no,yes
notes/Leetcode 题解 - 双指针.md,6,markdown_inline,link,3. 反转字符串中的元音字符,#3-反转字符串中的元音字符,#3-反转字符串中的元音字符,,3-反转字符串中的元音字符,notes/Leetcode 题解 - 双指针.md,relative,anchor,yes,no,yes,yes,yes,no,yes
notes/Leetcode 题解 - 双指针.md,7,markdown_inline,link,4. 回文字符串,#4-回文字符串,#4-回文字符串,,4-回文字符串,notes/Leetcode 题解 - 双指针.md,relative,anchor,yes,no,yes,yes,yes,no,yes
notes/Leetcode 题解 - 双指针.md,8,markdown_inline,link,5. 归并两个有序数组,#5-归并两个有序数组,#5-归并两个有序数组,,5-归并两个有序数组,notes/Leetcode 题解 - 双指针.md,relative,anchor,yes,no,yes,yes,yes,no,yes
notes/Leetcode 题解 - 双指针.md,9,markdown_inline,link,6. 判断链表是否存在环,#6-判断链表是否存在环,#6-判断链表是否存在环,,6-判断链表是否存在环,notes/Leetcode 题解 - 双指针.md,relative,anchor,yes,no,yes,yes,yes,no,yes
notes/Leetcode 题解 - 双指针.md,10,markdown_inline,link,7. 最长子序列,#7-最长子序列,#7-最长子序列,,7-最长子序列,notes/Leetcode 题解 - 双指针.md,relative,anchor,yes,no,yes,yes,yes,no,yes
notes/Leetcode 题解 - 哈希表.md,3,markdown_inline,link,Leetcode 题解 - 哈希表,#leetcode-题解---哈希表,#leetcode-题解---哈希表,,leetcode-题解---哈希表,notes/Leetcode 题解 - 哈希表.md,relative,anchor,yes,no,yes,yes,yes,no,yes
notes/Leetcode 题解 - 哈希表.md,4,markdown_inline,link,1. 数组中两个数的和为给定值,#1-数组中两个数的和为给定值,#1-数组中两个数的和为给定值,,1-数组中两个数的和为给定值,notes/Leetcode 题解 - 哈希表.md,relative,anchor,yes,no,yes,yes,yes,no,yes
notes/Leetcode 题解 - 哈希表.md,5,markdown_inline,link,2. 判断数组是否含有重复元素,#2-判断数组是否含有重复元素,#2-判断数组是否含有重复元素,,2-判断数组是否含有重复元素,notes/Leetcode 题解 - 哈希表.md,relative,anchor,yes,no,yes,yes,yes,no,yes
notes/Leetcode 题解 - 哈希表.md,6,markdown_inline,link,3. 最长和谐序列,#3-最长和谐序列,#3-最长和谐序列,,3-最长和谐序列,notes/Leetcode 题解 - 哈希表.md,relative,anchor,yes,no,yes,yes,yes,no,yes
notes/Leetcode 题解 - 哈希表.md,7,markdown_inline,link,4. 最长连续序列,#4-最长连续序列,#4-最长连续序列,,4-最长连续序列,notes/Leetcode 题解 - 哈希表.md,relative,anchor,yes,no,yes,yes,yes,no,yes
notes/Leetcode 题解 - 图.md,3,markdown_inline,link,Leetcode 题解 - 图,#leetcode-题解---图,#leetcode-题解---图,,leetcode-题解---图,notes/Leetcode 题解 - 图.md,relative,anchor,yes,no,yes,yes,yes,no,yes
notes/Leetcode 题解 - 图.md,4,markdown_inline,link,二分图,#二分图,#二分图,,二分图,notes/Leetcode 题解 - 图.md,relative,anchor,yes,no,yes,yes,yes,no,yes
notes/Leetcode 题解 - 图.md,5,markdown_inline,link,1. 判断是否为二分图,#1-判断是否为二分图,#1-判断是否为二分图,,1-判断是否为二分图,notes/Leetcode 题解 - 图.md,relative,anchor,yes,no,yes,yes,yes,no,yes
notes/Leetcode 题解 - 图.md,6,markdown_inline,link,拓扑排序,#拓扑排序,#拓扑排序,,拓扑排序,notes/Leetcode 题解 - 图.md,relative,anchor,yes,no,yes,yes,yes,no,yes
notes/Leetcode 题解 - 图.md,7,markdown_inline,link,1. 课程安排的合法性,#1-课程安排的合法性,#1-课程安排的合法性,,1-课程安排的合法性,notes/Leetcode 题解 - 图.md,relative,anchor,yes,no,yes,yes,yes,no,yes
notes/Leetcode 题解 - 图.md,8,markdown_inline,link,2. 课程安排的顺序,#2-课程安排的顺序,#2-课程安排的顺序,,2-课程安排的顺序,notes/Leetcode 题解 - 图.md,relative,anchor,yes,no,yes,yes,yes,no,yes
notes/Leetcode 题解 - 图.md,9,markdown_inline,link,并查集,#并查集,#并查集,,并查集,notes/Leetcode 题解 - 图.md,relative,anchor,yes,no,yes,yes,yes,no,yes
notes/Leetcode 题解 - 图.md,10,markdown_inline,link,1. 冗余连接,#1-冗余连接,#1-冗余连接,,1-冗余连接,notes/Leetcode 题解 - 图.md,relative,anchor,yes,no,yes,yes,yes,no,yes
notes/Leetcode 题解 - 字符串.md,3,markdown_inline,link,Leetcode 题解 - 字符串,#leetcode-题解---字符串,#leetcode-题解---字符串,,leetcode-题解---字符串,notes/Leetcode 题解 - 字符串.md,relative,anchor,yes,no,yes,yes,yes,no,yes
notes/Leetcode 题解 - 字符串.md,4,markdown_inline,link,1. 字符串循环移位包含,#1-字符串循环移位包含,#1-字符串循环移位包含,,1-字符串循环移位包含,notes/Leetcode 题解 - 字符串.md,relative,anchor,yes,no,yes,yes,yes,no,yes
notes/Leetcode 题解 - 字符串.md,5,markdown_inline,link,2. 字符串循环移位,#2-字符串循环移位,#2-字符串循环移位,,2-字符串循环移位,notes/Leetcode 题解 - 字符串.md,relative,anchor,yes,no,yes,yes,yes,no,yes
notes/Leetcode 题解 - 字符串.md,6,markdown_inline,link,3. 字符串中单词的翻转,#3-字符串中单词的翻转,#3-字符串中单词的翻转,,3-字符串中单词的翻转,notes/Leetcode 题解 - 字符串.md,relative,anchor,yes,no,yes,yes,yes,no,yes
notes/Leetcode 题解 - 字符串.md,7,markdown_inline,link,4. 两个字符串包含的字符是否完全相同,#4-两个字符串包含的字符是否完全相同,#4-两个字符串包含的字符是否完全相同,,4-两个字符串包含的字符是否完全相同,notes/Leetcode 题解 - 字符串.md,relative,anchor,yes,no,yes,yes,yes,no,yes
notes/Leetcode 题解 - 字符串.md,8,markdown_inline,link,5. 计算一组字符集合可以组成的回文字符串的最大长度,#5-计算一组字符集合可以组成的回文字符串的最大长度,#5-计算一组字符集合可以组成的回文字符串的最大长度,,5-计算一组字符集合可以组成的回文字符串的最大长度,notes/Leetcode 题解 - 字符串.md,relative,anchor,yes,no,yes,yes,yes,no,yes
notes/Leetcode 题解 - 字符串.md,9,markdown_inline,link,6. 字符串同构,#6-字符串同构,#6-字符串同构,,6-字符串同构,notes/Leetcode 题解 - 字符串.md,relative,anchor,yes,no,yes,yes,yes,no,yes
notes/Leetcode 题解 - 字符串.md,10,markdown_inline,link,7. 回文子字符串个数,#7-回文子字符串个数,#7-回文子字符串个数,,7-回文子字符串个数,notes/Leetcode 题解 - 字符串.md,relative,anchor,yes,no,yes,yes,yes,no,yes
notes/Leetcode 题解 - 字符串.md,11,markdown_inline,link,8. 判断一个整数是否是回文数,#8-判断一个整数是否是回文数,#8-判断一个整数是否是回文数,,8-判断一个整数是否是回文数,notes/Leetcode 题解 - 字符串.md,relative,anchor,yes,no,yes,yes,yes,no,yes
notes/Leetcode 题解 - 字符串.md,12,markdown_inline,link,9. 统计二进制字符串中连续 1 和连续 0 数量相同的子字符串个数,#9-统计二进制字符串中连续-1-和连续-0-数量相同的子字符串个数,#9-统计二进制字符串中连续-1-和连续-0-数量相同的子字符串个数,,9-统计二进制字符串中连续-1-和连续-0-数量相同的子字符串个数,notes/Leetcode 题解 - 字符串.md,relative,anchor,yes,no,yes,yes,yes,no,yes
notes/Leetcode 题解 - 字符串.md,18,markdown_inline,link,编程之美 3.1,#,#,,,notes/Leetcode 题解 - 字符串.md,relative,anchor,yes,no,yes,no,no,no,yes
notes/Leetcode 题解 - 字符串.md,31,markdown_inline,link,编程之美 2.17,#,#,,,notes/Leetcode 题解 - 字符串.md,relative,anchor,yes,no,yes,no,no,no,yes
notes/Leetcode 题解 - 字符串.md,44,markdown_inline,link,程序员代码面试指南,#,#,,,notes/Leetcode 题解 - 字符串.md,relative,anchor,yes,no,yes,no,no,no,yes
notes/Leetcode 题解 - 排序.md,3,markdown_inline,link,Leetcode 题解 - 排序,#leetcode-题解---排序,#leetcode-题解---排序,,leetcode-题解---排序,notes/Leetcode 题解 - 排序.md,relative,anchor,yes,no,yes,yes,yes,no,yes
notes/Leetcode 题解 - 排序.md,4,markdown_inline,link,快速选择,#快速选择,#快速选择,,快速选择,notes/Leetcode 题解 - 排序.md,relative,anchor,yes,no,yes,yes,yes,no,yes
notes/Leetcode 题解 - 排序.md,5,markdown_inline,link,堆,#堆,#堆,,堆,notes/Leetcode 题解 - 排序.md,relative,anchor,yes,no,yes,yes,yes,no,yes
notes/Leetcode 题解 - 排序.md,6,markdown_inline,link,1. Kth Element,#1-kth-element,#1-kth-element,,1-kth-element,notes/Leetcode 题解 - 排序.md,relative,anchor,yes,no,no,no,no,no,no
notes/Leetcode 题解 - 排序.md,7,markdown_inline,link,桶排序,#桶排序,#桶排序,,桶排序,notes/Leetcode 题解 - 排序.md,relative,anchor,yes,no,yes,yes,yes,no,yes
notes/Leetcode 题解 - 排序.md,8,markdown_inline,link,1. 出现频率最多的 k 个元素,#1-出现频率最多的-k-个元素,#1-出现频率最多的-k-个元素,,1-出现频率最多的-k-个元素,notes/Leetcode 题解 - 排序.md,relative,anchor,yes,no,yes,yes,yes,no,yes
notes/Leetcode 题解 - 排序.md,9,markdown_inline,link,2. 按照字符出现次数对字符串排序,#2-按照字符出现次数对字符串排序,#2-按照字符出现次数对字符串排序,,2-按照字符出现次数对字符串排序,notes/Leetcode 题解 - 排序.md,relative,anchor,yes,no,yes,yes,yes,no,yes
notes/Leetcode 题解 - 排序.md,10,markdown_inline,link,荷兰国旗问题,#荷兰国旗问题,#荷兰国旗问题,,荷兰国旗问题,notes/Leetcode 题解 - 排序.md,relative,anchor,yes,no,yes,yes,yes,no,yes
notes/Leetcode 题解 - 排序.md,11,markdown_inline,link,1. 按颜色进行排序,#1-按颜色进行排序,#1-按颜色进行排序,,1-按颜色进行排序,notes/Leetcode 题解 - 排序.md,relative,anchor,yes,no,yes,yes,yes,no,yes
notes/Leetcode 题解 - 搜索.md,3,markdown_inline,link,Leetcode 题解 - 搜索,#leetcode-题解---搜索,#leetcode-题解---搜索,,leetcode-题解---搜索,notes/Leetcode 题解 - 搜索.md,relative,anchor,yes,no,yes,yes,yes,no,yes
notes/Leetcode 题解 - 搜索.md,4,markdown_inline,link,BFS,#bfs,#bfs,,bfs,notes/Leetcode 题解 - 搜索.md,relative,anchor,yes,no,no,no,no,no,no
notes/Leetcode 题解 - 搜索.md,5,markdown_inline,link,1. 计算在网格中从原点到特定点的最短路径长度,#1-计算在网格中从原点到特定点的最短路径长度,#1-计算在网格中从原点到特定点的最短路径长度,,1-计算在网格中从原点到特定点的最短路径长度,notes/Leetcode 题解 - 搜索.md,relative,anchor,yes,no,yes,yes,yes,no,yes
notes/Leetcode 题解 - 搜索.md,6,markdown_inline,link,2. 组成整数的最小平方数数量,#2-组成整数的最小平方数数量,#2-组成整数的最小平方数数量,,2-组成整数的最小平方数数量,notes/Leetcode 题解 - 搜索.md,relative,anchor,yes,no,yes,yes,yes,no,yes
notes/Leetcode 题解 - 搜索.md,7,markdown_inline,link,3. 最短单词路径,#3-最短单词路径,#3-最短单词路径,,3-最短单词路径,notes/Leetcode 题解 - 搜索.md,relative,anchor,yes,no,yes,yes,yes,no,yes
notes/Leetcode 题解 - 搜索.md,8,markdown_inline,link,DFS,#dfs,#dfs,,dfs,notes/Leetcode 题解 - 搜索.md,relative,anchor,yes,no,no,no,no,no,no
notes/Leetcode 题解 - 搜索.md,9,markdown_inline,link,1. 查找最大的连通面积,#1-查找最大的连通面积,#1-查找最大的连通面积,,1-查找最大的连通面积,notes/Leetcode 题解 - 搜索.md,relative,anchor,yes,no,yes,yes,yes,no,yes
notes/Leetcode 题解 - 搜索.md,10,markdown_inline,link,2. 矩阵中的连通分量数目,#2-矩阵中的连通分量数目,#2-矩阵中的连通分量数目,,2-矩阵中的连通分量数目,notes/Leetcode 题解 - 搜索.md,relative,anchor,yes,no,yes,yes,yes,no,yes
notes/Leetcode 题解 - 搜索.md,11,markdown_inline,link,3. 好友关系的连通分量数目,#3-好友关系的连通分量数目,#3-好友关系的连通分量数目,,3-好友关系的连通分量数目,notes/Leetcode 题解 - 搜索.md,relative,anchor,yes,no,yes,yes,yes,no,yes
notes/Leetcode 题解 - 搜索.md,12,markdown_inline,link,4. 填充封闭区域,#4-填充封闭区域,#4-填充封闭区域,,4-填充封闭区域,notes/Leetcode 题解 - 搜索.md,relative,anchor,yes,no,yes,yes,yes,no,yes
notes/Leetcode 题解 - 搜索.md,13,markdown_inline,link,5. 能到达的太平洋和大西洋的区域,#5-能到达的太平洋和大西洋的区域,#5-能到达的太平洋和大西洋的区域,,5-能到达的太平洋和大西洋的区域,notes/Leetcode 题解 - 搜索.md,relative,anchor,yes,no,yes,yes,yes,no,yes
notes/Leetcode 题解 - 搜索.md,14,markdown_inline,link,Backtracking,#backtracking,#backtracking,,backtracking,notes/Leetcode 题解 - 搜索.md,relative,anchor,yes,no,no,no,no,no,no
notes/Leetcode 题解 - 搜索.md,15,markdown_inline,link,1. 数字键盘组合,#1-数字键盘组合,#1-数字键盘组合,,1-数字键盘组合,notes/Leetcode 题解 - 搜索.md,relative,anchor,yes,no,yes,yes,yes,no,yes
notes/Leetcode 题解 - 搜索.md,16,markdown_inline,link,2. IP 地址划分,#2-ip-地址划分,#2-ip-地址划分,,2-ip-地址划分,notes/Leetcode 题解 - 搜索.md,relative,anchor,yes,no,yes,yes,yes,no,yes
notes/Leetcode 题解 - 搜索.md,17,markdown_inline,link,3. 在矩阵中寻找字符串,#3-在矩阵中寻找字符串,#3-在矩阵中寻找字符串,,3-在矩阵中寻找字符串,notes/Leetcode 题解 - 搜索.md,relative,anchor,yes,no,yes,yes,yes,no,yes
notes/Leetcode 题解 - 搜索.md,18,markdown_inline,link,4. 输出二叉树中所有从根到叶子的路径,#4-输出二叉树中所有从根到叶子的路径,#4-输出二叉树中所有从根到叶子的路径,,4-输出二叉树中所有从根到叶子的路径,notes/Leetcode 题解 - 搜索.md,relative,anchor,yes,no,yes,yes,yes,no,yes
notes/Leetcode 题解 - 搜索.md,19,markdown_inline,link,5. 排列,#5-排列,#5-排列,,5-排列,notes/Leetcode 题解 - 搜索.md,relative,anchor,yes,no,yes,yes,yes,no,yes
notes/Leetcode 题解 - 搜索.md,20,markdown_inline,link,6. 含有相同元素求排列,#6-含有相同元素求排列,#6-含有相同元素求排列,,6-含有相同元素求排列,notes/Leetcode 题解 - 搜索.md,relative,anchor,yes,no,yes,yes,yes,no,yes
notes/Leetcode 题解 - 搜索.md,21,markdown_inline,link,7. 组合,#7-组合,#7-组合,,7-组合,notes/Leetcode 题解 - 搜索.md,relative,anchor,yes,no,yes,yes,yes,no,yes
notes/Leetcode 题解 - 搜索.md,22,markdown_inline,link,8. 组合求和,#8-组合求和,#8-组合求和,,8-组合求和,notes/Leetcode 题解 - 搜索.md,relative,anchor,yes,no,yes,yes,yes,no,yes
notes/Leetcode 题解 - 搜索.md,23,markdown_inline,link,9. 含有相同元素的组合求和,#9-含有相同元素的组合求和,#9-含有相同元素的组合求和,,9-含有相同元素的组合求和,notes/Leetcode 题解 - 搜索.md,relative,anchor,yes,no,yes,yes,yes,no,yes
notes/Leetcode 题解 - 搜索.md,24,markdown_inline,link,10. 1-9 数字的组合求和,#10-1-9-数字的组合求和,#10-1-9-数字的组合求和,,10-1-9-数字的组合求和,notes/Leetcode 题解 - 搜索.md,relative,anchor,yes,no,yes,yes,yes,no,yes
notes/Leetcode 题解 - 搜索.md,25,markdown_inline,link,11. 子集,#11-子集,#11-子集,,11-子集,notes/Leetcode 题解 - 搜索.md,relative,anchor,yes,no,yes,yes,yes,no,yes
notes/Leetcode 题解 - 搜索.md,26,markdown_inline,link,12. 含有相同元素求子集,#12-含有相同元素求子集,#12-含有相同元素求子集,,12-含有相同元素求子集,notes/Leetcode 题解 - 搜索.md,relative,anchor,yes,no,yes,yes,yes,no,yes
notes/Leetcode 题解 - 搜索.md,27,markdown_inline,link,13. 分割字符串使得每个部分都是回文数,#13-分割字符串使得每个部分都是回文数,#13-分割字符串使得每个部分都是回文数,,13-分割字符串使得每个部分都是回文数,notes/Leetcode 题解 - 搜索.md,relative,anchor,yes,no,yes,yes,yes,no,yes
notes/Leetcode 题解 - 搜索.md,28,markdown_inline,link,14. 数独,#14-数独,#14-数独,,14-数独,notes/Leetcode 题解 - 搜索.md,relative,anchor,yes,no,yes,yes,yes,no,yes
notes/Leetcode 题解 - 搜索.md,29,markdown_inline,link,15. N 皇后,#15-n-皇后,#15-n-皇后,,15-n-皇后,notes/Leetcode 题解 - 搜索.md,relative,anchor,yes,no,yes,yes,yes,no,yes
notes/Leetcode 题解 - 数学.md,3,markdown_inline,link,Leetcode 题解 - 数学,#leetcode-题解---数学,#leetcode-题解---数学,,leetcode-题解---数学,notes/Leetcode 题解 - 数学.md,relative,anchor,yes,no,yes,yes,yes,no,yes
notes/Leetcode 题解 - 数学.md,4,markdown_inline,link,素数分解,#素数分解,#素数分解,,素数分解,notes/Leetcode 题解 - 数学.md,relative,anchor,yes,no,yes,yes,yes,no,yes
notes/Leetcode 题解 - 数学.md,5,markdown_inline,link,整除,#整除,#整除,,整除,notes/Leetcode 题解 - 数学.md,relative,anchor,yes,no,yes,yes,yes,no,yes
notes/Leetcode 题解 - 数学.md,6,markdown_inline,link,最大公约数最小公倍数,#最大公约数最小公倍数,#最大公约数最小公倍数,,最大公约数最小公倍数,notes/Leetcode 题解 - 数学.md,relative,anchor,yes,no,yes,yes,yes,no,yes
notes/Leetcode 题解 - 数学.md,7,markdown_inline,link,1. 生成素数序列,#1-生成素数序列,#1-生成素数序列,,1-生成素数序列,notes/Leetcode 题解 - 数学.md,relative,anchor,yes,no,yes,yes,yes,no,yes
notes/Leetcode 题解 - 数学.md,8,markdown_inline,link,2. 最大公约数,#2-最大公约数,#2-最大公约数,,2-最大公约数,notes/Leetcode 题解 - 数学.md,relative,anchor,yes,no,yes,yes,yes,no,yes
notes/Leetcode 题解 - 数学.md,9,markdown_inline,link,3. 使用位操作和减法求解最大公约数,#3-使用位操作和减法求解最大公约数,#3-使用位操作和减法求解最大公约数,,3-使用位操作和减法求解最大公约数,notes/Leetcode 题解 - 数学.md,relative,anchor,yes,no,yes,yes,yes,no,yes
notes/Leetcode 题解 - 数学.md,10,markdown_inline,link,进制转换,#进制转换,#进制转换,,进制转换,notes/Leetcode 题解 - 数学.md,relative,anchor,yes,no,yes,yes,yes,no,yes
notes/Leetcode 题解 - 数学.md,11,markdown_inline,link,1. 7 进制,#1-7-进制,#1-7-进制,,1-7-进制,notes/Leetcode 题解 - 数学.md,relative,anchor,yes,no,yes,yes,yes,no,yes
notes/Leetcode 题解 - 数学.md,12,markdown_inline,link,2. 16 进制,#2-16-进制,#2-16-进制,,2-16-进制,notes/Leetcode 题解 - 数学.md,relative,anchor,yes,no,yes,yes,yes,no,yes
notes/Leetcode 题解 - 数学.md,13,markdown_inline,link,3. 26 进制,#3-26-进制,#3-26-进制,,3-26-进制,notes/Leetcode 题解 - 数学.md,relative,anchor,yes,no,yes,yes,yes,no,yes
notes/Leetcode 题解 - 数学.md,14,markdown_inline,link,阶乘,#阶乘,#阶乘,,阶乘,notes/Leetcode 题解 - 数学.md,relative,anchor,yes,no,yes,yes,yes,no,yes
notes/Leetcode 题解 - 数学.md,15,markdown_inline,link,1. 统计阶乘尾部有多少个 0,#1-统计阶乘尾部有多少个-0,#1-统计阶乘尾部有多少个-0,,1-统计阶乘尾部有多少个-0,notes/Leetcode 题解 - 数学.md,relative,anchor,yes,no,yes,yes,yes,no,yes
notes/Leetcode 题解 - 数学.md,16,markdown_inline,link,字符串加法减法,#字符串加法减法,#字符串加法减法,,字符串加法减法,notes/Leetcode 题解 - 数学.md,relative,anchor,yes,no,yes,yes,yes,no,yes
notes/Leetcode 题解 - 数学.md,17,markdown_inline,link,1. 二进制加法,#1-二进制加法,#1-二进制加法,,1-二进制加法,notes/Leetcode 题解 - 数学.md,relative,anchor,yes,no,yes,yes,yes,no,yes
notes/Leetcode 题解 - 数学.md,18,markdown_inline,link,2. 字符串加法,#2-字符串加法,#2-字符串加法,,2-字符串加法,notes/Leetcode 题解 - 数学.md,relative,anchor,yes,no,yes,yes,yes,no,yes
notes/Leetcode 题解 - 数学.md,19,markdown_inline,link,相遇问题,#相遇问题,#相遇问题,,相遇问题,notes/Leetcode 题解 - 数学.md,relative,anchor,yes,no,yes,yes,yes,no,yes
notes/Leetcode 题解 - 数学.md,20,markdown_inline,link,1. 改变数组元素使所有的数组元素都相等,#1-改变数组元素使所有的数组元素都相等,#1-改变数组元素使所有的数组元素都相等,,1-改变数组元素使所有的数组元素都相等,notes/Leetcode 题解 - 数学.md,relative,anchor,yes,no,yes,yes,yes,no,yes
notes/Leetcode 题解 - 数学.md,21,markdown_inline,link,多数投票问题,#多数投票问题,#多数投票问题,,多数投票问题,notes/Leetcode 题解 - 数学.md,relative,anchor,yes,no,yes,yes,yes,no,yes
notes/Leetcode 题解 - 数学.md,22,markdown_inline,link,1. 数组中出现次数多于 n / 2 的元素,#1-数组中出现次数多于-n--2-的元素,#1-数组中出现次数多于-n--2-的元素,,1-数组中出现次数多于-n--2-的元素,notes/Leetcode 题解 - 数学.md,relative,anchor,yes,no,yes,yes,yes,no,yes
notes/Leetcode 题解 - 数学.md,23,markdown_inline,link,其它,#其它,#其它,,其它,notes/Leetcode 题解 - 数学.md,relative,anchor,yes,no,yes,yes,yes,no,yes
notes/Leetcode 题解 - 数学.md,24,markdown_inline,link,1. 平方数,#1-平方数,#1-平方数,,1-平方数,notes/Leetcode 题解 - 数学.md,relative,anchor,yes,no,yes,yes,yes,no,yes
notes/Leetcode 题解 - 数学.md,25,markdown_inline,link,2. 3 的 n 次方,#2-3-的-n-次方,#2-3-的-n-次方,,2-3-的-n-次方,notes/Leetcode 题解 - 数学.md,relative,anchor,yes,no,yes,yes,yes,no,yes
notes/Leetcode 题解 - 数学.md,26,markdown_inline,link,3. 乘积数组,#3-乘积数组,#3-乘积数组,,3-乘积数组,notes/Leetcode 题解 - 数学.md,relative,anchor,yes,no,yes,yes,yes,no,yes
notes/Leetcode 题解 - 数学.md,27,markdown_inline,link,4. 找出数组中的乘积最大的三个数,#4-找出数组中的乘积最大的三个数,#4-找出数组中的乘积最大的三个数,,4-找出数组中的乘积最大的三个数,notes/Leetcode 题解 - 数学.md,relative,anchor,yes,no,yes,yes,yes,no,yes
notes/Leetcode 题解 - 数学.md,93,markdown_inline,link,编程之美：2.7,#,#,,,notes/Leetcode 题解 - 数学.md,relative,anchor,yes,no,yes,no,no,no,yes
notes/Leetcode 题解 - 数学.md,241,markdown_inline,link,编程之美：2.2,#,#,,,notes/Leetcode 题解 - 数学.md,relative,anchor,yes,no,yes,no,no,no,yes
notes/Leetcode 题解 - 数组与矩阵.md,3,markdown_inline,link,Leetcode 题解 - 数组与矩阵,#leetcode-题解---数组与矩阵,#leetcode-题解---数组与矩阵,,leetcode-题解---数组与矩阵,notes/Leetcode 题解 - 数组与矩阵.md,relative,anchor,yes,no,yes,yes,yes,no,yes
notes/Leetcode 题解 - 数组与矩阵.md,4,markdown_inline,link,1. 把数组中的 0 移到末尾,#1-把数组中的-0-移到末尾,#1-把数组中的-0-移到末尾,,1-把数组中的-0-移到末尾,notes/Leetcode 题解 - 数组与矩阵.md,relative,anchor,yes,no,yes,yes,yes,no,yes
notes/Leetcode 题解 - 数组与矩阵.md,5,markdown_inline,link,2. 改变矩阵维度,#2-改变矩阵维度,#2-改变矩阵维度,,2-改变矩阵维度,notes/Leetcode 题解 - 数组与矩阵.md,relative,anchor,yes,no,yes,yes,yes,no,yes
notes/Leetcode 题解 - 数组与矩阵.md,6,markdown_inline,link,3. 找出数组中最长的连续 1,#3-找出数组中最长的连续-1,#3-找出数组中最长的连续-1,,3-找出数组中最长的连续-1,notes/Leetcode 题解 - 数组与矩阵.md,relative,anchor,yes,no,yes,yes,yes,no,yes
notes/Leetcode 题解 - 数组与矩阵.md,7,markdown_inline,link,4. 有序矩阵查找,#4-有序矩阵查找,#4-有序矩阵查找,,4-有序矩阵查找,notes/Leetcode 题解 - 数组与矩阵.md,relative,anchor,yes,no,yes,yes,yes,no,yes
notes/Leetcode 题解 - 数组与矩阵.md,8,markdown_inline,link,5. 有序矩阵的 Kth Element,#5-有序矩阵的-kth-element,#5-有序矩阵的-kth-element,,5-有序矩阵的-kth-element,notes/Leetcode 题解 - 数组与矩阵.md,relative,anchor,yes,no,yes,yes,yes,no,yes
notes/Leetcode 题解 - 数组与矩阵.md,11,markdown_inline,link,8. 数组相邻差值的个数,#8-数组相邻差值的个数,#8-数组相邻差值的个数,,8-数组相邻差值的个数,notes/Leetcode 题解 - 数组与矩阵.md,relative,anchor,yes,no,yes,yes,yes,no,yes
notes/Leetcode 题解 - 数组与矩阵.md,12,markdown_inline,link,9. 数组的度,#9-数组的度,#9-数组的度,,9-数组的度,notes/Leetcode 题解 - 数组与矩阵.md,relative,anchor,yes,no,yes,yes,yes,no,yes
notes/Leetcode 题解 - 数组与矩阵.md,13,markdown_inline,link,10. 对角元素相等的矩阵,#10-对角元素相等的矩阵,#10-对角元素相等的矩阵,,10-对角元素相等的矩阵,notes/Leetcode 题解 - 数组与矩阵.md,relative,anchor,yes,no,yes,yes,yes,no,yes
notes/Leetcode 题解 - 数组与矩阵.md,14,markdown_inline,link,11. 嵌套数组,#11-嵌套数组,#11-嵌套数组,,11-嵌套数组,notes/Leetcode 题解 - 数组与矩阵.md,relative,anchor,yes,no,yes,yes,yes,no,yes
notes/Leetcode 题解 - 数组与矩阵.md,15,markdown_inline,link,12. 分隔数组,#12-分隔数组,#12-分隔数组,,12-分隔数组,notes/Leetcode 题解 - 数组与矩阵.md,relative,anchor,yes,no,yes,yes,yes,no,yes
notes/Leetcode 题解 - 栈和队列.md,3,markdown_inline,link,Leetcode 题解 - 栈和队列,#leetcode-题解---栈和队列,#leetcode-题解---栈和队列,,leetcode-题解---栈和队列,notes/Leetcode 题解 - 栈和队列.md,relative,anchor,yes,no,yes,yes,yes,no,yes
notes/Leetcode 题解 - 栈和队列.md,4,markdown_inline,link,1. 用栈实现队列,#1-用栈实现队列,#1-用栈实现队列,,1-用栈实现队列,notes/Leetcode 题解 - 栈和队列.md,relative,anchor,yes,no,yes,yes,yes,no,yes
notes/Leetcode 题解 - 栈和队列.md,5,markdown_inline,link,2. 用队列实现栈,#2-用队列实现栈,#2-用队列实现栈,,2-用队列实现栈,notes/Leetcode 题解 - 栈和队列.md,relative,anchor,yes,no,yes,yes,yes,no,yes
notes/Leetcode 题解 - 栈和队列.md,6,markdown_inline,link,3. 最小值栈,#3-最小值栈,#3-最小值栈,,3-最小值栈,notes/Leetcode 题解 - 栈和队列.md,relative,anchor,yes,no,yes,yes,yes,no,yes
notes/Leetcode 题解 - 栈和队列.md,7,markdown_inline,link,4. 用栈实现括号匹配,#4-用栈实现括号匹配,#4-用栈实现括号匹配,,4-用栈实现括号匹配,notes/Leetcode 题解 - 栈和队列.md,relative,anchor,yes,no,yes,yes,yes,no,yes
notes/Leetcode 题解 - 栈和队列.md,8,markdown_inline,link,5. 数组中元素与下一个比它大的元素之间的距离,#5-数组中元素与下一个比它大的元素之间的距离,#5-数组中元素与下一个比它大的元素之间的距离,,5-数组中元素与下一个比它大的元素之间的距离,notes/Leetcode 题解 - 栈和队列.md,relative,anchor,yes,no,yes,yes,yes,no,yes
notes/Leetcode 题解 - 栈和队列.md,9,markdown_inline,link,6. 循环数组中比当前元素大的下一个元素,#6-循环数组中比当前元素大的下一个元素,#6-循环数组中比当前元素大的下一个元素,,6-循环数组中比当前元素大的下一个元素,notes/Leetcode 题解 - 栈和队列.md,relative,anchor,yes,no,yes,yes,yes,no,yes
notes/Leetcode 题解 - 树.md,3,markdown_inline,link,Leetcode 题解 - 树,#leetcode-题解---树,#leetcode-题解---树,,leetcode-题解---树,notes/Leetcode 题解 - 树.md,relative,anchor,yes,no,yes,yes,yes,no,yes
notes/Leetcode 题解 - 树.md,4,markdown_inline,link,递归,#递归,#递归,,递归,notes/Leetcode 题解 - 树.md,relative,anchor,yes,no,yes,yes,yes,no,yes
notes/Leetcode 题解 - 树.md,5,markdown_inline,link,1. 树的高度,#1-树的高度,#1-树的高度,,1-树的高度,notes/Leetcode 题解 - 树.md,relative,anchor,yes,no,yes,yes,yes,no,yes
notes/Leetcode 题解 - 树.md,6,markdown_inline,link,2. 平衡树,#2-平衡树,#2-平衡树,,2-平衡树,notes/Leetcode 题解 - 树.md,relative,anchor,yes,no,yes,yes,yes,no,yes
notes/Leetcode 题解 - 树.md,7,markdown_inline,link,3. 两节点的最长路径,#3-两节点的最长路径,#3-两节点的最长路径,,3-两节点的最长路径,notes/Leetcode 题解 - 树.md,relative,anchor,yes,no,yes,yes,yes,no,yes
notes/Leetcode 题解 - 树.md,8,markdown_inline,link,4. 翻转树,#4-翻转树,#4-翻转树,,4-翻转树,notes/Leetcode 题解 - 树.md,relative,anchor,yes,no,yes,yes,yes,no,yes
notes/Leetcode 题解 - 树.md,9,markdown_inline,link,5. 归并两棵树,#5-归并两棵树,#5-归并两棵树,,5-归并两棵树,notes/Leetcode 题解 - 树.md,relative,anchor,yes,no,yes,yes,yes,no,yes
notes/Leetcode 题解 - 树.md,10,markdown_inline,link,6. 判断路径和是否等于一个数,#6-判断路径和是否等于一个数,#6-判断路径和是否等于一个数,,6-判断路径和是否等于一个数,notes/Leetcode 题解 - 树.md,relative,anchor,yes,no,yes,yes,yes,no,yes
notes/Leetcode 题解 - 树.md,11,markdown_inline,link,7. 统计路径和等于一个数的路径数量,#7-统计路径和等于一个数的路径数量,#7-统计路径和等于一个数的路径数量,,7-统计路径和等于一个数的路径数量,notes/Leetcode 题解 - 树.md,relative,anchor,yes,no,yes,yes,yes,no,yes
notes/Leetcode 题解 - 树.md,12,markdown_inline,link,8. 子树,#8-子树,#8-子树,,8-子树,notes/Leetcode 题解 - 树.md,relative,anchor,yes,no,yes,yes,yes,no,yes
notes/Leetcode 题解 - 树.md,13,markdown_inline,link,9. 树的对称,#9-树的对称,#9-树的对称,,9-树的对称,notes/Leetcode 题解 - 树.md,relative,anchor,yes,no,yes,yes,yes,no,yes
notes/Leetcode 题解 - 树.md,14,markdown_inline,link,10. 最小路径,#10-最小路径,#10-最小路径,,10-最小路径,notes/Leetcode 题解 - 树.md,relative,anchor,yes,no,yes,yes,yes,no,yes
notes/Leetcode 题解 - 树.md,15,markdown_inline,link,11. 统计左叶子节点的和,#11-统计左叶子节点的和,#11-统计左叶子节点的和,,11-统计左叶子节点的和,notes/Leetcode 题解 - 树.md,relative,anchor,yes,no,yes,yes,yes,no,yes
notes/Leetcode 题解 - 树.md,16,markdown_inline,link,12. 相同节点值的最大路径长度,#12-相同节点值的最大路径长度,#12-相同节点值的最大路径长度,,12-相同节点值的最大路径长度,notes/Leetcode 题解 - 树.md,relative,anchor,yes,no,yes,yes,yes,no,yes
notes/Leetcode 题解 - 树.md,17,markdown_inline,link,13. 间隔遍历,#13-间隔遍历,#13-间隔遍历,,13-间隔遍历,notes/Leetcode 题解 - 树.md,relative,anchor,yes,no,yes,yes,yes,no,yes
notes/Leetcode 题解 - 树.md,18,markdown_inline,link,14. 找出二叉树中第二小的节点,#14-找出二叉树中第二小的节点,#14-找出二叉树中第二小的节点,,14-找出二叉树中第二小的节点,notes/Leetcode 题解 - 树.md,relative,anchor,yes,no,yes,yes,yes,no,yes
notes/Leetcode 题解 - 树.md,19,markdown_inline,link,层次遍历,#层次遍历,#层次遍历,,层次遍历,notes/Leetcode 题解 - 树.md,relative,anchor,yes,no,yes,yes,yes,no,yes
notes/Leetcode 题解 - 树.md,20,markdown_inline,link,1. 一棵树每层节点的平均数,#1-一棵树每层节点的平均数,#1-一棵树每层节点的平均数,,1-一棵树每层节点的平均数,notes/Leetcode 题解 - 树.md,relative,anchor,yes,no,yes,yes,yes,no,yes
notes/Leetcode 题解 - 树.md,21,markdown_inline,link,2. 得到左下角的节点,#2-得到左下角的节点,#2-得到左下角的节点,,2-得到左下角的节点,notes/Leetcode 题解 - 树.md,relative,anchor,yes,no,yes,yes,yes,no,yes
notes/Leetcode 题解 - 树.md,22,markdown_inline,link,前中后序遍历,#前中后序遍历,#前中后序遍历,,前中后序遍历,notes/Leetcode 题解 - 树.md,relative,anchor,yes,no,yes,yes,yes,no,yes
notes/Leetcode 题解 - 树.md,23,markdown_inline,link,1. 非递归实现二叉树的前序遍历,#1-非递归实现二叉树的前序遍历,#1-非递归实现二叉树的前序遍历,,1-非递归实现二叉树的前序遍历,notes/Leetcode 题解 - 树.md,relative,anchor,yes,no,yes,yes,yes,no,yes
notes/Leetcode 题解 - 树.md,24,markdown_inline,link,2. 非递归实现二叉树的后序遍历,#2-非递归实现二叉树的后序遍历,#2-非递归实现二叉树的后序遍历,,2-非递归实现二叉树的后序遍历,notes/Leetcode 题解 - 树.md,relative,anchor,yes,no,yes,yes,yes,no,yes
notes/Leetcode 题解 - 树.md,25,markdown_inline,link,3. 非递归实现二叉树的中序遍历,#3-非递归实现二叉树的中序遍历,#3-非递归实现二叉树的中序遍历,,3-非递归实现二叉树的中序遍历,notes/Leetcode 题解 - 树.md,relative,anchor,yes,no,yes,yes,yes,no,yes
notes/Leetcode 题解 - 树.md,26,markdown_inline,link,BST,#bst,#bst,,bst,notes/Leetcode 题解 - 树.md,relative,anchor,yes,no,no,no,no,no,no
notes/Leetcode 题解 - 树.md,27,markdown_inline,link,1. 修剪二叉查找树,#1-修剪二叉查找树,#1-修剪二叉查找树,,1-修剪二叉查找树,notes/Leetcode 题解 - 树.md,relative,anchor,yes,no,yes,yes,yes,no,yes
notes/Leetcode 题解 - 树.md,28,markdown_inline,link,2. 寻找二叉查找树的第 k 个元素,#2-寻找二叉查找树的第-k-个元素,#2-寻找二叉查找树的第-k-个元素,,2-寻找二叉查找树的第-k-个元素,notes/Leetcode 题解 - 树.md,relative,anchor,yes,no,yes,yes,yes,no,yes
notes/Leetcode 题解 - 树.md,29,markdown_inline,link,3. 把二叉查找树每个节点的值都加上比它大的节点的值,#3-把二叉查找树每个节点的值都加上比它大的节点的值,#3-把二叉查找树每个节点的值都加上比它大的节点的值,,3-把二叉查找树每个节点的值都加上比它大的节点的值,notes/Leetcode 题解 - 树.md,relative,anchor,yes,no,yes,yes,yes,no,yes
notes/Leetcode 题解 - 树.md,30,markdown_inline,link,4. 二叉查找树的最近公共祖先,#4-二叉查找树的最近公共祖先,#4-二叉查找树的最近公共祖先,,4-二叉查找树的最近公共祖先,notes/Leetcode 题解 - 树.md,relative,anchor,yes,no,yes,yes,yes,no,yes
notes/Leetcode 题解 - 树.md,31,markdown_inline,link,5. 二叉树的最近公共祖先,#5-二叉树的最近公共祖先,#5-二叉树的最近公共祖先,,5-二叉树的最近公共祖先,notes/Leetcode 题解 - 树.md,relative,anchor,yes,no,yes,yes,yes,no,yes
notes/Leetcode 题解 - 树.md,32,markdown_inline,link,6. 从有序数组中构造二叉查找树,#6-从有序数组中构造二叉查找树,#6-从有序数组中构造二叉查找树,,6-从有序数组中构造二叉查找树,notes/Leetcode 题解 - 树.md,relative,anchor,yes,no,yes,yes,yes,no,yes
notes/Leetcode 题解 - 树.md,33,markdown_inline,link,7. 根据有序链表构造平衡的二叉查找树,#7-根据有序链表构造平衡的二叉查找树,#7-根据有序链表构造平衡的二叉查找树,,7-根据有序链表构造平衡的二叉查找树,notes/Leetcode 题解 - 树.md,relative,anchor,yes,no,yes,yes,yes,no,yes
notes/Leetcode 题解 - 树.md,34,markdown_inline,link,8. 在二叉查找树中寻找两个节点，使它们的和为一个给定值,#8-在二叉查找树中寻找两个节点，使它们的和为一个给定值,#8-在二叉查找树中寻找两个节点，使它们的和为一个给定值,,8-在二叉查找树中寻找两个节点，使它们的和为一个给定值,notes/Leetcode 题解 - 树.md,relative,anchor,yes,no,yes,yes,yes,no,yes
notes/Leetcode 题解 - 树.md,35,markdown_inline,link,9. 在二叉查找树中查找两个节点之差的最小绝对值,#9-在二叉查找树中查找两个节点之差的最小绝对值,#9-在二叉查找树中查找两个节点之差的最小绝对值,,9-在二叉查找树中查找两个节点之差的最小绝对值,notes/Leetcode 题解 - 树.md,relative,anchor,yes,no,yes,yes,yes,no,yes
notes/Leetcode 题解 - 树.md,36,markdown_inline,link,10. 寻找二叉查找树中出现次数最多的值,#10-寻找二叉查找树中出现次数最多的值,#10-寻找二叉查找树中出现次数最多的值,,10-寻找二叉查找树中出现次数最多的值,notes/Leetcode 题解 - 树.md,relative,anchor,yes,no,yes,yes,yes,no,yes
notes/Leetcode 题解 - 树.md,37,markdown_inline,link,Trie,#trie,#trie,,trie,notes/Leetcode 题解 - 树.md,relative,anchor,yes,no,no,no,no,no,no
notes/Leetcode 题解 - 树.md,38,markdown_inline,link,1. 实现一个 Trie,#1-实现一个-trie,#1-实现一个-trie,,1-实现一个-trie,notes/Leetcode 题解 - 树.md,relative,anchor,yes,no,yes,yes,yes,no,yes
notes/Leetcode 题解 - 树.md,39,markdown_inline,link,2. 实现一个 Trie，用来求前缀和,#2-实现一个-trie，用来求前缀和,#2-实现一个-trie，用来求前缀和,,2-实现一个-trie，用来求前缀和,notes/Leetcode 题解 - 树.md,relative,anchor,yes,no,yes,yes,yes,no,yes
notes/Leetcode 题解 - 目录.md,9,markdown_inline,link,双指针,Leetcode%20题解%20-%20双指针.md,Leetcode 题解 - 双指针.md,Leetcode 题解 - 双指针.md,,notes/Leetcode 题解 - 双指针.md,relative,file,yes,no,yes,yes,yes,no,yes
notes/Leetcode 题解 - 目录.md,10,markdown_inline,link,排序,Leetcode%20题解%20-%20排序.md,Leetcode 题解 - 排序.md,Leetcode 题解 - 排序.md,,notes/Leetcode 题解 - 排序.md,relative,file,yes,no,yes,yes,yes,no,yes
notes/Leetcode 题解 - 目录.md,11,markdown_inline,link,贪心思想,Leetcode%20题解%20-%20贪心思想.md,Leetcode 题解 - 贪心思想.md,Leetcode 题解 - 贪心思想.md,,notes/Leetcode 题解 - 贪心思想.md,relative,file,yes,no,yes,yes,yes,no,yes
notes/Leetcode 题解 - 目录.md,12,markdown_inline,link,二分查找,Leetcode%20题解%20-%20二分查找.md,Leetcode 题解 - 二分查找.md,Leetcode 题解 - 二分查找.md,,notes/Leetcode 题解 - 二分查找.md,relative,file,yes,no,yes,yes,yes,no,yes
notes/Leetcode 题解 - 目录.md,13,markdown_inline,link,分治,Leetcode%20题解%20-%20分治.md,Leetcode 题解 - 分治.md,Leetcode 题解 - 分治.md,,notes/Leetcode 题解 - 分治.md,relative,file,yes,no,yes,yes,yes,no,yes
notes/Leetcode 题解 - 目录.md,14,markdown_inline,link,搜索,Leetcode%20题解%20-%20搜索.md,Leetcode 题解 - 搜索.md,Leetcode 题解 - 搜索.md,,notes/Leetcode 题解 - 搜索.md,relative,file,yes,no,yes,yes,yes,no,yes
notes/Leetcode 题解 - 目录.md,15,markdown_inline,link,动态规划,Leetcode%20题解%20-%20动态规划.md,Leetcode 题解 - 动态规划.md,Leetcode 题解 - 动态规划.md,,notes/Leetcode 题解 - 动态规划.md,relative,file,yes,no,yes,yes,yes,no,yes
notes/Leetcode 题解 - 目录.md,16,markdown_inline,link,数学,Leetcode%20题解%20-%20数学.md,Leetcode 题解 - 数学.md,Leetcode 题解 - 数学.md,,notes/Leetcode 题解 - 数学.md,relative,file,yes,no,yes,yes,yes,no,yes
notes/Leetcode 题解 - 目录.md,20,markdown_inline,link,链表,Leetcode%20题解%20-%20链表.md,Leetcode 题解 - 链表.md,Leetcode 题解 - 链表.md,,notes/Leetcode 题解 - 链表.md,relative,file,yes,no,yes,yes,yes,no,yes
notes/Leetcode 题解 - 目录.md,21,markdown_inline,link,树,Leetcode%20题解%20-%20树.md,Leetcode 题解 - 树.md,Leetcode 题解 - 树.md,,notes/Leetcode 题解 - 树.md,relative,file,yes,no,yes,yes,yes,no,yes
notes/Leetcode 题解 - 目录.md,22,markdown_inline,link,栈和队列,Leetcode%20题解%20-%20栈和队列.md,Leetcode 题解 - 栈和队列.md,Leetcode 题解 - 栈和队列.md,,notes/Leetcode 题解 - 栈和队列.md,relative,file,yes,no,yes,yes,yes,no,yes
notes/Leetcode 题解 - 目录.md,23,markdown_inline,link,哈希表,Leetcode%20题解%20-%20哈希表.md,Leetcode 题解 - 哈希表.md,Leetcode 题解 - 哈希表.md,,notes/Leetcode 题解 - 哈希表.md,relative,file,yes,no,yes,yes,yes,no,yes
notes/Leetcode 题解 - 目录.md,24,markdown_inline,link,字符串,Leetcode%20题解%20-%20字符串.md,Leetcode 题解 - 字符串.md,Leetcode 题解 - 字符串.md,,notes/Leetcode 题解 - 字符串.md,relative,file,yes,no,yes,yes,yes,no,yes
notes/Leetcode 题解 - 目录.md,25,markdown_inline,link,数组与矩阵,Leetcode%20题解%20-%20数组与矩阵.md,Leetcode 题解 - 数组与矩阵.md,Leetcode 题解 - 数组与矩阵.md,,notes/Leetcode 题解 - 数组与矩阵.md,relative,file,yes,no,yes,yes,yes,no,yes
notes/Leetcode 题解 - 目录.md,26,markdown_inline,link,图,Leetcode%20题解%20-%20图.md,Leetcode 题解 - 图.md,Leetcode 题解 - 图.md,,notes/Leetcode 题解 - 图.md,relative,file,yes,no,yes,yes,yes,no,yes
notes/Leetcode 题解 - 目录.md,27,markdown_inline,link,位运算,Leetcode%20题解%20-%20位运算.md,Leetcode 题解 - 位运算.md,Leetcode 题解 - 位运算.md,,notes/Leetcode 题解 - 位运算.md,relative,file,yes,no,yes,yes,yes,no,yes
notes/Leetcode 题解 - 贪心思想.md,3,markdown_inline,link,Leetcode 题解 - 贪心思想,#leetcode-题解---贪心思想,#leetcode-题解---贪心思想,,leetcode-题解---贪心思想,notes/Leetcode 题解 - 贪心思想.md,relative,anchor,yes,no,yes,yes,yes,no,yes
notes/Leetcode 题解 - 贪心思想.md,4,markdown_inline,link,1. 分配饼干,#1-分配饼干,#1-分配饼干,,1-分配饼干,notes/Leetcode 题解 - 贪心思想.md,relative,anchor,yes,no,yes,yes,yes,no,yes
notes/Leetcode 题解 - 贪心思想.md,5,markdown_inline,link,2. 不重叠的区间个数,#2-不重叠的区间个数,#2-不重叠的区间个数,,2-不重叠的区间个数,notes/Leetcode 题解 - 贪心思想.md,relative,anchor,yes,no,yes,yes,yes,no,yes
notes/Leetcode 题解 - 贪心思想.md,6,markdown_inline,link,3. 投飞镖刺破气球,#3-投飞镖刺破气球,#3-投飞镖刺破气球,,3-投飞镖刺破气球,notes/Leetcode 题解 - 贪心思想.md,relative,anchor,yes,no,yes,yes,yes,no,yes
notes/Leetcode 题解 - 贪心思想.md,7,markdown_inline,link,4. 根据身高和序号重组队列,#4-根据身高和序号重组队列,#4-根据身高和序号重组队列,,4-根据身高和序号重组队列,notes/Leetcode 题解 - 贪心思想.md,relative,anchor,yes,no,yes,yes,yes,no,yes
notes/Leetcode 题解 - 贪心思想.md,8,markdown_inline,link,5. 买卖股票最大的收益,#5-买卖股票最大的收益,#5-买卖股票最大的收益,,5-买卖股票最大的收益,notes/Leetcode 题解 - 贪心思想.md,relative,anchor,yes,no,yes,yes,yes,no,yes
notes/Leetcode 题解 - 贪心思想.md,9,markdown_inline,link,6. 买卖股票的最大收益 II,#6-买卖股票的最大收益-ii,#6-买卖股票的最大收益-ii,,6-买卖股票的最大收益-ii,notes/Leetcode 题解 - 贪心思想.md,relative,anchor,yes,no,yes,yes,yes,no,yes
notes/Leetcode 题解 - 贪心思想.md,10,markdown_inline,link,7. 种植花朵,#7-种植花朵,#7-种植花朵,,7-种植花朵,notes/Leetcode 题解 - 贪心思想.md,relative,anchor,yes,no,yes,yes,yes,no,yes
notes/Leetcode 题解 - 贪心思想.md,11,markdown_inline,link,8. 判断是否为子序列,#8-判断是否为子序列,#8-判断是否为子序列,,8-判断是否为子序列,notes/Leetcode 题解 - 贪心思想.md,relative,anchor,yes,no,yes,yes,yes,no,yes
notes/Leetcode 题解 - 贪心思想.md,12,markdown_inline,link,9. 修改一个数成为非递减数组,#9-修改一个数成为非递减数组,#9-修改一个数成为非递减数组,,9-修改一个数成为非递减数组,notes/Leetcode 题解 - 贪心思想.md,relative,anchor,yes,no,yes,yes,yes,no,yes
notes/Leetcode 题解 - 贪心思想.md,13,markdown_inline,link,10. 子数组最大的和,#10-子数组最大的和,#10-子数组最大的和,,10-子数组最大的和,notes/Leetcode 题解 - 贪心思想.md,relative,anchor,yes,no,yes,yes,yes,no,yes
notes/Leetcode 题解 - 贪心思想.md,14,markdown_inline,link,11. 分隔字符串使同种字符出现在一起,#11-分隔字符串使同种字符出现在一起,#11-分隔字符串使同种字符出现在一起,,11-分隔字符串使同种字符出现在一起,notes/Leetcode 题解 - 贪心思想.md,relative,anchor,yes,no,yes,yes,yes,no,yes
notes/Leetcode 题解 - 链表.md,3,markdown_inline,link,Leetcode 题解 - 链表,#leetcode-题解---链表,#leetcode-题解---链表,,leetcode-题解---链表,notes/Leetcode 题解 - 链表.md,relative,anchor,yes,no,yes,yes,yes,no,yes
notes/Leetcode 题解 - 链表.md,4,markdown_inline,link,1. 找出两个链表的交点,#1-找出两个链表的交点,#1-找出两个链表的交点,,1-找出两个链表的交点,notes/Leetcode 题解 - 链表.md,relative,anchor,yes,no,yes,yes,yes,no,yes
notes/Leetcode 题解 - 链表.md,5,markdown_inline,link,2. 链表反转,#2-链表反转,#2-链表反转,,2-链表反转,notes/Leetcode 题解 - 链表.md,relative,anchor,yes,no,yes,yes,yes,no,yes
notes/Leetcode 题解 - 链表.md,6,markdown_inline,link,3. 归并两个有序的链表,#3-归并两个有序的链表,#3-归并两个有序的链表,,3-归并两个有序的链表,notes/Leetcode 题解 - 链表.md,relative,anchor,yes,no,yes,yes,yes,no,yes
notes/Leetcode 题解 - 链表.md,7,markdown_inline,link,4. 从有序链表中删除重复节点,#4-从有序链表中删除重复节点,#4-从有序链表中删除重复节点,,4-从有序链表中删除重复节点,notes/Leetcode 题解 - 链表.md,relative,anchor,yes,no,yes,yes,yes,no,yes
notes/Leetcode 题解 - 链表.md,8,markdown_inline,link,5. 删除链表的倒数第 n 个节点,#5-删除链表的倒数第-n-个节点,#5-删除链表的倒数第-n-个节点,,5-删除链表的倒数第-n-个节点,notes/Leetcode 题解 - 链表.md,relative,anchor,yes,no,yes,yes,yes,no,yes
notes/Leetcode 题解 - 链表.md,9,markdown_inline,link,6. 交换链表中的相邻结点,#6-交换链表中的相邻结点,#6-交换链表中的相邻结点,,6-交换链表中的相邻结点,notes/Leetcode 题解 - 链表.md,relative,anchor,yes,no,yes,yes,yes,no,yes
notes/Leetcode 题解 - 链表.md,10,markdown_inline,link,7. 链表求和,#7-链表求和,#7-链表求和,,7-链表求和,notes/Leetcode 题解 - 链表.md,relative,anchor,yes,no,yes,yes,yes,no,yes
notes/Leetcode 题解 - 链表.md,11,markdown_inline,link,8. 回文链表,#8-回文链表,#8-回文链表,,8-回文链表,notes/Leetcode 题解 - 链表.md,relative,anchor,yes,no,yes,yes,yes,no,yes
notes/Leetcode 题解 - 链表.md,12,markdown_inline,link,9. 分隔链表,#9-分隔链表,#9-分隔链表,,9-分隔链表,notes/Leetcode 题解 - 链表.md,relative,anchor,yes,no,yes,yes,yes,no,yes
notes/Leetcode 题解 - 链表.md,13,markdown_inline,link,10. 链表元素按奇偶聚集,#10-链表元素按奇偶聚集,#10-链表元素按奇偶聚集,,10-链表元素按奇偶聚集,notes/Leetcode 题解 - 链表.md,relative,anchor,yes,no,yes,yes,yes,no,yes
notes/Leetcode 题解.md,1,markdown_inline,link,Leetcode 题解,https://github.com/CyC2018/CS-Notes/blob/master/notes/Leetcode%20%E9%A2%98%E8%A7%A3%20-%20%E7%9B%AE%E5%BD%95.md,https://github.com/CyC2018/CS-Notes/blob/master/notes/Leetcode 题解 - 目录.md,notes/Leetcode 题解 - 目录.md,,notes/Leetcode 题解 - 目录.md,github_repo_url,file,yes,no,yes,no,yes,no,yes
notes/Linux.md,3,markdown_inline,link,Linux,#linux,#linux,,linux,notes/Linux.md,relative,anchor,yes,no,no,no,no,no,no
notes/Linux.md,4,markdown_inline,link,前言,#前言,#前言,,前言,notes/Linux.md,relative,anchor,yes,no,yes,yes,yes,no,yes
notes/Linux.md,5,markdown_inline,link,一、常用操作以及概念,#一常用操作以及概念,#一常用操作以及概念,,一常用操作以及概念,notes/Linux.md,relative,anchor,yes,no,yes,yes,yes,no,yes
notes/Linux.md,6,markdown_inline,link,快捷键,#快捷键,#快捷键,,快捷键,notes/Linux.md,relative,anchor,yes,no,yes,yes,yes,no,yes
notes/Linux.md,7,markdown_inline,link,求助,#求助,#求助,,求助,notes/Linux.md,relative,anchor,yes,no,yes,yes,yes,no,yes
notes/Linux.md,8,markdown_inline,link,关机,#关机,#关机,,关机,notes/Linux.md,relative,anchor,yes,no,yes,yes,yes,no,yes
notes/Linux.md,9,markdown_inline,link,PATH,#path,#path,,path,notes/Linux.md,relative,anchor,yes,no,no,no,no,no,no
notes/Linux.md,10,markdown_inline,link,sudo,#sudo,#sudo,,sudo,notes/Linux.md,relative,anchor,yes,no,no,no,no,no,no
notes/Linux.md,11,markdown_inline,link,包管理工具,#包管理工具,#包管理工具,,包管理工具,notes/Linux.md,relative,anchor,yes,no,yes,yes,yes,no,yes
notes/Linux.md,12,markdown_inline,link,发行版,#发行版,#发行版,,发行版,notes/Linux.md,relative,anchor,yes,no,yes,yes,yes,no,yes
notes/Linux.md,13,markdown_inline,link,VIM 三个模式,#vim-三个模式,#vim-三个模式,,vim-三个模式,notes/Linux.md,relative,anchor,yes,no,yes,yes,yes,no,yes
notes/Linux.md,14,markdown_inline,link,GNU,#gnu,#gnu,,gnu,notes/Linux.md,relative,anchor,yes,no,no,no,no,no,no
notes/Linux.md,15,markdown_inline,link,开源协议,#开源协议,#开源协议,,开源协议,notes/Linux.md,relative,anchor,yes,no,yes,yes,yes,no,yes
notes/Linux.md,16,markdown_inline,link,二、磁盘,#二磁盘,#二磁盘,,二磁盘,notes/Linux.md,relative,anchor,yes,no,yes,yes,yes,no,yes
notes/Linux.md,17,markdown_inline,link,磁盘接口,#磁盘接口,#磁盘接口,,磁盘接口,notes/Linux.md,relative,anchor,yes,no,yes,yes,yes,no,yes
notes/Linux.md,18,markdown_inline,link,磁盘的文件名,#磁盘的文件名,#磁盘的文件名,,磁盘的文件名,notes/Linux.md,relative,anchor,yes,no,yes,yes,yes,no,yes
notes/Linux.md,19,markdown_inline,link,三、分区,#三分区,#三分区,,三分区,notes/Linux.md,relative,anchor,yes,no,yes,yes,yes,no,yes
notes/Linux.md,20,markdown_inline,link,分区表,#分区表,#分区表,,分区表,notes/Linux.md,relative,anchor,yes,no,yes,yes,yes,no,yes
notes/Linux.md,21,markdown_inline,link,开机检测程序,#开机检测程序,#开机检测程序,,开机检测程序,notes/Linux.md,relative,anchor,yes,no,yes,yes,yes,no,yes
notes/Linux.md,22,markdown_inline,link,四、文件系统,#四文件系统,#四文件系统,,四文件系统,notes/Linux.md,relative,anchor,yes,no,yes,yes,yes,no,yes
notes/Linux.md,23,markdown_inline,link,分区与文件系统,#分区与文件系统,#分区与文件系统,,分区与文件系统,notes/Linux.md,relative,anchor,yes,no,yes,yes,yes,no,yes
notes/Linux.md,24,markdown_inline,link,组成,#组成,#组成,,组成,notes/Linux.md,relative,anchor,yes,no,yes,yes,yes,no,yes
notes/Linux.md,25,markdown_inline,link,文件读取,#文件读取,#文件读取,,文件读取,notes/Linux.md,relative,anchor,yes,no,yes,yes,yes,no,yes
notes/Linux.md,26,markdown_inline,link,磁盘碎片,#磁盘碎片,#磁盘碎片,,磁盘碎片,notes/Linux.md,relative,anchor,yes,no,yes,yes,yes,no,yes
notes/Linux.md,27,markdown_inline,link,block,#block,#block,,block,notes/Linux.md,relative,anchor,yes,no,no,no,no,no,no
notes/Linux.md,28,markdown_inline,link,inode,#inode,#inode,,inode,notes/Linux.md,relative,anchor,yes,no,no,no,no,no,no
notes/Linux.md,29,markdown_inline,link,目录,#目录,#目录,,目录,notes/Linux.md,relative,anchor,yes,no,yes,yes,yes,no,yes
notes/Linux.md,30,markdown_inline,link,日志,#日志,#日志,,日志,notes/Linux.md,relative,anchor,yes,no,yes,yes,yes,no,yes
notes/Linux.md,31,markdown_inline,link,挂载,#挂载,#挂载,,挂载,notes/Linux.md,relative,anchor,yes,no,yes,yes,yes,no,yes
notes/Linux.md,32,markdown_inline,link,目录配置,#目录配置,#目录配置,,目录配置,notes/Linux.md,relative,anchor,yes,no,yes,yes,yes,no,yes
notes/Linux.md,33,markdown_inline,link,五、文件,#五文件,#五文件,,五文件,notes/Linux.md,relative,anchor,yes,no,yes,yes,yes,no,yes
notes/Linux.md,34,markdown_inline,link,文件属性,#文件属性,#文件属性,,文件属性,notes/Linux.md,relative,anchor,yes,no,yes,yes,yes,no,yes
notes/Linux.md,35,markdown_inline,link,文件与目录的基本操作,#文件与目录的基本操作,#文件与目录的基本操作,,文件与目录的基本操作,notes/Linux.md,relative,anchor,yes,no,yes,yes,yes,no,yes
notes/Linux.md,36,markdown_inline,link,修改权限,#修改权限,#修改权限,,修改权限,notes/Linux.md,relative,anchor,yes,no,yes,yes,yes,no,yes
notes/Linux.md,37,markdown_inline,link,默认权限,#默认权限,#默认权限,,默认权限,notes/Linux.md,relative,anchor,yes,no,yes,yes,yes,no,yes
notes/Linux.md,38,markdown_inline,link,目录的权限,#目录的权限,#目录的权限,,目录的权限,notes/Linux.md,relative,anchor,yes,no,yes,yes,yes,no,yes
notes/Linux.md,39,markdown_inline,link,链接,#链接,#链接,,链接,notes/Linux.md,relative,anchor,yes,no,yes,yes,yes,no,yes
notes/Linux.md,40,markdown_inline,link,获取文件内容,#获取文件内容,#获取文件内容,,获取文件内容,notes/Linux.md,relative,anchor,yes,no,yes,yes,yes,no,yes
notes/Linux.md,41,markdown_inline,link,指令与文件搜索,#指令与文件搜索,#指令与文件搜索,,指令与文件搜索,notes/Linux.md,relative,anchor,yes,no,yes,yes,yes,no,yes
notes/Linux.md,42,markdown_inline,link,六、压缩与打包,#六压缩与打包,#六压缩与打包,,六压缩与打包,notes/Linux.md,relative,anchor,yes,no,yes,yes,yes,no,yes
notes/Linux.md,43,markdown_inline,link,压缩文件名,#压缩文件名,#压缩文件名,,压缩文件名,notes/Linux.md,relative,anchor,yes,no,yes,yes,yes,no,yes
notes/Linux.md,44,markdown_inline,link,压缩指令,#压缩指令,#压缩指令,,压缩指令,notes/Linux.md,relative,anchor,yes,no,yes,yes,yes,no,yes
notes/Linux.md,45,markdown_inline,link,打包,#打包,#打包,,打包,notes/Linux.md,relative,anchor,yes,no,yes,yes,yes,no,yes
notes/Linux.md,46,markdown_inline,link,七、Bash,#七bash,#七bash,,七bash,notes/Linux.md,relative,anchor,yes,no,yes,yes,yes,no,yes
notes/Linux.md,47,markdown_inline,link,特性,#特性,#特性,,特性,notes/Linux.md,relative,anchor,yes,no,yes,yes,yes,no,yes
notes/Linux.md,48,markdown_inline,link,变量操作,#变量操作,#变量操作,,变量操作,notes/Linux.md,relative,anchor,yes,no,yes,yes,yes,no,yes
notes/Linux.md,49,markdown_inline,link,指令搜索顺序,#指令搜索顺序,#指令搜索顺序,,指令搜索顺序,notes/Linux.md,relative,anchor,yes,no,yes,yes,yes,no,yes
notes/Linux.md,50,markdown_inline,link,数据流重定向,#数据流重定向,#数据流重定向,,数据流重定向,notes/Linux.md,relative,anchor,yes,no,yes,yes,yes,no,yes
notes/Linux.md,51,markdown_inline,link,八、管道指令,#八管道指令,#八管道指令,,八管道指令,notes/Linux.md,relative,anchor,yes,no,yes,yes,yes,no,yes
notes/Linux.md,52,markdown_inline,link,提取指令,#提取指令,#提取指令,,提取指令,notes/Linux.md,relative,anchor,yes,no,yes,yes,yes,no,yes
notes/Linux.md,53,markdown_inline,link,排序指令,#排序指令,#排序指令,,排序指令,notes/Linux.md,relative,anchor,yes,no,yes,yes,yes,no,yes
notes/Linux.md,54,markdown_inline,link,双向输出重定向,#双向输出重定向,#双向输出重定向,,双向输出重定向,notes/Linux.md,relative,anchor,yes,no,yes,yes,yes,no,yes
notes/Linux.md,55,markdown_inline,link,字符转换指令,#字符转换指令,#字符转换指令,,字符转换指令,notes/Linux.md,relative,anchor,yes,no,yes,yes,yes,no,yes
notes/Linux.md,56,markdown_inline,link,分区指令,#分区指令,#分区指令,,分区指令,notes/Linux.md,relative,anchor,yes,no,yes,yes,yes,no,yes
notes/Linux.md,57,markdown_inline,link,九、正则表达式,#九正则表达式,#九正则表达式,,九正则表达式,notes/Linux.md,relative,anchor,yes,no,yes,yes,yes,no,yes
notes/Linux.md,58,markdown_inline,link,grep,#grep,#grep,,grep,notes/Linux.md,relative,anchor,yes,no,no,no,no,no,no
notes/Linux.md,59,markdown_inline,link,printf,#printf,#printf,,printf,notes/Linux.md,relative,anchor,yes,no,no,no,no,no,no
notes/Linux.md,60,markdown_inline,link,awk,#awk,#awk,,awk,notes/Linux.md,relative,anchor,yes,no,no,no,no,no,no
notes/Linux.md,61,markdown_inline,link,十、进程管理,#十进程管理,#十进程管理,,十进程管理,notes/Linux.md,relative,anchor,yes,no,yes,yes,yes,no,yes
notes/Linux.md,62,markdown_inline,link,查看进程,#查看进程,#查看进程,,查看进程,notes/Linux.md,relative,anchor,yes,no,yes,yes,yes,no,yes
notes/Linux.md,63,markdown_inline,link,进程状态,#进程状态,#进程状态,,进程状态,notes/Linux.md,relative,anchor,yes,no,yes,yes,yes,no,yes
notes/Linux.md,64,markdown_inline,link,SIGCHLD,#sigchld,#sigchld,,sigchld,notes/Linux.md,relative,anchor,yes,no,no,no,no,no,no
notes/Linux.md,65,markdown_inline,link,wait(),#wait,#wait,,wait,notes/Linux.md,relative,anchor,yes,no,no,no,no,no,no
notes/Linux.md,66,markdown_inline,link,waitpid(),#waitpid,#waitpid,,waitpid,notes/Linux.md,relative,anchor,yes,no,no,no,no,no,no
notes/Linux.md,67,markdown_inline,link,孤儿进程,#孤儿进程,#孤儿进程,,孤儿进程,notes/Linux.md,relative,anchor,yes,no,yes,yes,yes,no,yes
notes/Linux.md,68,markdown_inline,link,僵尸进程,#僵尸进程,#僵尸进程,,僵尸进程,notes/Linux.md,relative,anchor,yes,no,yes,yes,yes,no,yes
notes/Linux.md,69,markdown_inline,link,参考资料,#参考资料,#参考资料,,参考资料,notes/Linux.md,relative,anchor,yes,no,yes,yes,yes,no,yes
notes/MySQL.md,3,markdown_inline,link,MySQL,#mysql,#mysql,,mysql,notes/MySQL.md,relative,anchor,yes,no,no,no,no,no,no
notes/MySQL.md,4,markdown_inline,link,一、索引,#一索引,#一索引,,一索引,notes/MySQL.md,relative,anchor,yes,no,yes,yes,yes,no,yes
notes/MySQL.md,5,markdown_inline,link,B+ Tree 原理,#b-tree-原理,#b-tree-原理,,b-tree-原理,notes/MySQL.md,relative,anchor,yes,no,yes,yes,yes,no,yes
notes/MySQL.md,6,markdown_inline,link,MySQL 索引,#mysql-索引,#mysql-索引,,mysql-索引,notes/MySQL.md,relative,anchor,yes,no,yes,yes,yes,no,yes
notes/MySQL.md,7,markdown_inline,link,索引优化,#索引优化,#索引优化,,索引优化,notes/MySQL.md,relative,anchor,yes,no,yes,yes,yes,no,yes
notes/MySQL.md,8,markdown_inline,link,索引的优点,#索引的优点,#索引的优点,,索引的优点,notes/MySQL.md,relative,anchor,yes,no,yes,yes,yes,no,yes
notes/MySQL.md,9,markdown_inline,link,索引的使用条件,#索引的使用条件,#索引的使用条件,,索引的使用条件,notes/MySQL.md,relative,anchor,yes,no,yes,yes,yes,no,yes
notes/MySQL.md,10,markdown_inline,link,二、查询性能优化,#二查询性能优化,#二查询性能优化,,二查询性能优化,notes/MySQL.md,relative,anchor,yes,no,yes,yes,yes,no,yes
notes/MySQL.md,11,markdown_inline,link,使用 Explain 进行分析,#使用-explain-进行分析,#使用-explain-进行分析,,使用-explain-进行分析,notes/MySQL.md,relative,anchor,yes,no,yes,yes,yes,no,yes
notes/MySQL.md,12,markdown_inline,link,优化数据访问,#优化数据访问,#优化数据访问,,优化数据访问,notes/MySQL.md,relative,anchor,yes,no,yes,yes,yes,no,yes
notes/MySQL.md,13,markdown_inline,link,重构查询方式,#重构查询方式,#重构查询方式,,重构查询方式,notes/MySQL.md,relative,anchor,yes,no,yes,yes,yes,no,yes
notes/MySQL.md,14,markdown_inline,link,三、存储引擎,#三存储引擎,#三存储引擎,,三存储引擎,notes/MySQL.md,relative,anchor,yes,no,yes,yes,yes,no,yes
notes/MySQL.md,15,markdown_inline,link,InnoDB,#innodb,#innodb,,innodb,notes/MySQL.md,relative,anchor,yes,no,no,no,no,no,no
notes/MySQL.md,16,markdown_inline,link,MyISAM,#myisam,#myisam,,myisam,notes/MySQL.md,relative,anchor,yes,no,no,no,no,no,no
notes/MySQL.md,17,markdown_inline,link,比较,#比较,#比较,,比较,notes/MySQL.md,relative,anchor,yes,no,yes,yes,yes,no,yes
notes/MySQL.md,18,markdown_inline,link,四、数据类型,#四数据类型,#四数据类型,,四数据类型,notes/MySQL.md,relative,anchor,yes,no,yes,yes,yes,no,yes
notes/MySQL.md,19,markdown_inline,link,整型,#整型,#整型,,整型,notes/MySQL.md,relative,anchor,yes,no,yes,yes,yes,no,yes
notes/MySQL.md,20,markdown_inline,link,浮点数,#浮点数,#浮点数,,浮点数,notes/MySQL.md,relative,anchor,yes,no,yes,yes,yes,no,yes
notes/MySQL.md,21,markdown_inline,link,字符串,#字符串,#字符串,,字符串,notes/MySQL.md,relative,anchor,yes,no,yes,yes,yes,no,yes
notes/MySQL.md,22,markdown_inline,link,时间和日期,#时间和日期,#时间和日期,,时间和日期,notes/MySQL.md,relative,anchor,yes,no,yes,yes,yes,no,yes
notes/MySQL.md,23,markdown_inline,link,五、切分,#五切分,#五切分,,五切分,notes/MySQL.md,relative,anchor,yes,no,yes,yes,yes,no,yes
notes/MySQL.md,24,markdown_inline,link,水平切分,#水平切分,#水平切分,,水平切分,notes/MySQL.md,relative,anchor,yes,no,yes,yes,yes,no,yes
notes/MySQL.md,25,markdown_inline,link,垂直切分,#垂直切分,#垂直切分,,垂直切分,notes/MySQL.md,relative,anchor,yes,no,yes,yes,yes,no,yes
notes/MySQL.md,26,markdown_inline,link,Sharding 策略,#sharding-策略,#sharding-策略,,sharding-策略,notes/MySQL.md,relative,anchor,yes,no,yes,yes,yes,no,yes
notes/MySQL.md,27,markdown_inline,link,Sharding 存在的问题,#sharding-存在的问题,#sharding-存在的问题,,sharding-存在的问题,notes/MySQL.md,relative,anchor,yes,no,yes,yes,yes,no,yes
notes/MySQL.md,28,markdown_inline,link,六、复制,#六复制,#六复制,,六复制,notes/MySQL.md,relative,anchor,yes,no,yes,yes,yes,no,yes
notes/MySQL.md,29,markdown_inline,link,主从复制,#主从复制,#主从复制,,主从复制,notes/MySQL.md,relative,anchor,yes,no,yes,yes,yes,no,yes
notes/MySQL.md,30,markdown_inline,link,读写分离,#读写分离,#读写分离,,读写分离,notes/MySQL.md,relative,anchor,yes,no,yes,yes,yes,no,yes
notes/MySQL.md,31,markdown_inline,link,参考资料,#参考资料,#参考资料,,参考资料,notes/MySQL.md,relative,anchor,yes,no,yes,yes,yes,no,yes
notes/Redis.md,3,markdown_inline,link,Redis,#redis,#redis,,redis,notes/Redis.md,relative,anchor,yes,no,no,no,no,no,no
notes/Redis.md,4,markdown_inline,link,一、概述,#一概述,#一概述,,一概述,notes/Redis.md,relative,anchor,yes,no,yes,yes,yes,no,yes
notes/Redis.md,5,markdown_inline,link,二、数据类型,#二数据类型,#二数据类型,,二数据类型,notes/Redis.md,relative,anchor,yes,no,yes,yes,yes,no,yes
notes/Redis.md,6,markdown_inline,link,STRING,#string,#string,,string,notes/Redis.md,relative,anchor,yes,no,no,no,no,no,no
notes/Redis.md,7,markdown_inline,link,LIST,#list,#list,,list,notes/Redis.md,relative,anchor,yes,no,no,no,no,no,no
notes/Redis.md,8,markdown_inline,link,SET,#set,#set,,set,notes/Redis.md,relative,anchor,yes,no,no,no,no,no,no
notes/Redis.md,9,markdown_inline,link,HASH,#hash,#hash,,hash,notes/Redis.md,relative,anchor,yes,no,no,no,no,no,no
notes/Redis.md,10,markdown_inline,link,ZSET,#zset,#zset,,zset,notes/Redis.md,relative,anchor,yes,no,no,no,no,no,no
notes/Redis.md,11,markdown_inline,link,三、数据结构,#三数据结构,#三数据结构,,三数据结构,notes/Redis.md,relative,anchor,yes,no,yes,yes,yes,no,yes
notes/Redis.md,12,markdown_inline,link,字典,#字典,#字典,,字典,notes/Redis.md,relative,anchor,yes,no,yes,yes,yes,no,yes
notes/Redis.md,13,markdown_inline,link,跳跃表,#跳跃表,#跳跃表,,跳跃表,notes/Redis.md,relative,anchor,yes,no,yes,yes,yes,no,yes
notes/Redis.md,14,markdown_inline,link,四、使用场景,#四使用场景,#四使用场景,,四使用场景,notes/Redis.md,relative,anchor,yes,no,yes,yes,yes,no,yes
notes/Redis.md,15,markdown_inline,link,计数器,#计数器,#计数器,,计数器,notes/Redis.md,relative,anchor,yes,no,yes,yes,yes,no,yes
notes/Redis.md,16,markdown_inline,link,缓存,#缓存,#缓存,,缓存,notes/Redis.md,relative,anchor,yes,no,yes,yes,yes,no,yes
notes/Redis.md,17,markdown_inline,link,查找表,#查找表,#查找表,,查找表,notes/Redis.md,relative,anchor,yes,no,yes,yes,yes,no,yes
notes/Redis.md,18,markdown_inline,link,消息队列,#消息队列,#消息队列,,消息队列,notes/Redis.md,relative,anchor,yes,no,yes,yes,yes,no,yes
notes/Redis.md,19,markdown_inline,link,会话缓存,#会话缓存,#会话缓存,,会话缓存,notes/Redis.md,relative,anchor,yes,no,yes,yes,yes,no,yes
notes/Redis.md,20,markdown_inline,link,分布式锁实现,#分布式锁实现,#分布式锁实现,,分布式锁实现,notes/Redis.md,relative,anchor,yes,no,yes,yes,yes,no,yes
notes/Redis.md,21,markdown_inline,link,其它,#其它,#其它,,其它,notes/Redis.md,relative,anchor,yes,no,yes,yes,yes,no,yes
notes/Redis.md,22,markdown_inline,link,五、Redis 与 Memcached,#五redis-与-memcached,#五redis-与-memcached,,五redis-与-memcached,notes/Redis.md,relative,anchor,yes,no,yes,yes,yes,no,yes
notes/Redis.md,23,markdown_inline,link,数据类型,#数据类型,#数据类型,,数据类型,notes/Redis.md,relative,anchor,yes,no,yes,yes,yes,no,yes
notes/Redis.md,24,markdown_inline,link,数据持久化,#数据持久化,#数据持久化,,数据持久化,notes/Redis.md,relative,anchor,yes,no,yes,yes,yes,no,yes
notes/Redis.md,25,markdown_inline,link,分布式,#分布式,#分布式,,分布式,notes/Redis.md,relative,anchor,yes,no,yes,yes,yes,no,yes
notes/Redis.md,26,markdown_inline,link,内存管理机制,#内存管理机制,#内存管理机制,,内存管理机制,notes/Redis.md,relative,anchor,yes,no,yes,yes,yes,no,yes
notes/Redis.md,27,markdown_inline,link,六、键的过期时间,#六键的过期时间,#六键的过期时间,,六键的过期时间,notes/Redis.md,relative,anchor,yes,no,yes,yes,yes,no,yes
notes/Redis.md,28,markdown_inline,link,七、数据淘汰策略,#七数据淘汰策略,#七数据淘汰策略,,七数据淘汰策略,notes/Redis.md,relative,anchor,yes,no,yes,yes,yes,no,yes
notes/Redis.md,29,markdown_inline,link,八、持久化,#八持久化,#八持久化,,八持久化,notes/Redis.md,relative,anchor,yes,no,yes,yes,yes,no,yes
notes/Redis.md,30,markdown_inline,link,RDB 持久化,#rdb-持久化,#rdb-持久化,,rdb-持久化,notes/Redis.md,relative,anchor,yes,no,yes,yes,yes,no,yes
notes/Redis.md,31,markdown_inline,link,AOF 持久化,#aof-持久化,#aof-持久化,,aof-持久化,notes/Redis.md,relative,anchor,yes,no,yes,yes,yes,no,yes
notes/Redis.md,32,markdown_inline,link,九、事务,#九事务,#九事务,,九事务,notes/Redis.md,relative,anchor,yes,no,yes,yes,yes,no,yes
notes/Redis.md,33,markdown_inline,link,十、事件,#十事件,#十事件,,十事件,notes/Redis.md,relative,anchor,yes,no,yes,yes,yes,no,yes
notes/Redis.md,34,markdown_inline,link,文件事件,#文件事件,#文件事件,,文件事件,notes/Redis.md,relative,anchor,yes,no,yes,yes,yes,no,yes
notes/Redis.md,35,markdown_inline,link,时间事件,#时间事件,#时间事件,,时间事件,notes/Redis.md,relative,anchor,yes,no,yes,yes,yes,no,yes
notes/Redis.md,36,markdown_inline,link,事件的调度与执行,#事件的调度与执行,#事件的调度与执行,,事件的调度与执行,notes/Redis.md,relative,anchor,yes,no,yes,yes,yes,no,yes
notes/Redis.md,37,markdown_inline,link,十一、复制,#十一复制,#十一复制,,十一复制,notes/Redis.md,relative,anchor,yes,no,yes,yes,yes,no,yes
notes/Redis.md,38,markdown_inline,link,连接过程,#连接过程,#连接过程,,连接过程,notes/Redis.md,relative,anchor,yes,no,yes,yes,yes,no,yes
notes/Redis.md,39,markdown_inline,link,主从链,#主从链,#主从链,,主从链,notes/Redis.md,relative,anchor,yes,no,yes,yes,yes,no,yes
notes/Redis.md,40,markdown_inline,link,十二、Sentinel,#十二sentinel,#十二sentinel,,十二sentinel,notes/Redis.md,relative,anchor,yes,no,yes,yes,yes,no,yes
notes/Redis.md,41,markdown_inline,link,十三、分片,#十三分片,#十三分片,,十三分片,notes/Redis.md,relative,anchor,yes,no,yes,yes,yes,no,yes
notes/Redis.md,42,markdown_inline,link,十四、一个简单的论坛系统分析,#十四一个简单的论坛系统分析,#十四一个简单的论坛系统分析,,十四一个简单的论坛系统分析,notes/Redis.md,relative,anchor,yes,no,yes,yes,yes,no,yes
notes/Redis.md,43,markdown_inline,link,文章信息,#文章信息,#文章信息,,文章信息,notes/Redis.md,relative,anchor,yes,no,yes,yes,yes,no,yes
notes/Redis.md,44,markdown_inline,link,点赞功能,#点赞功能,#点赞功能,,点赞功能,notes/Redis.md,relative,anchor,yes,no,yes,yes,yes,no,yes
notes/Redis.md,45,markdown_inline,link,对文章进行排序,#对文章进行排序,#对文章进行排序,,对文章进行排序,notes/Redis.md,relative,anchor,yes,no,yes,yes,yes,no,yes
notes/Redis.md,46,markdown_inline,link,参考资料,#参考资料,#参考资料,,参考资料,notes/Redis.md,relative,anchor,yes,no,yes,yes,yes,no,yes
notes/SQL 练习.md,3,markdown_inline,link,SQL 练习,#sql-练习,#sql-练习,,sql-练习,notes/SQL 练习.md,relative,anchor,yes,no,yes,yes,yes,no,yes
notes/SQL 练习.md,4,markdown_inline,link,595. Big Countries,#595-big-countries,#595-big-countries,,595-big-countries,notes/SQL 练习.md,relative,anchor,yes,no,no,no,no,no,no
notes/SQL 练习.md,5,markdown_inline,link,627. Swap Salary,#627-swap-salary,#627-swap-salary,,627-swap-salary,notes/SQL 练习.md,relative,anchor,yes,no,no,no,no,no,no
notes/SQL 练习.md,6,markdown_inline,link,620. Not Boring Movies,#620-not-boring-movies,#620-not-boring-movies,,620-not-boring-movies,notes/SQL 练习.md,relative,anchor,yes,no,no,no,no,no,no
notes/SQL 练习.md,7,markdown_inline,link,596. Classes More Than 5 Students,#596-classes-more-than-5-students,#596-classes-more-than-5-students,,596-classes-more-than-5-students,notes/SQL 练习.md,relative,anchor,yes,no,no,no,no,no,no
notes/SQL 练习.md,8,markdown_inline,link,182. Duplicate Emails,#182-duplicate-emails,#182-duplicate-emails,,182-duplicate-emails,notes/SQL 练习.md,relative,anchor,yes,no,no,no,no,no,no
notes/SQL 练习.md,9,markdown_inline,link,196. Delete Duplicate Emails,#196-delete-duplicate-emails,#196-delete-duplicate-emails,,196-delete-duplicate-emails,notes/SQL 练习.md,relative,anchor,yes,no,no,no,no,no,no
notes/SQL 练习.md,10,markdown_inline,link,175. Combine Two Tables,#175-combine-two-tables,#175-combine-two-tables,,175-combine-two-tables,notes/SQL 练习.md,relative,anchor,yes,no,no,no,no,no,no
notes/SQL 练习.md,11,markdown_inline,link,181. Employees Earning More Than Their Managers,#181-employees-earning-more-than-their-managers,#181-employees-earning-more-than-their-managers,,181-employees-earning-more-than-their-managers,notes/SQL 练习.md,relative,anchor,yes,no,no,no,no,no,no
notes/SQL 练习.md,12,markdown_inline,link,183. Customers Who Never Order,#183-customers-who-never-order,#183-customers-who-never-order,,183-customers-who-never-order,notes/SQL 练习.md,relative,anchor,yes,no,no,no,no,no,no
notes/SQL 练习.md,13,markdown_inline,link,184. Department Highest Salary,#184-department-highest-salary,#184-department-highest-salary,,184-department-highest-salary,notes/SQL 练习.md,relative,anchor,yes,no,no,no,no,no,no
notes/SQL 练习.md,14,markdown_inline,link,176. Second Highest Salary,#176-second-highest-salary,#176-second-highest-salary,,176-second-highest-salary,notes/SQL 练习.md,relative,anchor,yes,no,no,no,no,no,no
notes/SQL 练习.md,15,markdown_inline,link,177. Nth Highest Salary,#177-nth-highest-salary,#177-nth-highest-salary,,177-nth-highest-salary,notes/SQL 练习.md,relative,anchor,yes,no,no,no,no,no,no
notes/SQL 练习.md,16,markdown_inline,link,178. Rank Scores,#178-rank-scores,#178-rank-scores,,178-rank-scores,notes/SQL 练习.md,relative,anchor,yes,no,no,no,no,no,no
notes/SQL 练习.md,17,markdown_inline,link,180. Consecutive Numbers,#180-consecutive-numbers,#180-consecutive-numbers,,180-consecutive-numbers,notes/SQL 练习.md,relative,anchor,yes,no,no,no,no,no,no
notes/SQL 练习.md,18,markdown_inline,link,626. Exchange Seats,#626-exchange-seats,#626-exchange-seats,,626-exchange-seats,notes/SQL 练习.md,relative,anchor,yes,no,no,no,no,no,no
notes/SQL 语法.md,3,markdown_inline,link,SQL 语法,#sql-语法,#sql-语法,,sql-语法,notes/SQL 语法.md,relative,anchor,yes,no,yes,yes,yes,no,yes
notes/SQL 语法.md,4,markdown_inline,link,一、基础,#一基础,#一基础,,一基础,notes/SQL 语法.md,relative,anchor,yes,no,yes,yes,yes,no,yes
notes/SQL 语法.md,5,markdown_inline,link,二、创建表,#二创建表,#二创建表,,二创建表,notes/SQL 语法.md,relative,anchor,yes,no,yes,yes,yes,no,yes
notes/SQL 语法.md,6,markdown_inline,link,三、修改表,#三修改表,#三修改表,,三修改表,notes/SQL 语法.md,relative,anchor,yes,no,yes,yes,yes,no,yes
notes/SQL 语法.md,7,markdown_inline,link,四、插入,#四插入,#四插入,,四插入,notes/SQL 语法.md,relative,anchor,yes,no,yes,yes,yes,no,yes
notes/SQL 语法.md,8,markdown_inline,link,五、更新,#五更新,#五更新,,五更新,notes/SQL 语法.md,relative,anchor,yes,no,yes,yes,yes,no,yes
notes/SQL 语法.md,9,markdown_inline,link,六、删除,#六删除,#六删除,,六删除,notes/SQL 语法.md,relative,anchor,yes,no,yes,yes,yes,no,yes
notes/SQL 语法.md,10,markdown_inline,link,七、查询,#七查询,#七查询,,七查询,notes/SQL 语法.md,relative,anchor,yes,no,yes,yes,yes,no,yes
notes/SQL 语法.md,11,markdown_inline,link,DISTINCT,#distinct,#distinct,,distinct,notes/SQL 语法.md,relative,anchor,yes,no,no,no,no,no,no
notes/SQL 语法.md,12,markdown_inline,link,LIMIT,#limit,#limit,,limit,notes/SQL 语法.md,relative,anchor,yes,no,no,no,no,no,no
notes/SQL 语法.md,13,markdown_inline,link,八、排序,#八排序,#八排序,,八排序,notes/SQL 语法.md,relative,anchor,yes,no,yes,yes,yes,no,yes
notes/SQL 语法.md,14,markdown_inline,link,九、过滤,#九过滤,#九过滤,,九过滤,notes/SQL 语法.md,relative,anchor,yes,no,yes,yes,yes,no,yes
notes/SQL 语法.md,15,markdown_inline,link,十、通配符,#十通配符,#十通配符,,十通配符,notes/SQL 语法.md,relative,anchor,yes,no,yes,yes,yes,no,yes
notes/SQL 语法.md,16,markdown_inline,link,十一、计算字段,#十一计算字段,#十一计算字段,,十一计算字段,notes/SQL 语法.md,relative,anchor,yes,no,yes,yes,yes,no,yes
notes/SQL 语法.md,17,markdown_inline,link,十二、函数,#十二函数,#十二函数,,十二函数,notes/SQL 语法.md,relative,anchor,yes,no,yes,yes,yes,no,yes
notes/SQL 语法.md,18,markdown_inline,link,汇总,#汇总,#汇总,,汇总,notes/SQL 语法.md,relative,anchor,yes,no,yes,yes,yes,no,yes
notes/SQL 语法.md,19,markdown_inline,link,文本处理,#文本处理,#文本处理,,文本处理,notes/SQL 语法.md,relative,anchor,yes,no,yes,yes,yes,no,yes
notes/SQL 语法.md,20,markdown_inline,link,日期和时间处理,#日期和时间处理,#日期和时间处理,,日期和时间处理,notes/SQL 语法.md,relative,anchor,yes,no,yes,yes,yes,no,yes
notes/SQL 语法.md,21,markdown_inline,link,数值处理,#数值处理,#数值处理,,数值处理,notes/SQL 语法.md,relative,anchor,yes,no,yes,yes,yes,no,yes
notes/SQL 语法.md,22,markdown_inline,link,十三、分组,#十三分组,#十三分组,,十三分组,notes/SQL 语法.md,relative,anchor,yes,no,yes,yes,yes,no,yes
notes/SQL 语法.md,23,markdown_inline,link,十四、子查询,#十四子查询,#十四子查询,,十四子查询,notes/SQL 语法.md,relative,anchor,yes,no,yes,yes,yes,no,yes
notes/SQL 语法.md,24,markdown_inline,link,十五、连接,#十五连接,#十五连接,,十五连接,notes/SQL 语法.md,relative,anchor,yes,no,yes,yes,yes,no,yes
notes/SQL 语法.md,25,markdown_inline,link,内连接,#内连接,#内连接,,内连接,notes/SQL 语法.md,relative,anchor,yes,no,yes,yes,yes,no,yes
notes/SQL 语法.md,26,markdown_inline,link,自连接,#自连接,#自连接,,自连接,notes/SQL 语法.md,relative,anchor,yes,no,yes,yes,yes,no,yes
notes/SQL 语法.md,27,markdown_inline,link,自然连接,#自然连接,#自然连接,,自然连接,notes/SQL 语法.md,relative,anchor,yes,no,yes,yes,yes,no,yes
notes/SQL 语法.md,28,markdown_inline,link,外连接,#外连接,#外连接,,外连接,notes/SQL 语法.md,relative,anchor,yes,no,yes,yes,yes,no,yes
notes/SQL 语法.md,29,markdown_inline,link,十六、组合查询,#十六组合查询,#十六组合查询,,十六组合查询,notes/SQL 语法.md,relative,anchor,yes,no,yes,yes,yes,no,yes
notes/SQL 语法.md,30,markdown_inline,link,十七、视图,#十七视图,#十七视图,,十七视图,notes/SQL 语法.md,relative,anchor,yes,no,yes,yes,yes,no,yes
notes/SQL 语法.md,31,markdown_inline,link,十八、存储过程,#十八存储过程,#十八存储过程,,十八存储过程,notes/SQL 语法.md,relative,anchor,yes,no,yes,yes,yes,no,yes
notes/SQL 语法.md,32,markdown_inline,link,十九、游标,#十九游标,#十九游标,,十九游标,notes/SQL 语法.md,relative,anchor,yes,no,yes,yes,yes,no,yes
notes/SQL 语法.md,33,markdown_inline,link,二十、触发器,#二十触发器,#二十触发器,,二十触发器,notes/SQL 语法.md,relative,anchor,yes,no,yes,yes,yes,no,yes
notes/SQL 语法.md,34,markdown_inline,link,二十一、事务管理,#二十一事务管理,#二十一事务管理,,二十一事务管理,notes/SQL 语法.md,relative,anchor,yes,no,yes,yes,yes,no,yes
notes/SQL 语法.md,35,markdown_inline,link,二十二、字符集,#二十二字符集,#二十二字符集,,二十二字符集,notes/SQL 语法.md,relative,anchor,yes,no,yes,yes,yes,no,yes
notes/SQL 语法.md,36,markdown_inline,link,二十三、权限管理,#二十三权限管理,#二十三权限管理,,二十三权限管理,notes/SQL 语法.md,relative,anchor,yes,no,yes,yes,yes,no,yes
notes/SQL 语法.md,37,markdown_inline,link,参考资料,#参考资料,#参考资料,,参考资料,notes/SQL 语法.md,relative,anchor,yes,no,yes,yes,yes,no,yes
notes/SQL.md,2,markdown_inline,link,一、基础,#一基础,#一基础,,一基础,notes/SQL.md,relative,anchor,yes,no,yes,yes,yes,no,yes
notes/SQL.md,3,markdown_inline,link,二、创建表,#二创建表,#二创建表,,二创建表,notes/SQL.md,relative,anchor,yes,no,yes,yes,yes,no,yes
notes/SQL.md,4,markdown_inline,link,三、修改表,#三修改表,#三修改表,,三修改表,notes/SQL.md,relative,anchor,yes,no,yes,yes,yes,no,yes
notes/SQL.md,5,markdown_inline,link,四、插入,#四插入,#四插入,,四插入,notes/SQL.md,relative,anchor,yes,no,yes,yes,yes,no,yes
notes/SQL.md,6,markdown_inline,link,五、更新,#五更新,#五更新,,五更新,notes/SQL.md,relative,anchor,yes,no,yes,yes,yes,no,yes
notes/SQL.md,7,markdown_inline,link,六、删除,#六删除,#六删除,,六删除,notes/SQL.md,relative,anchor,yes,no,yes,yes,yes,no,yes
notes/SQL.md,8,markdown_inline,link,七、查询,#七查询,#七查询,,七查询,notes/SQL.md,relative,anchor,yes,no,yes,yes,yes,no,yes
notes/SQL.md,9,markdown_inline,link,DISTINCT,#distinct,#distinct,,distinct,notes/SQL.md,relative,anchor,yes,no,no,no,no,no,no
notes/SQL.md,10,markdown_inline,link,LIMIT,#limit,#limit,,limit,notes/SQL.md,relative,anchor,yes,no,no,no,no,no,no
notes/SQL.md,11,markdown_inline,link,八、排序,#八排序,#八排序,,八排序,notes/SQL.md,relative,anchor,yes,no,yes,yes,yes,no,yes
notes/SQL.md,12,markdown_inline,link,九、过滤,#九过滤,#九过滤,,九过滤,notes/SQL.md,relative,anchor,yes,no,yes,yes,yes,no,yes
notes/SQL.md,13,markdown_inline,link,十、通配符,#十通配符,#十通配符,,十通配符,notes/SQL.md,relative,anchor,yes,no,yes,yes,yes,no,yes
notes/SQL.md,14,markdown_inline,link,十一、计算字段,#十一计算字段,#十一计算字段,,十一计算字段,notes/SQL.md,relative,anchor,yes,no,yes,yes,yes,no,yes
notes/SQL.md,15,markdown_inline,link,十二、函数,#十二函数,#十二函数,,十二函数,notes/SQL.md,relative,anchor,yes,no,yes,yes,yes,no,yes
notes/SQL.md,16,markdown_inline,link,汇总,#汇总,#汇总,,汇总,notes/SQL.md,relative,anchor,yes,no,yes,yes,yes,no,yes
notes/SQL.md,17,markdown_inline,link,文本处理,#文本处理,#文本处理,,文本处理,notes/SQL.md,relative,anchor,yes,no,yes,yes,yes,no,yes
notes/SQL.md,18,markdown_inline,link,日期和时间处理,#日期和时间处理,#日期和时间处理,,日期和时间处理,notes/SQL.md,relative,anchor,yes,no,yes,yes,yes,no,yes
notes/SQL.md,19,markdown_inline,link,数值处理,#数值处理,#数值处理,,数值处理,notes/SQL.md,relative,anchor,yes,no,yes,yes,yes,no,yes
notes/SQL.md,20,markdown_inline,link,十三、分组,#十三分组,#十三分组,,十三分组,notes/SQL.md,relative,anchor,yes,no,yes,yes,yes,no,yes
notes/SQL.md,21,markdown_inline,link,十四、子查询,#十四子查询,#十四子查询,,十四子查询,notes/SQL.md,relative,anchor,yes,no,yes,yes,yes,no,yes
notes/SQL.md,22,markdown_inline,link,十五、连接,#十五连接,#十五连接,,十五连接,notes/SQL.md,relative,anchor,yes,no,yes,yes,yes,no,yes
notes/SQL.md,23,markdown_inline,link,内连接,#内连接,#内连接,,内连接,notes/SQL.md,relative,anchor,yes,no,yes,yes,yes,no,yes
notes/SQL.md,24,markdown_inline,link,自连接,#自连接,#自连接,,自连接,notes/SQL.md,relative,anchor,yes,no,yes,yes,yes,no,yes
notes/SQL.md,25,markdown_inline,link,自然连接,#自然连接,#自然连接,,自然连接,notes/SQL.md,relative,anchor,yes,no,yes,yes,yes,no,yes
notes/SQL.md,26,markdown_inline,link,外连接,#外连接,#外连接,,外连接,notes/SQL.md,relative,anchor,yes,no,yes,yes,yes,no,yes
notes/SQL.md,27,markdown_inline,link,十六、组合查询,#十六组合查询,#十六组合查询,,十六组合查询,notes/SQL.md,relative,anchor,yes,no,yes,yes,yes,no,yes
notes/SQL.md,28,markdown_inline,link,十七、视图,#十七视图,#十七视图,,十七视图,notes/SQL.md,relative,anchor,yes,no,yes,yes,yes,no,yes
notes/SQL.md,29,markdown_inline,link,十八、存储过程,#十八存储过程,#十八存储过程,,十八存储过程,notes/SQL.md,relative,anchor,yes,no,yes,yes,yes,no,yes
notes/SQL.md,30,markdown_inline,link,十九、游标,#十九游标,#十九游标,,十九游标,notes/SQL.md,relative,anchor,yes,no,yes,yes,yes,no,yes
notes/SQL.md,31,markdown_inline,link,二十、触发器,#二十触发器,#二十触发器,,二十触发器,notes/SQL.md,relative,anchor,yes,no,yes,yes,yes,no,yes
notes/SQL.md,32,markdown_inline,link,二十一、事务管理,#二十一事务管理,#二十一事务管理,,二十一事务管理,notes/SQL.md,relative,anchor,yes,no,yes,yes,yes,no,yes
notes/SQL.md,33,markdown_inline,link,二十二、字符集,#二十二字符集,#二十二字符集,,二十二字符集,notes/SQL.md,relative,anchor,yes,no,yes,yes,yes,no,yes
notes/SQL.md,34,markdown_inline,link,二十三、权限管理,#二十三权限管理,#二十三权限管理,,二十三权限管理,notes/SQL.md,relative,anchor,yes,no,yes,yes,yes,no,yes
notes/SQL.md,35,markdown_inline,link,参考资料,#参考资料,#参考资料,,参考资料,notes/SQL.md,relative,anchor,yes,no,yes,yes,yes,no,yes
notes/Socket.md,3,markdown_inline,link,Socket,#socket,#socket,,socket,notes/Socket.md,relative,anchor,yes,no,no,no,no,no,no
notes/Socket.md,4,markdown_inline,link,一、I/O 模型,#一io-模型,#一io-模型,,一io-模型,notes/Socket.md,relative,anchor,yes,no,yes,yes,yes,no,yes
notes/Socket.md,5,markdown_inline,link,阻塞式 I/O,#阻塞式-io,#阻塞式-io,,阻塞式-io,notes/Socket.md,relative,anchor,yes,no,yes,yes,yes,no,yes
notes/Socket.md,6,markdown_inline,link,非阻塞式 I/O,#非阻塞式-io,#非阻塞式-io,,非阻塞式-io,notes/Socket.md,relative,anchor,yes,no,yes,yes,yes,no,yes
notes/Socket.md,7,markdown_inline,link,I/O 复用,#io-复用,#io-复用,,io-复用,notes/Socket.md,relative,anchor,yes,no,yes,yes,yes,no,yes
notes/Socket.md,8,markdown_inline,link,信号驱动 I/O,#信号驱动-io,#信号驱动-io,,信号驱动-io,notes/Socket.md,relative,anchor,yes,no,yes,yes,yes,no,yes
notes/Socket.md,9,markdown_inline,link,异步 I/O,#异步-io,#异步-io,,异步-io,notes/Socket.md,relative,anchor,yes,no,yes,yes,yes,no,yes
notes/Socket.md,10,markdown_inline,link,五大 I/O 模型比较,#五大-io-模型比较,#五大-io-模型比较,,五大-io-模型比较,notes/Socket.md,relative,anchor,yes,no,yes,yes,yes,no,yes
notes/Socket.md,11,markdown_inline,link,二、I/O 复用,#二io-复用,#二io-复用,,二io-复用,notes/Socket.md,relative,anchor,yes,no,yes,yes,yes,no,yes
notes/Socket.md,12,markdown_inline,link,select,#select,#select,,select,notes/Socket.md,relative,anchor,yes,no,no,no,no,no,no
notes/Socket.md,13,markdown_inline,link,poll,#poll,#poll,,poll,notes/Socket.md,relative,anchor,yes,no,no,no,no,no,no
notes/Socket.md,14,markdown_inline,link,比较,#比较,#比较,,比较,notes/Socket.md,relative,anchor,yes,no,yes,yes,yes,no,yes
notes/Socket.md,15,markdown_inline,link,epoll,#epoll,#epoll,,epoll,notes/Socket.md,relative,anchor,yes,no,no,no,no,no,no
notes/Socket.md,16,markdown_inline,link,工作模式,#工作模式,#工作模式,,工作模式,notes/Socket.md,relative,anchor,yes,no,yes,yes,yes,no,yes
notes/Socket.md,17,markdown_inline,link,应用场景,#应用场景,#应用场景,,应用场景,notes/Socket.md,relative,anchor,yes,no,yes,yes,yes,no,yes
notes/Socket.md,18,markdown_inline,link,参考资料,#参考资料,#参考资料,,参考资料,notes/Socket.md,relative,anchor,yes,no,yes,yes,yes,no,yes
notes/代码可读性.md,2,markdown_inline,link,一、可读性的重要性,#一可读性的重要性,#一可读性的重要性,,一可读性的重要性,notes/代码可读性.md,relative,anchor,yes,no,yes,yes,yes,no,yes
notes/代码可读性.md,3,markdown_inline,link,二、用名字表达代码含义,#二用名字表达代码含义,#二用名字表达代码含义,,二用名字表达代码含义,notes/代码可读性.md,relative,anchor,yes,no,yes,yes,yes,no,yes
notes/代码可读性.md,4,markdown_inline,link,三、名字不能带来歧义,#三名字不能带来歧义,#三名字不能带来歧义,,三名字不能带来歧义,notes/代码可读性.md,relative,anchor,yes,no,yes,yes,yes,no,yes
notes/代码可读性.md,5,markdown_inline,link,四、良好的代码风格,#四良好的代码风格,#四良好的代码风格,,四良好的代码风格,notes/代码可读性.md,relative,anchor,yes,no,yes,yes,yes,no,yes
notes/代码可读性.md,6,markdown_inline,link,五、为何编写注释,#五为何编写注释,#五为何编写注释,,五为何编写注释,notes/代码可读性.md,relative,anchor,yes,no,yes,yes,yes,no,yes
notes/代码可读性.md,7,markdown_inline,link,六、如何编写注释,#六如何编写注释,#六如何编写注释,,六如何编写注释,notes/代码可读性.md,relative,anchor,yes,no,yes,yes,yes,no,yes
notes/代码可读性.md,8,markdown_inline,link,七、提高控制流的可读性,#七提高控制流的可读性,#七提高控制流的可读性,,七提高控制流的可读性,notes/代码可读性.md,relative,anchor,yes,no,yes,yes,yes,no,yes
notes/代码可读性.md,9,markdown_inline,link,八、拆分长表达式,#八拆分长表达式,#八拆分长表达式,,八拆分长表达式,notes/代码可读性.md,relative,anchor,yes,no,yes,yes,yes,no,yes
notes/代码可读性.md,10,markdown_inline,link,九、变量与可读性,#九变量与可读性,#九变量与可读性,,九变量与可读性,notes/代码可读性.md,relative,anchor,yes,no,yes,yes,yes,no,yes
notes/代码可读性.md,11,markdown_inline,link,十、抽取函数,#十抽取函数,#十抽取函数,,十抽取函数,notes/代码可读性.md,relative,anchor,yes,no,yes,yes,yes,no,yes
notes/代码可读性.md,12,markdown_inline,link,十一、一次只做一件事,#十一一次只做一件事,#十一一次只做一件事,,十一一次只做一件事,notes/代码可读性.md,relative,anchor,yes,no,yes,yes,yes,no,yes
notes/代码可读性.md,13,markdown_inline,link,十二、用自然语言表述代码,#十二用自然语言表述代码,#十二用自然语言表述代码,,十二用自然语言表述代码,notes/代码可读性.md,relative,anchor,yes,no,yes,yes,yes,no,yes
notes/代码可读性.md,14,markdown_inline,link,十三、减少代码量,#十三减少代码量,#十三减少代码量,,十三减少代码量,notes/代码可读性.md,relative,anchor,yes,no,yes,yes,yes,no,yes
notes/代码可读性.md,15,markdown_inline,link,参考资料,#参考资料,#参考资料,,参考资料,notes/代码可读性.md,relative,anchor,yes,no,yes,yes,yes,no,yes
notes/分布式.md,3,markdown_inline,link,分布式,#分布式,#分布式,,分布式,notes/分布式.md,relative,anchor,yes,no,yes,yes,yes,no,yes
notes/分布式.md,4,markdown_inline,link,一、分布式锁,#一分布式锁,#一分布式锁,,一分布式锁,notes/分布式.md,relative,anchor,yes,no,yes,yes,yes,no,yes
notes/分布式.md,5,markdown_inline,link,数据库的唯一索引,#数据库的唯一索引,#数据库的唯一索引,,数据库的唯一索引,notes/分布式.md,relative,anchor,yes,no,yes,yes,yes,no,yes
notes/分布式.md,6,markdown_inline,link,Redis 的 SETNX 指令,#redis-的-setnx-指令,#redis-的-setnx-指令,,redis-的-setnx-指令,notes/分布式.md,relative,anchor,yes,no,yes,yes,yes,no,yes
notes/分布式.md,7,markdown_inline,link,Redis 的 RedLock 算法,#redis-的-redlock-算法,#redis-的-redlock-算法,,redis-的-redlock-算法,notes/分布式.md,relative,anchor,yes,no,yes,yes,yes,no,yes
notes/分布式.md,8,markdown_inline,link,Zookeeper 的有序节点,#zookeeper-的有序节点,#zookeeper-的有序节点,,zookeeper-的有序节点,notes/分布式.md,relative,anchor,yes,no,yes,yes,yes,no,yes
notes/分布式.md,9,markdown_inline,link,二、分布式事务,#二分布式事务,#二分布式事务,,二分布式事务,notes/分布式.md,relative,anchor,yes,no,yes,yes,yes,no,yes
notes/分布式.md,10,markdown_inline,link,2PC,#2pc,#2pc,,2pc,notes/分布式.md,relative,anchor,yes,no,no,no,no,no,no
notes/分布式.md,11,markdown_inline,link,本地消息表,#本地消息表,#本地消息表,,本地消息表,notes/分布式.md,relative,anchor,yes,no,yes,yes,yes,no,yes
notes/分布式.md,12,markdown_inline,link,三、CAP,#三cap,#三cap,,三cap,notes/分布式.md,relative,anchor,yes,no,yes,yes,yes,no,yes
notes/分布式.md,13,markdown_inline,link,一致性,#一致性,#一致性,,一致性,notes/分布式.md,relative,anchor,yes,no,yes,yes,yes,no,yes
notes/分布式.md,14,markdown_inline,link,可用性,#可用性,#可用性,,可用性,notes/分布式.md,relative,anchor,yes,no,yes,yes,yes,no,yes
notes/分布式.md,15,markdown_inline,link,分区容忍性,#分区容忍性,#分区容忍性,,分区容忍性,notes/分布式.md,relative,anchor,yes,no,yes,yes,yes,no,yes
notes/分布式.md,16,markdown_inline,link,权衡,#权衡,#权衡,,权衡,notes/分布式.md,relative,anchor,yes,no,yes,yes,yes,no,yes
notes/分布式.md,17,markdown_inline,link,四、BASE,#四base,#四base,,四base,notes/分布式.md,relative,anchor,yes,no,yes,yes,yes,no,yes
notes/分布式.md,18,markdown_inline,link,基本可用,#基本可用,#基本可用,,基本可用,notes/分布式.md,relative,anchor,yes,no,yes,yes,yes,no,yes
notes/分布式.md,19,markdown_inline,link,软状态,#软状态,#软状态,,软状态,notes/分布式.md,relative,anchor,yes,no,yes,yes,yes,no,yes
notes/分布式.md,20,markdown_inline,link,最终一致性,#最终一致性,#最终一致性,,最终一致性,notes/分布式.md,relative,anchor,yes,no,yes,yes,yes,no,yes
notes/分布式.md,21,markdown_inline,link,五、Paxos,#五paxos,#五paxos,,五paxos,notes/分布式.md,relative,anchor,yes,no,yes,yes,yes,no,yes
notes/分布式.md,22,markdown_inline,link,执行过程,#执行过程,#执行过程,,执行过程,notes/分布式.md,relative,anchor,yes,no,yes,yes,yes,no,yes
notes/分布式.md,23,markdown_inline,link,约束条件,#约束条件,#约束条件,,约束条件,notes/分布式.md,relative,anchor,yes,no,yes,yes,yes,no,yes
notes/分布式.md,24,markdown_inline,link,六、Raft,#六raft,#六raft,,六raft,notes/分布式.md,relative,anchor,yes,no,yes,yes,yes,no,yes
notes/分布式.md,25,markdown_inline,link,单个 Candidate 的竞选,#单个-candidate-的竞选,#单个-candidate-的竞选,,单个-candidate-的竞选,notes/分布式.md,relative,anchor,yes,no,yes,yes,yes,no,yes
notes/分布式.md,26,markdown_inline,link,多个 Candidate 竞选,#多个-candidate-竞选,#多个-candidate-竞选,,多个-candidate-竞选,notes/分布式.md,relative,anchor,yes,no,yes,yes,yes,no,yes
notes/分布式.md,27,markdown_inline,link,数据同步,#数据同步,#数据同步,,数据同步,notes/分布式.md,relative,anchor,yes,no,yes,yes,yes,no,yes
notes/分布式.md,28,markdown_inline,link,参考,#参考,#参考,,参考,notes/分布式.md,relative,anchor,yes,no,yes,yes,yes,no,yes
notes/剑指 Offer 题解 - 目录.md,12,markdown_inline,link,3. 数组中重复的数字,3.%20数组中重复的数字.md,3. 数组中重复的数字.md,3. 数组中重复的数字.md,,notes/3. 数组中重复的数字.md,relative,file,yes,no,yes,yes,yes,no,yes
notes/剑指 Offer 题解 - 目录.md,13,markdown_inline,link,4. 二维数组中的查找,4.%20二维数组中的查找.md,4. 二维数组中的查找.md,4. 二维数组中的查找.md,,notes/4. 二维数组中的查找.md,relative,file,yes,no,yes,yes,yes,no,yes
notes/剑指 Offer 题解 - 目录.md,14,markdown_inline,link,5. 替换空格,5.%20替换空格.md,5. 替换空格.md,5. 替换空格.md,,notes/5. 替换空格.md,relative,file,yes,no,yes,yes,yes,no,yes
notes/剑指 Offer 题解 - 目录.md,15,markdown_inline,link,29. 顺时针打印矩阵,29.%20顺时针打印矩阵.md,29. 顺时针打印矩阵.md,29. 顺时针打印矩阵.md,,notes/29. 顺时针打印矩阵.md,relative,file,yes,no,yes,yes,yes,no,yes
notes/剑指 Offer 题解 - 目录.md,16,markdown_inline,link,50. 第一个只出现一次的字符位置,50.%20第一个只出现一次的字符位置.md,50. 第一个只出现一次的字符位置.md,50. 第一个只出现一次的字符位置.md,,notes/50. 第一个只出现一次的字符位置.md,relative,file,yes,no,yes,yes,yes,no,yes
notes/剑指 Offer 题解 - 目录.md,20,markdown_inline,link,9. 用两个栈实现队列,9.%20用两个栈实现队列.md,9. 用两个栈实现队列.md,9. 用两个栈实现队列.md,,notes/9. 用两个栈实现队列.md,relative,file,yes,no,yes,yes,yes,no,yes
notes/剑指 Offer 题解 - 目录.md,21,markdown_inline,link,30. 包含 min 函数的栈,30.%20包含%20min%20函数的栈.md,30. 包含 min 函数的栈.md,30. 包含 min 函数的栈.md,,notes/30. 包含 min 函数的栈.md,relative,file,yes,no,yes,yes,yes,no,yes
notes/剑指 Offer 题解 - 目录.md,22,markdown_inline,link,31. 栈的压入、弹出序列,31.%20栈的压入、弹出序列.md,31. 栈的压入、弹出序列.md,31. 栈的压入、弹出序列.md,,notes/31. 栈的压入、弹出序列.md,relative,file,yes,no,yes,yes,yes,no,yes
notes/剑指 Offer 题解 - 目录.md,23,markdown_inline,link,40. 最小的 K 个数,40.%20最小的%20K%20个数.md,40. 最小的 K 个数.md,40. 最小的 K 个数.md,,notes/40. 最小的 K 个数.md,relative,file,yes,no,yes,yes,yes,no,yes
notes/剑指 Offer 题解 - 目录.md,24,markdown_inline,link,41.1 数据流中的中位数,41.1%20数据流中的中位数.md,41.1 数据流中的中位数.md,41.1 数据流中的中位数.md,,notes/41.1 数据流中的中位数.md,relative,file,yes,no,yes,yes,yes,no,yes
notes/剑指 Offer 题解 - 目录.md,25,markdown_inline,link,41.2 字符流中第一个不重复的字符,41.2%20字符流中第一个不重复的字符.md,41.2 字符流中第一个不重复的字符.md,41.2 字符流中第一个不重复的字符.md,,notes/41.2 字符流中第一个不重复的字符.md,relative,file,yes,no,yes,yes,yes,no,yes
notes/剑指 Offer 题解 - 目录.md,26,markdown_inline,link,59. 滑动窗口的最大值,59.%20滑动窗口的最大值.md,59. 滑动窗口的最大值.md,59. 滑动窗口的最大值.md,,notes/59. 滑动窗口的最大值.md,relative,file,yes,no,yes,yes,yes,no,yes
notes/剑指 Offer 题解 - 目录.md,30,markdown_inline,link,57.1 和为 S 的两个数字,57.1%20和为%20S%20的两个数字.md,57.1 和为 S 的两个数字.md,57.1 和为 S 的两个数字.md,,notes/57.1 和为 S 的两个数字.md,relative,file,yes,no,yes,yes,yes,no,yes
notes/剑指 Offer 题解 - 目录.md,31,markdown_inline,link,57.2 和为 S 的连续正数序列,57.2%20和为%20S%20的连续正数序列.md,57.2 和为 S 的连续正数序列.md,57.2 和为 S 的连续正数序列.md,,notes/57.2 和为 S 的连续正数序列.md,relative,file,yes,no,yes,yes,yes,no,yes
notes/剑指 Offer 题解 - 目录.md,32,markdown_inline,link,58.1 翻转单词顺序列,58.1%20翻转单词顺序列.md,58.1 翻转单词顺序列.md,58.1 翻转单词顺序列.md,,notes/58.1 翻转单词顺序列.md,relative,file,yes,no,yes,yes,yes,no,yes
notes/剑指 Offer 题解 - 目录.md,33,markdown_inline,link,58.2 左旋转字符串,58.2%20左旋转字符串.md,58.2 左旋转字符串.md,58.2 左旋转字符串.md,,notes/58.2 左旋转字符串.md,relative,file,yes,no,yes,yes,yes,no,yes
notes/剑指 Offer 题解 - 目录.md,37,markdown_inline,link,6. 从尾到头打印链表,6.%20从尾到头打印链表.md,6. 从尾到头打印链表.md,6. 从尾到头打印链表.md,,notes/6. 从尾到头打印链表.md,relative,file,yes,no,yes,yes,yes,no,yes
notes/剑指 Offer 题解 - 目录.md,38,markdown_inline,link,18.1 在 O(1) 时间内删除链表节点,18.1%20在%20O(1)%20时间内删除链表节点.md,18.1 在 O(1) 时间内删除链表节点.md,18.1 在 O(1) 时间内删除链表节点.md,,notes/18.1 在 O(1) 时间内删除链表节点.md,relative,file,yes,no,yes,yes,yes,no,yes
notes/剑指 Offer 题解 - 目录.md,39,markdown_inline,link,18.2 删除链表中重复的结点,18.2%20删除链表中重复的结点.md,18.2 删除链表中重复的结点.md,18.2 删除链表中重复的结点.md,,notes/18.2 删除链表中重复的结点.md,relative,file,yes,no,yes,yes,yes,no,yes
notes/剑指 Offer 题解 - 目录.md,40,markdown_inline,link,22. 链表中倒数第 K 个结点,22.%20链表中倒数第%20K%20个结点.md,22. 链表中倒数第 K 个结点.md,22. 链表中倒数第 K 个结点.md,,notes/22. 链表中倒数第 K 个结点.md,relative,file,yes,no,yes,yes,yes,no,yes
notes/剑指 Offer 题解 - 目录.md,41,markdown_inline,link,23. 链表中环的入口结点,23.%20链表中环的入口结点.md,23. 链表中环的入口结点.md,23. 链表中环的入口结点.md,,notes/23. 链表中环的入口结点.md,relative,file,yes,no,yes,yes,yes,no,yes
notes/剑指 Offer 题解 - 目录.md,42,markdown_inline,link,24. 反转链表,24.%20反转链表.md,24. 反转链表.md,24. 反转链表.md,,notes/24. 反转链表.md,relative,file,yes,no,yes,yes,yes,no,yes
notes/剑指 Offer 题解 - 目录.md,43,markdown_inline,link,25. 合并两个排序的链表,25.%20合并两个排序的链表.md,25. 合并两个排序的链表.md,25. 合并两个排序的链表.md,,notes/25. 合并两个排序的链表.md,relative,file,yes,no,yes,yes,yes,no,yes
notes/剑指 Offer 题解 - 目录.md,44,markdown_inline,link,35. 复杂链表的复制,35.%20复杂链表的复制.md,35. 复杂链表的复制.md,35. 复杂链表的复制.md,,notes/35. 复杂链表的复制.md,relative,file,yes,no,yes,yes,yes,no,yes
notes/剑指 Offer 题解 - 目录.md,45,markdown_inline,link,52. 两个链表的第一个公共结点,52.%20两个链表的第一个公共结点.md,52. 两个链表的第一个公共结点.md,52. 两个链表的第一个公共结点.md,,notes/52. 两个链表的第一个公共结点.md,relative,file,yes,no,yes,yes,yes,no,yes
notes/剑指 Offer 题解 - 目录.md,49,markdown_inline,link,7. 重建二叉树,7.%20重建二叉树.md,7. 重建二叉树.md,7. 重建二叉树.md,,notes/7. 重建二叉树.md,relative,file,yes,no,yes,yes,yes,no,yes
notes/剑指 Offer 题解 - 目录.md,50,markdown_inline,link,8. 二叉树的下一个结点,8.%20二叉树的下一个结点.md,8. 二叉树的下一个结点.md,8. 二叉树的下一个结点.md,,notes/8. 二叉树的下一个结点.md,relative,file,yes,no,yes,yes,yes,no,yes
notes/剑指 Offer 题解 - 目录.md,51,markdown_inline,link,26. 树的子结构,26.%20树的子结构.md,26. 树的子结构.md,26. 树的子结构.md,,notes/26. 树的子结构.md,relative,file,yes,no,yes,yes,yes,no,yes
notes/剑指 Offer 题解 - 目录.md,52,markdown_inline,link,27. 二叉树的镜像,27.%20二叉树的镜像.md,27. 二叉树的镜像.md,27. 二叉树的镜像.md,,notes/27. 二叉树的镜像.md,relative,file,yes,no,yes,yes,yes,no,yes
notes/剑指 Offer 题解 - 目录.md,53,markdown_inline,link,28. 对称的二叉树,28.%20对称的二叉树.md,28. 对称的二叉树.md,28. 对称的二叉树.md,,notes/28. 对称的二叉树.md,relative,file,yes,no,yes,yes,yes,no,yes
notes/剑指 Offer 题解 - 目录.md,54,markdown_inline,link,32.1 从上往下打印二叉树,32.1%20从上往下打印二叉树.md,32.1 从上往下打印二叉树.md,32.1 从上往下打印二叉树.md,,notes/32.1 从上往下打印二叉树.md,relative,file,yes,no,yes,yes,yes,no,yes
notes/剑指 Offer 题解 - 目录.md,55,markdown_inline,link,32.2 把二叉树打印成多行,32.2%20把二叉树打印成多行.md,32.2 把二叉树打印成多行.md,32.2 把二叉树打印成多行.md,,notes/32.2 把二叉树打印成多行.md,relative,file,yes,no,yes,yes,yes,no,yes
notes/剑指 Offer 题解 - 目录.md,56,markdown_inline,link,32.3 按之字形顺序打印二叉树,32.3%20按之字形顺序打印二叉树.md,32.3 按之字形顺序打印二叉树.md,32.3 按之字形顺序打印二叉树.md,,notes/32.3 按之字形顺序打印二叉树.md,relative,file,yes,no,yes,yes,yes,no,yes
notes/剑指 Offer 题解 - 目录.md,57,markdown_inline,link,33. 二叉搜索树的后序遍历序列,33.%20二叉搜索树的后序遍历序列.md,33. 二叉搜索树的后序遍历序列.md,33. 二叉搜索树的后序遍历序列.md,,notes/33. 二叉搜索树的后序遍历序列.md,relative,file,yes,no,yes,yes,yes,no,yes
notes/剑指 Offer 题解 - 目录.md,58,markdown_inline,link,34. 二叉树中和为某一值的路径,34.%20二叉树中和为某一值的路径.md,34. 二叉树中和为某一值的路径.md,34. 二叉树中和为某一值的路径.md,,notes/34. 二叉树中和为某一值的路径.md,relative,file,yes,no,yes,yes,yes,no,yes
notes/剑指 Offer 题解 - 目录.md,59,markdown_inline,link,36. 二叉搜索树与双向链表,36.%20二叉搜索树与双向链表.md,36. 二叉搜索树与双向链表.md,36. 二叉搜索树与双向链表.md,,notes/36. 二叉搜索树与双向链表.md,relative,file,yes,no,yes,yes,yes,no,yes
notes/剑指 Offer 题解 - 目录.md,60,markdown_inline,link,37. 序列化二叉树,37.%20序列化二叉树.md,37. 序列化二叉树.md,37. 序列化二叉树.md,,notes/37. 序列化二叉树.md,relative,file,yes,no,yes,yes,yes,no,yes
notes/剑指 Offer 题解 - 目录.md,61,markdown_inline,link,54. 二叉查找树的第 K 个结点,54.%20二叉查找树的第%20K%20个结点.md,54. 二叉查找树的第 K 个结点.md,54. 二叉查找树的第 K 个结点.md,,notes/54. 二叉查找树的第 K 个结点.md,relative,file,yes,no,yes,yes,yes,no,yes
notes/剑指 Offer 题解 - 目录.md,62,markdown_inline,link,55.1 二叉树的深度,55.1%20二叉树的深度.md,55.1 二叉树的深度.md,55.1 二叉树的深度.md,,notes/55.1 二叉树的深度.md,relative,file,yes,no,yes,yes,yes,no,yes
notes/剑指 Offer 题解 - 目录.md,63,markdown_inline,link,55.2 平衡二叉树,55.2%20平衡二叉树.md,55.2 平衡二叉树.md,55.2 平衡二叉树.md,,notes/55.2 平衡二叉树.md,relative,file,yes,no,yes,yes,yes,no,yes
notes/剑指 Offer 题解 - 目录.md,64,markdown_inline,link,68. 树中两个节点的最低公共祖先,68.%20树中两个节点的最低公共祖先.md,68. 树中两个节点的最低公共祖先.md,68. 树中两个节点的最低公共祖先.md,,notes/68. 树中两个节点的最低公共祖先.md,relative,file,yes,no,yes,yes,yes,no,yes
notes/剑指 Offer 题解 - 目录.md,68,markdown_inline,link,14. 剪绳子,14.%20剪绳子.md,14. 剪绳子.md,14. 剪绳子.md,,notes/14. 剪绳子.md,relative,file,yes,no,yes,yes,yes,no,yes
notes/剑指 Offer 题解 - 目录.md,69,markdown_inline,link,63. 股票的最大利润,63.%20股票的最大利润.md,63. 股票的最大利润.md,63. 股票的最大利润.md,,notes/63. 股票的最大利润.md,relative,file,yes,no,yes,yes,yes,no,yes
notes/剑指 Offer 题解 - 目录.md,73,markdown_inline,link,11. 旋转数组的最小数字,11.%20旋转数组的最小数字.md,11. 旋转数组的最小数字.md,11. 旋转数组的最小数字.md,,notes/11. 旋转数组的最小数字.md,relative,file,yes,no,yes,yes,yes,no,yes
notes/剑指 Offer 题解 - 目录.md,74,markdown_inline,link,53. 数字在排序数组中出现的次数,53.%20数字在排序数组中出现的次数.md,53. 数字在排序数组中出现的次数.md,53. 数字在排序数组中出现的次数.md,,notes/53. 数字在排序数组中出现的次数.md,relative,file,yes,no,yes,yes,yes,no,yes
notes/剑指 Offer 题解 - 目录.md,78,markdown_inline,link,16. 数值的整数次方,16.%20数值的整数次方.md,16. 数值的整数次方.md,16. 数值的整数次方.md,,notes/16. 数值的整数次方.md,relative,file,yes,no,yes,yes,yes,no,yes
notes/剑指 Offer 题解 - 目录.md,82,markdown_inline,link,12. 矩阵中的路径,12.%20矩阵中的路径.md,12. 矩阵中的路径.md,12. 矩阵中的路径.md,,notes/12. 矩阵中的路径.md,relative,file,yes,no,yes,yes,yes,no,yes
notes/剑指 Offer 题解 - 目录.md,83,markdown_inline,link,13. 机器人的运动范围,13.%20机器人的运动范围.md,13. 机器人的运动范围.md,13. 机器人的运动范围.md,,notes/13. 机器人的运动范围.md,relative,file,yes,no,yes,yes,yes,no,yes
notes/剑指 Offer 题解 - 目录.md,84,markdown_inline,link,38. 字符串的排列,38.%20字符串的排列.md,38. 字符串的排列.md,38. 字符串的排列.md,,notes/38. 字符串的排列.md,relative,file,yes,no,yes,yes,yes,no,yes
notes/剑指 Offer 题解 - 目录.md,88,markdown_inline,link,21. 调整数组顺序使奇数位于偶数前面,21.%20调整数组顺序使奇数位于偶数前面.md,21. 调整数组顺序使奇数位于偶数前面.md,21. 调整数组顺序使奇数位于偶数前面.md,,notes/21. 调整数组顺序使奇数位于偶数前面.md,relative,file,yes,no,yes,yes,yes,no,yes
notes/剑指 Offer 题解 - 目录.md,89,markdown_inline,link,45. 把数组排成最小的数,45.%20把数组排成最小的数.md,45. 把数组排成最小的数.md,45. 把数组排成最小的数.md,,notes/45. 把数组排成最小的数.md,relative,file,yes,no,yes,yes,yes,no,yes
notes/剑指 Offer 题解 - 目录.md,90,markdown_inline,link,51. 数组中的逆序对,51.%20数组中的逆序对.md,51. 数组中的逆序对.md,51. 数组中的逆序对.md,,notes/51. 数组中的逆序对.md,relative,file,yes,no,yes,yes,yes,no,yes
notes/剑指 Offer 题解 - 目录.md,94,markdown_inline,link,10.1 斐波那契数列,10.1%20斐波那契数列.md,10.1 斐波那契数列.md,10.1 斐波那契数列.md,,notes/10.1 斐波那契数列.md,relative,file,yes,no,yes,yes,yes,no,yes
notes/剑指 Offer 题解 - 目录.md,95,markdown_inline,link,10.2 矩形覆盖,10.2%20矩形覆盖.md,10.2 矩形覆盖.md,10.2 矩形覆盖.md,,notes/10.2 矩形覆盖.md,relative,file,yes,no,yes,yes,yes,no,yes
notes/剑指 Offer 题解 - 目录.md,96,markdown_inline,link,10.3 跳台阶,10.3%20跳台阶.md,10.3 跳台阶.md,10.3 跳台阶.md,,notes/10.3 跳台阶.md,relative,file,yes,no,yes,yes,yes,no,yes
notes/剑指 Offer 题解 - 目录.md,97,markdown_inline,link,10.4 变态跳台阶,10.4%20变态跳台阶.md,10.4 变态跳台阶.md,10.4 变态跳台阶.md,,notes/10.4 变态跳台阶.md,relative,file,yes,no,yes,yes,yes,no,yes
notes/剑指 Offer 题解 - 目录.md,98,markdown_inline,link,42. 连续子数组的最大和,42.%20连续子数组的最大和.md,42. 连续子数组的最大和.md,42. 连续子数组的最大和.md,,notes/42. 连续子数组的最大和.md,relative,file,yes,no,yes,yes,yes,no,yes
notes/剑指 Offer 题解 - 目录.md,99,markdown_inline,link,47. 礼物的最大价值,47.%20礼物的最大价值.md,47. 礼物的最大价值.md,47. 礼物的最大价值.md,,notes/47. 礼物的最大价值.md,relative,file,yes,no,yes,yes,yes,no,yes
notes/剑指 Offer 题解 - 目录.md,100,markdown_inline,link,48. 最长不含重复字符的子字符串,48.%20最长不含重复字符的子字符串.md,48. 最长不含重复字符的子字符串.md,48. 最长不含重复字符的子字符串.md,,notes/48. 最长不含重复字符的子字符串.md,relative,file,yes,no,yes,yes,yes,no,yes
notes/剑指 Offer 题解 - 目录.md,101,markdown_inline,link,49. 丑数,49.%20丑数.md,49. 丑数.md,49. 丑数.md,,notes/49. 丑数.md,relative,file,yes,no,yes,yes,yes,no,yes
notes/剑指 Offer 题解 - 目录.md,102,markdown_inline,link,60. n 个骰子的点数,60.%20n%20个骰子的点数.md,60. n 个骰子的点数.md,60. n 个骰子的点数.md,,notes/60. n 个骰子的点数.md,relative,file,yes,no,yes,yes,yes,no,yes
notes/剑指 Offer 题解 - 目录.md,103,markdown_inline,link,66. 构建乘积数组,66.%20构建乘积数组.md,66. 构建乘积数组.md,66. 构建乘积数组.md,,notes/66. 构建乘积数组.md,relative,file,yes,no,yes,yes,yes,no,yes
notes/剑指 Offer 题解 - 目录.md,107,markdown_inline,link,39. 数组中出现次数超过一半的数字,39.%20数组中出现次数超过一半的数字.md,39. 数组中出现次数超过一半的数字.md,39. 数组中出现次数超过一半的数字.md,,notes/39. 数组中出现次数超过一半的数字.md,relative,file,yes,no,yes,yes,yes,no,yes
notes/剑指 Offer 题解 - 目录.md,108,markdown_inline,link,62. 圆圈中最后剩下的数,62.%20圆圈中最后剩下的数.md,62. 圆圈中最后剩下的数.md,62. 圆圈中最后剩下的数.md,,notes/62. 圆圈中最后剩下的数.md,relative,file,yes,no,yes,yes,yes,no,yes
notes/剑指 Offer 题解 - 目录.md,109,markdown_inline,link,43. 从 1 到 n 整数中 1 出现的次数,43.%20从%201%20到%20n%20整数中%201%20出现的次数.md,43. 从 1 到 n 整数中 1 出现的次数.md,43. 从 1 到 n 整数中 1 出现的次数.md,,notes/43. 从 1 到 n 整数中 1 出现的次数.md,relative,file,yes,no,yes,yes,yes,no,yes
notes/剑指 Offer 题解 - 目录.md,113,markdown_inline,link,15. 二进制中 1 的个数,15.%20二进制中%201%20的个数.md,15. 二进制中 1 的个数.md,15. 二进制中 1 的个数.md,,notes/15. 二进制中 1 的个数.md,relative,file,yes,no,yes,yes,yes,no,yes
notes/剑指 Offer 题解 - 目录.md,114,markdown_inline,link,56. 数组中只出现一次的数字,56.%20数组中只出现一次的数字.md,56. 数组中只出现一次的数字.md,56. 数组中只出现一次的数字.md,,notes/56. 数组中只出现一次的数字.md,relative,file,yes,no,yes,yes,yes,no,yes
notes/剑指 Offer 题解 - 目录.md,118,markdown_inline,link,17. 打印从 1 到最大的 n 位数,17.%20打印从%201%20到最大的%20n%20位数.md,17. 打印从 1 到最大的 n 位数.md,17. 打印从 1 到最大的 n 位数.md,,notes/17. 打印从 1 到最大的 n 位数.md,relative,file,yes,no,yes,yes,yes,no,yes
notes/剑指 Offer 题解 - 目录.md,119,markdown_inline,link,19. 正则表达式匹配,19.%20正则表达式匹配.md,19. 正则表达式匹配.md,19. 正则表达式匹配.md,,notes/19. 正则表达式匹配.md,relative,file,yes,no,yes,yes,yes,no,yes
notes/剑指 Offer 题解 - 目录.md,120,markdown_inline,link,20. 表示数值的字符串,20.%20表示数值的字符串.md,20. 表示数值的字符串.md,20. 表示数值的字符串.md,,notes/20. 表示数值的字符串.md,relative,file,yes,no,yes,yes,yes,no,yes
notes/剑指 Offer 题解 - 目录.md,121,markdown_inline,link,44. 数字序列中的某一位数字,44.%20数字序列中的某一位数字.md,44. 数字序列中的某一位数字.md,44. 数字序列中的某一位数字.md,,notes/44. 数字序列中的某一位数字.md,relative,file,yes,no,yes,yes,yes,no,yes
notes/剑指 Offer 题解 - 目录.md,122,markdown_inline,link,46. 把数字翻译成字符串,46.%20把数字翻译成字符串.md,46. 把数字翻译成字符串.md,46. 把数字翻译成字符串.md,,notes/46. 把数字翻译成字符串.md,relative,file,yes,no,yes,yes,yes,no,yes
notes/剑指 Offer 题解 - 目录.md,123,markdown_inline,link,61. 扑克牌顺子,61.%20扑克牌顺子.md,61. 扑克牌顺子.md,61. 扑克牌顺子.md,,notes/61. 扑克牌顺子.md,relative,file,yes,no,yes,yes,yes,no,yes
notes/剑指 Offer 题解 - 目录.md,124,markdown_inline,link,64. 求 1+2+3+...+n,64.%20求%201+2+3+...+n.md,64. 求 1+2+3+...+n.md,64. 求 1+2+3+...+n.md,,notes/64. 求 1+2+3+...+n.md,relative,file,yes,no,yes,yes,yes,no,yes
notes/剑指 Offer 题解 - 目录.md,125,markdown_inline,link,65. 不用加减乘除做加法,65.%20不用加减乘除做加法.md,65. 不用加减乘除做加法.md,65. 不用加减乘除做加法.md,,notes/65. 不用加减乘除做加法.md,relative,file,yes,no,yes,yes,yes,no,yes
notes/剑指 Offer 题解 - 目录.md,126,markdown_inline,link,67. 把字符串转换成整数,67.%20把字符串转换成整数.md,67. 把字符串转换成整数.md,67. 把字符串转换成整数.md,,notes/67. 把字符串转换成整数.md,relative,file,yes,no,yes,yes,yes,no,yes
notes/剑指 offer 题解.md,1,markdown_inline,link,剑指 Offer 题解,https://github.com/CyC2018/CS-Notes/blob/master/notes/%E5%89%91%E6%8C%87%20Offer%20%E9%A2%98%E8%A7%A3%20-%20%E7%9B%AE%E5%BD%95.md,https://github.com/CyC2018/CS-Notes/blob/master/notes/剑指 Offer 题解 - 目录.md,notes/剑指 Offer 题解 - 目录.md,,notes/剑指 Offer 题解 - 目录.md,github_repo_url,file,yes,no,yes,no,yes,no,yes
notes/攻击技术.md,3,markdown_inline,link,攻击技术,#攻击技术,#攻击技术,,攻击技术,notes/攻击技术.md,relative,anchor,yes,no,yes,yes,yes,no,yes
notes/攻击技术.md,4,markdown_inline,link,一、跨站脚本攻击,#一跨站脚本攻击,#一跨站脚本攻击,,一跨站脚本攻击,notes/攻击技术.md,relative,anchor,yes,no,yes,yes,yes,no,yes
notes/攻击技术.md,5,markdown_inline,link,二、跨站请求伪造,#二跨站请求伪造,#二跨站请求伪造,,二跨站请求伪造,notes/攻击技术.md,relative,anchor,yes,no,yes,yes,yes,no,yes
notes/攻击技术.md,6,markdown_inline,link,三、SQL 注入攻击,#三sql-注入攻击,#三sql-注入攻击,,三sql-注入攻击,notes/攻击技术.md,relative,anchor,yes,no,yes,yes,yes,no,yes
notes/攻击技术.md,7,markdown_inline,link,四、拒绝服务攻击,#四拒绝服务攻击,#四拒绝服务攻击,,四拒绝服务攻击,notes/攻击技术.md,relative,anchor,yes,no,yes,yes,yes,no,yes
notes/攻击技术.md,8,markdown_inline,link,参考资料,#参考资料,#参考资料,,参考资料,notes/攻击技术.md,relative,anchor,yes,no,yes,yes,yes,no,yes
notes/数据库系统原理.md,3,markdown_inline,link,数据库系统原理,#数据库系统原理,#数据库系统原理,,数据库系统原理,notes/数据库系统原理.md,relative,anchor,yes,no,yes,yes,yes,no,yes
notes/数据库系统原理.md,4,markdown_inline,link,一、事务,#一事务,#一事务,,一事务,notes/数据库系统原理.md,relative,anchor,yes,no,yes,yes,yes,no,yes
notes/数据库系统原理.md,5,markdown_inline,link,概念,#概念,#概念,,概念,notes/数据库系统原理.md,relative,anchor,yes,no,yes,yes,yes,no,yes
notes/数据库系统原理.md,6,markdown_inline,link,ACID,#acid,#acid,,acid,notes/数据库系统原理.md,relative,anchor,yes,no,no,no,no,no,no
notes/数据库系统原理.md,7,markdown_inline,link,AUTOCOMMIT,#autocommit,#autocommit,,autocommit,notes/数据库系统原理.md,relative,anchor,yes,no,no,no,no,no,no
notes/数据库系统原理.md,8,markdown_inline,link,二、并发一致性问题,#二并发一致性问题,#二并发一致性问题,,二并发一致性问题,notes/数据库系统原理.md,relative,anchor,yes,no,yes,yes,yes,no,yes
notes/数据库系统原理.md,9,markdown_inline,link,丢失修改,#丢失修改,#丢失修改,,丢失修改,notes/数据库系统原理.md,relative,anchor,yes,no,yes,yes,yes,no,yes
notes/数据库系统原理.md,10,markdown_inline,link,读脏数据,#读脏数据,#读脏数据,,读脏数据,notes/数据库系统原理.md,relative,anchor,yes,no,yes,yes,yes,no,yes
notes/数据库系统原理.md,11,markdown_inline,link,不可重复读,#不可重复读,#不可重复读,,不可重复读,notes/数据库系统原理.md,relative,anchor,yes,no,yes,yes,yes,no,yes
notes/数据库系统原理.md,12,markdown_inline,link,幻影读,#幻影读,#幻影读,,幻影读,notes/数据库系统原理.md,relative,anchor,yes,no,yes,yes,yes,no,yes
notes/数据库系统原理.md,13,markdown_inline,link,三、封锁,#三封锁,#三封锁,,三封锁,notes/数据库系统原理.md,relative,anchor,yes,no,yes,yes,yes,no,yes
notes/数据库系统原理.md,14,markdown_inline,link,封锁粒度,#封锁粒度,#封锁粒度,,封锁粒度,notes/数据库系统原理.md,relative,anchor,yes,no,yes,yes,yes,no,yes
notes/数据库系统原理.md,15,markdown_inline,link,封锁类型,#封锁类型,#封锁类型,,封锁类型,notes/数据库系统原理.md,relative,anchor,yes,no,yes,yes,yes,no,yes
notes/数据库系统原理.md,16,markdown_inline,link,封锁协议,#封锁协议,#封锁协议,,封锁协议,notes/数据库系统原理.md,relative,anchor,yes,no,yes,yes,yes,no,yes
notes/数据库系统原理.md,17,markdown_inline,link,MySQL 隐式与显式锁定,#mysql-隐式与显式锁定,#mysql-隐式与显式锁定,,mysql-隐式与显式锁定,notes/数据库系统原理.md,relative,anchor,yes,no,yes,yes,yes,no,yes
notes/数据库系统原理.md,18,markdown_inline,link,四、隔离级别,#四隔离级别,#四隔离级别,,四隔离级别,notes/数据库系统原理.md,relative,anchor,yes,no,yes,yes,yes,no,yes
notes/数据库系统原理.md,19,markdown_inline,link,未提交读（READ UNCOMMITTED）,#未提交读read-uncommitted,#未提交读read-uncommitted,,未提交读read-uncommitted,notes/数据库系统原理.md,relative,anchor,yes,no,yes,yes,yes,no,yes
notes/数据库系统原理.md,20,markdown_inline,link,提交读（READ COMMITTED）,#提交读read-committed,#提交读read-committed,,提交读read-committed,notes/数据库系统原理.md,relative,anchor,yes,no,yes,yes,yes,no,yes
notes/数据库系统原理.md,21,markdown_inline,link,可重复读（REPEATABLE READ）,#可重复读repeatable-read,#可重复读repeatable-read,,可重复读repeatable-read,notes/数据库系统原理.md,relative,anchor,yes,no,yes,yes,yes,no,yes
notes/数据库系统原理.md,22,markdown_inline,link,可串行化（SERIALIZABLE）,#可串行化serializable,#可串行化serializable,,可串行化serializable,notes/数据库系统原理.md,relative,anchor,yes,no,yes,yes,yes,no,yes
notes/数据库系统原理.md,23,markdown_inline,link,五、多版本并发控制,#五多版本并发控制,#五多版本并发控制,,五多版本并发控制,notes/数据库系统原理.md,relative,anchor,yes,no,yes,yes,yes,no,yes
notes/数据库系统原理.md,24,markdown_inline,link,基本思想,#基本思想,#基本思想,,基本思想,notes/数据库系统原理.md,relative,anchor,yes,no,yes,yes,yes,no,yes
notes/数据库系统原理.md,25,markdown_inline,link,版本号,#版本号,#版本号,,版本号,notes/数据库系统原理.md,relative,anchor,yes,no,yes,yes,yes,no,yes
notes/数据库系统原理.md,26,markdown_inline,link,Undo 日志,#undo-日志,#undo-日志,,undo-日志,notes/数据库系统原理.md,relative,anchor,yes,no,yes,yes,yes,no,yes
notes/数据库系统原理.md,27,markdown_inline,link,ReadView,#readview,#readview,,readview,notes/数据库系统原理.md,relative,anchor,yes,no,no,no,no,no,no
notes/数据库系统原理.md,28,markdown_inline,link,快照读与当前读,#快照读与当前读,#快照读与当前读,,快照读与当前读,notes/数据库系统原理.md,relative,anchor,yes,no,yes,yes,yes,no,yes
notes/数据库系统原理.md,29,markdown_inline,link,六、Next-Key Locks,#六next-key-locks,#六next-key-locks,,六next-key-locks,notes/数据库系统原理.md,relative,anchor,yes,no,yes,yes,yes,no,yes
notes/数据库系统原理.md,30,markdown_inline,link,Record Locks,#record-locks,#record-locks,,record-locks,notes/数据库系统原理.md,relative,anchor,yes,no,no,no,no,no,no
notes/数据库系统原理.md,31,markdown_inline,link,Gap Locks,#gap-locks,#gap-locks,,gap-locks,notes/数据库系统原理.md,relative,anchor,yes,no,no,no,no,no,no
notes/数据库系统原理.md,32,markdown_inline,link,Next-Key Locks,#next-key-locks,#next-key-locks,,next-key-locks,notes/数据库系统原理.md,relative,anchor,yes,no,no,no,no,no,no
notes/数据库系统原理.md,33,markdown_inline,link,七、关系数据库设计理论,#七关系数据库设计理论,#七关系数据库设计理论,,七关系数据库设计理论,notes/数据库系统原理.md,relative,anchor,yes,no,yes,yes,yes,no,yes
notes/数据库系统原理.md,34,markdown_inline,link,函数依赖,#函数依赖,#函数依赖,,函数依赖,notes/数据库系统原理.md,relative,anchor,yes,no,yes,yes,yes,no,yes
notes/数据库系统原理.md,35,markdown_inline,link,异常,#异常,#异常,,异常,notes/数据库系统原理.md,relative,anchor,yes,no,yes,yes,yes,no,yes
notes/数据库系统原理.md,36,markdown_inline,link,范式,#范式,#范式,,范式,notes/数据库系统原理.md,relative,anchor,yes,no,yes,yes,yes,no,yes
notes/数据库系统原理.md,37,markdown_inline,link,八、ER 图,#八er-图,#八er-图,,八er-图,notes/数据库系统原理.md,relative,anchor,yes,no,yes,yes,yes,no,yes
notes/数据库系统原理.md,38,markdown_inline,link,实体的三种联系,#实体的三种联系,#实体的三种联系,,实体的三种联系,notes/数据库系统原理.md,relative,anchor,yes,no,yes,yes,yes,no,yes
notes/数据库系统原理.md,39,markdown_inline,link,表示出现多次的关系,#表示出现多次的关系,#表示出现多次的关系,,表示出现多次的关系,notes/数据库系统原理.md,relative,anchor,yes,no,yes,yes,yes,no,yes
notes/数据库系统原理.md,40,markdown_inline,link,联系的多向性,#联系的多向性,#联系的多向性,,联系的多向性,notes/数据库系统原理.md,relative,anchor,yes,no,yes,yes,yes,no,yes
notes/数据库系统原理.md,41,markdown_inline,link,表示子类,#表示子类,#表示子类,,表示子类,notes/数据库系统原理.md,relative,anchor,yes,no,yes,yes,yes,no,yes
notes/数据库系统原理.md,42,markdown_inline,link,参考资料,#参考资料,#参考资料,,参考资料,notes/数据库系统原理.md,relative,anchor,yes,no,yes,yes,yes,no,yes
notes/构建工具.md,3,markdown_inline,link,构建工具,#构建工具,#构建工具,,构建工具,notes/构建工具.md,relative,anchor,yes,no,yes,yes,yes,no,yes
notes/构建工具.md,4,markdown_inline,link,一、构建工具的作用,#一构建工具的作用,#一构建工具的作用,,一构建工具的作用,notes/构建工具.md,relative,anchor,yes,no,yes,yes,yes,no,yes
notes/构建工具.md,5,markdown_inline,link,二、Java 主流构建工具,#二java-主流构建工具,#二java-主流构建工具,,二java-主流构建工具,notes/构建工具.md,relative,anchor,yes,no,yes,yes,yes,no,yes
notes/构建工具.md,6,markdown_inline,link,三、Maven,#三maven,#三maven,,三maven,notes/构建工具.md,relative,anchor,yes,no,yes,yes,yes,no,yes
notes/构建工具.md,7,markdown_inline,link,参考资料,#参考资料,#参考资料,,参考资料,notes/构建工具.md,relative,anchor,yes,no,yes,yes,yes,no,yes
notes/正则表达式.md,3,markdown_inline,link,正则表达式,#正则表达式,#正则表达式,,正则表达式,notes/正则表达式.md,relative,anchor,yes,no,yes,yes,yes,no,yes
notes/正则表达式.md,4,markdown_inline,link,一、概述,#一概述,#一概述,,一概述,notes/正则表达式.md,relative,anchor,yes,no,yes,yes,yes,no,yes
notes/正则表达式.md,5,markdown_inline,link,二、匹配单个字符,#二匹配单个字符,#二匹配单个字符,,二匹配单个字符,notes/正则表达式.md,relative,anchor,yes,no,yes,yes,yes,no,yes
notes/正则表达式.md,6,markdown_inline,link,三、匹配一组字符,#三匹配一组字符,#三匹配一组字符,,三匹配一组字符,notes/正则表达式.md,relative,anchor,yes,no,yes,yes,yes,no,yes
notes/正则表达式.md,7,markdown_inline,link,四、使用元字符,#四使用元字符,#四使用元字符,,四使用元字符,notes/正则表达式.md,relative,anchor,yes,no,yes,yes,yes,no,yes
notes/正则表达式.md,8,markdown_inline,link,五、重复匹配,#五重复匹配,#五重复匹配,,五重复匹配,notes/正则表达式.md,relative,anchor,yes,no,yes,yes,yes,no,yes
notes/正则表达式.md,9,markdown_inline,link,六、位置匹配,#六位置匹配,#六位置匹配,,六位置匹配,notes/正则表达式.md,relative,anchor,yes,no,yes,yes,yes,no,yes
notes/正则表达式.md,10,markdown_inline,link,七、使用子表达式,#七使用子表达式,#七使用子表达式,,七使用子表达式,notes/正则表达式.md,relative,anchor,yes,no,yes,yes,yes,no,yes
notes/正则表达式.md,11,markdown_inline,link,八、回溯引用,#八回溯引用,#八回溯引用,,八回溯引用,notes/正则表达式.md,relative,anchor,yes,no,yes,yes,yes,no,yes
notes/正则表达式.md,12,markdown_inline,link,九、前后查找,#九前后查找,#九前后查找,,九前后查找,notes/正则表达式.md,relative,anchor,yes,no,yes,yes,yes,no,yes
notes/正则表达式.md,13,markdown_inline,link,十、嵌入条件,#十嵌入条件,#十嵌入条件,,十嵌入条件,notes/正则表达式.md,relative,anchor,yes,no,yes,yes,yes,no,yes
notes/正则表达式.md,14,markdown_inline,link,参考资料,#参考资料,#参考资料,,参考资料,notes/正则表达式.md,relative,anchor,yes,no,yes,yes,yes,no,yes
notes/消息队列.md,3,markdown_inline,link,消息队列,#消息队列,#消息队列,,消息队列,notes/消息队列.md,relative,anchor,yes,no,yes,yes,yes,no,yes
notes/消息队列.md,4,markdown_inline,link,一、消息模型,#一消息模型,#一消息模型,,一消息模型,notes/消息队列.md,relative,anchor,yes,no,yes,yes,yes,no,yes
notes/消息队列.md,5,markdown_inline,link,点对点,#点对点,#点对点,,点对点,notes/消息队列.md,relative,anchor,yes,no,yes,yes,yes,no,yes
notes/消息队列.md,6,markdown_inline,link,发布/订阅,#发布订阅,#发布订阅,,发布订阅,notes/消息队列.md,relative,anchor,yes,no,yes,yes,yes,no,yes
notes/消息队列.md,7,markdown_inline,link,二、使用场景,#二使用场景,#二使用场景,,二使用场景,notes/消息队列.md,relative,anchor,yes,no,yes,yes,yes,no,yes
notes/消息队列.md,8,markdown_inline,link,异步处理,#异步处理,#异步处理,,异步处理,notes/消息队列.md,relative,anchor,yes,no,yes,yes,yes,no,yes
notes/消息队列.md,9,markdown_inline,link,流量削锋,#流量削锋,#流量削锋,,流量削锋,notes/消息队列.md,relative,anchor,yes,no,yes,yes,yes,no,yes
notes/消息队列.md,10,markdown_inline,link,应用解耦,#应用解耦,#应用解耦,,应用解耦,notes/消息队列.md,relative,anchor,yes,no,yes,yes,yes,no,yes
notes/消息队列.md,11,markdown_inline,link,三、可靠性,#三可靠性,#三可靠性,,三可靠性,notes/消息队列.md,relative,anchor,yes,no,yes,yes,yes,no,yes
notes/消息队列.md,12,markdown_inline,link,发送端的可靠性,#发送端的可靠性,#发送端的可靠性,,发送端的可靠性,notes/消息队列.md,relative,anchor,yes,no,yes,yes,yes,no,yes
notes/消息队列.md,13,markdown_inline,link,接收端的可靠性,#接收端的可靠性,#接收端的可靠性,,接收端的可靠性,notes/消息队列.md,relative,anchor,yes,no,yes,yes,yes,no,yes
notes/消息队列.md,14,markdown_inline,link,参考资料,#参考资料,#参考资料,,参考资料,notes/消息队列.md,relative,anchor,yes,no,yes,yes,yes,no,yes
notes/算法 - 并查集.md,3,markdown_inline,link,算法 - 并查集,#算法---并查集,#算法---并查集,,算法---并查集,notes/算法 - 并查集.md,relative,anchor,yes,no,yes,yes,yes,no,yes
notes/算法 - 并查集.md,4,markdown_inline,link,前言,#前言,#前言,,前言,notes/算法 - 并查集.md,relative,anchor,yes,no,yes,yes,yes,no,yes
notes/算法 - 并查集.md,5,markdown_inline,link,Quick Find,#quick-find,#quick-find,,quick-find,notes/算法 - 并查集.md,relative,anchor,yes,no,no,no,no,no,no
notes/算法 - 并查集.md,6,markdown_inline,link,Quick Union,#quick-union,#quick-union,,quick-union,notes/算法 - 并查集.md,relative,anchor,yes,no,no,no,no,no,no
notes/算法 - 并查集.md,7,markdown_inline,link,加权 Quick Union,#加权-quick-union,#加权-quick-union,,加权-quick-union,notes/算法 - 并查集.md,relative,anchor,yes,no,yes,yes,yes,no,yes
notes/算法 - 并查集.md,8,markdown_inline,link,路径压缩的加权 Quick Union,#路径压缩的加权-quick-union,#路径压缩的加权-quick-union,,路径压缩的加权-quick-union,notes/算法 - 并查集.md,relative,anchor,yes,no,yes,yes,yes,no,yes
notes/算法 - 并查集.md,9,markdown_inline,link,比较,#比较,#比较,,比较,notes/算法 - 并查集.md,relative,anchor,yes,no,yes,yes,yes,no,yes
notes/算法 - 栈和队列.md,3,markdown_inline,link,算法 - 栈和队列,#算法---栈和队列,#算法---栈和队列,,算法---栈和队列,notes/算法 - 栈和队列.md,relative,anchor,yes,no,yes,yes,yes,no,yes
notes/算法 - 栈和队列.md,4,markdown_inline,link,栈,#栈,#栈,,栈,notes/算法 - 栈和队列.md,relative,anchor,yes,no,yes,yes,yes,no,yes
notes/算法 - 栈和队列.md,5,markdown_inline,link,1. 数组实现,#1-数组实现,#1-数组实现,,1-数组实现,notes/算法 - 栈和队列.md,relative,anchor,yes,no,yes,yes,yes,no,yes
notes/算法 - 栈和队列.md,6,markdown_inline,link,2. 链表实现,#2-链表实现,#2-链表实现,,2-链表实现,notes/算法 - 栈和队列.md,relative,anchor,yes,no,yes,yes,yes,no,yes
notes/算法 - 栈和队列.md,7,markdown_inline,link,队列,#队列,#队列,,队列,notes/算法 - 栈和队列.md,relative,anchor,yes,no,yes,yes,yes,no,yes
notes/算法 - 目录.md,3,markdown_inline,link,算法分析,算法%20-%20算法分析.md,算法 - 算法分析.md,算法 - 算法分析.md,,notes/算法 - 算法分析.md,relative,file,yes,no,yes,yes,yes,no,yes
notes/算法 - 目录.md,4,markdown_inline,link,排序,算法%20-%20排序.md,算法 - 排序.md,算法 - 排序.md,,notes/算法 - 排序.md,relative,file,yes,no,yes,yes,yes,no,yes
notes/算法 - 目录.md,5,markdown_inline,link,并查集,算法%20-%20并查集.md,算法 - 并查集.md,算法 - 并查集.md,,notes/算法 - 并查集.md,relative,file,yes,no,yes,yes,yes,no,yes
notes/算法 - 目录.md,6,markdown_inline,link,栈和队列,算法%20-%20栈和队列.md,算法 - 栈和队列.md,算法 - 栈和队列.md,,notes/算法 - 栈和队列.md,relative,file,yes,no,yes,yes,yes,no,yes
notes/算法 - 目录.md,7,markdown_inline,link,符号表,算法%20-%20符号表.md,算法 - 符号表.md,算法 - 符号表.md,,notes/算法 - 符号表.md,relative,file,yes,no,yes,yes,yes,no,yes
notes/算法 - 目录.md,8,markdown_inline,link,其它,算法%20-%20其它.md,算法 - 其它.md,算法 - 其它.md,,notes/算法 - 其它.md,relative,file,yes,no,yes,yes,yes,no,yes
notes/算法 - 符号表.md,3,markdown_inline,link,算法 - 符号表,#算法---符号表,#算法---符号表,,算法---符号表,notes/算法 - 符号表.md,relative,anchor,yes,no,yes,yes,yes,no,yes
notes/算法 - 符号表.md,4,markdown_inline,link,前言,#前言,#前言,,前言,notes/算法 - 符号表.md,relative,anchor,yes,no,yes,yes,yes,no,yes
notes/算法 - 符号表.md,5,markdown_inline,link,初级实现,#初级实现,#初级实现,,初级实现,notes/算法 - 符号表.md,relative,anchor,yes,no,yes,yes,yes,no,yes
notes/算法 - 符号表.md,6,markdown_inline,link,1. 链表实现无序符号表,#1-链表实现无序符号表,#1-链表实现无序符号表,,1-链表实现无序符号表,notes/算法 - 符号表.md,relative,anchor,yes,no,yes,yes,yes,no,yes
notes/算法 - 符号表.md,7,markdown_inline,link,2. 二分查找实现有序符号表,#2-二分查找实现有序符号表,#2-二分查找实现有序符号表,,2-二分查找实现有序符号表,notes/算法 - 符号表.md,relative,anchor,yes,no,yes,yes,yes,no,yes
notes/算法 - 符号表.md,8,markdown_inline,link,二叉查找树,#二叉查找树,#二叉查找树,,二叉查找树,notes/算法 - 符号表.md,relative,anchor,yes,no,yes,yes,yes,no,yes
notes/算法 - 符号表.md,9,markdown_inline,link,1. get(),#1-get,#1-get,,1-get,notes/算法 - 符号表.md,relative,anchor,yes,no,no,no,no,no,no
notes/算法 - 符号表.md,10,markdown_inline,link,2. put(),#2-put,#2-put,,2-put,notes/算法 - 符号表.md,relative,anchor,yes,no,no,no,no,no,no
notes/算法 - 符号表.md,11,markdown_inline,link,3. 分析,#3-分析,#3-分析,,3-分析,notes/算法 - 符号表.md,relative,anchor,yes,no,yes,yes,yes,no,yes
notes/算法 - 符号表.md,12,markdown_inline,link,4. floor(),#4-floor,#4-floor,,4-floor,notes/算法 - 符号表.md,relative,anchor,yes,no,no,no,no,no,no
notes/算法 - 符号表.md,13,markdown_inline,link,5. rank(),#5-rank,#5-rank,,5-rank,notes/算法 - 符号表.md,relative,anchor,yes,no,no,no,no,no,no
notes/算法 - 符号表.md,14,markdown_inline,link,6. min(),#6-min,#6-min,,6-min,notes/算法 - 符号表.md,relative,anchor,yes,no,no,no,no,no,no
notes/算法 - 符号表.md,15,markdown_inline,link,7. deleteMin(),#7-deletemin,#7-deletemin,,7-deletemin,notes/算法 - 符号表.md,relative,anchor,yes,no,no,no,no,no,no
notes/算法 - 符号表.md,16,markdown_inline,link,8. delete(),#8-delete,#8-delete,,8-delete,notes/算法 - 符号表.md,relative,anchor,yes,no,no,no,no,no,no
notes/算法 - 符号表.md,17,markdown_inline,link,9. keys(),#9-keys,#9-keys,,9-keys,notes/算法 - 符号表.md,relative,anchor,yes,no,no,no,no,no,no
notes/算法 - 符号表.md,18,markdown_inline,link,10. 分析,#10-分析,#10-分析,,10-分析,notes/算法 - 符号表.md,relative,anchor,yes,no,yes,yes,yes,no,yes
notes/算法 - 符号表.md,19,markdown_inline,link,2-3 查找树,#2-3-查找树,#2-3-查找树,,2-3-查找树,notes/算法 - 符号表.md,relative,anchor,yes,no,yes,yes,yes,no,yes
notes/算法 - 符号表.md,20,markdown_inline,link,1. 插入操作,#1-插入操作,#1-插入操作,,1-插入操作,notes/算法 - 符号表.md,relative,anchor,yes,no,yes,yes,yes,no,yes
notes/算法 - 符号表.md,21,markdown_inline,link,2. 性质,#2-性质,#2-性质,,2-性质,notes/算法 - 符号表.md,relative,anchor,yes,no,yes,yes,yes,no,yes
notes/算法 - 符号表.md,22,markdown_inline,link,红黑树,#红黑树,#红黑树,,红黑树,notes/算法 - 符号表.md,relative,anchor,yes,no,yes,yes,yes,no,yes
notes/算法 - 符号表.md,23,markdown_inline,link,1. 左旋转,#1-左旋转,#1-左旋转,,1-左旋转,notes/算法 - 符号表.md,relative,anchor,yes,no,yes,yes,yes,no,yes
notes/算法 - 符号表.md,24,markdown_inline,link,2. 右旋转,#2-右旋转,#2-右旋转,,2-右旋转,notes/算法 - 符号表.md,relative,anchor,yes,no,yes,yes,yes,no,yes
notes/算法 - 符号表.md,25,markdown_inline,link,3. 颜色转换,#3-颜色转换,#3-颜色转换,,3-颜色转换,notes/算法 - 符号表.md,relative,anchor,yes,no,yes,yes,yes,no,yes
notes/算法 - 符号表.md,26,markdown_inline,link,4. 插入,#4-插入,#4-插入,,4-插入,notes/算法 - 符号表.md,relative,anchor,yes,no,yes,yes,yes,no,yes
notes/算法 - 符号表.md,27,markdown_inline,link,5. 分析,#5-分析,#5-分析,,5-分析,notes/算法 - 符号表.md,relative,anchor,yes,no,yes,yes,yes,no,yes
notes/算法 - 符号表.md,28,markdown_inline,link,散列表,#散列表,#散列表,,散列表,notes/算法 - 符号表.md,relative,anchor,yes,no,yes,yes,yes,no,yes
notes/算法 - 符号表.md,29,markdown_inline,link,1. 散列函数,#1-散列函数,#1-散列函数,,1-散列函数,notes/算法 - 符号表.md,relative,anchor,yes,no,yes,yes,yes,no,yes
notes/算法 - 符号表.md,30,markdown_inline,link,2. 拉链法,#2-拉链法,#2-拉链法,,2-拉链法,notes/算法 - 符号表.md,relative,anchor,yes,no,yes,yes,yes,no,yes
notes/算法 - 符号表.md,31,markdown_inline,link,3. 线性探测法,#3-线性探测法,#3-线性探测法,,3-线性探测法,notes/算法 - 符号表.md,relative,anchor,yes,no,yes,yes,yes,no,yes
notes/算法 - 符号表.md,32,markdown_inline,link,小结,#小结,#小结,,小结,notes/算法 - 符号表.md,relative,anchor,yes,no,yes,yes,yes,no,yes
notes/算法 - 符号表.md,33,markdown_inline,link,1. 符号表算法比较,#1-符号表算法比较,#1-符号表算法比较,,1-符号表算法比较,notes/算法 - 符号表.md,relative,anchor,yes,no,yes,yes,yes,no,yes
notes/算法 - 符号表.md,34,markdown_inline,link,2. Java 的符号表实现,#2-java-的符号表实现,#2-java-的符号表实现,,2-java-的符号表实现,notes/算法 - 符号表.md,relative,anchor,yes,no,yes,yes,yes,no,yes
notes/算法 - 符号表.md,35,markdown_inline,link,3. 稀疏向量乘法,#3-稀疏向量乘法,#3-稀疏向量乘法,,3-稀疏向量乘法,notes/算法 - 符号表.md,relative,anchor,yes,no,yes,yes,yes,no,yes
notes/算法 - 算法分析.md,3,markdown_inline,link,算法 - 算法分析,#算法---算法分析,#算法---算法分析,,算法---算法分析,notes/算法 - 算法分析.md,relative,anchor,yes,no,yes,yes,yes,no,yes
notes/算法 - 算法分析.md,4,markdown_inline,link,数学模型,#数学模型,#数学模型,,数学模型,notes/算法 - 算法分析.md,relative,anchor,yes,no,yes,yes,yes,no,yes
notes/算法 - 算法分析.md,5,markdown_inline,link,1. 近似,#1-近似,#1-近似,,1-近似,notes/算法 - 算法分析.md,relative,anchor,yes,no,yes,yes,yes,no,yes
notes/算法 - 算法分析.md,6,markdown_inline,link,2. 增长数量级,#2-增长数量级,#2-增长数量级,,2-增长数量级,notes/算法 - 算法分析.md,relative,anchor,yes,no,yes,yes,yes,no,yes
notes/算法 - 算法分析.md,7,markdown_inline,link,3. 内循环,#3-内循环,#3-内循环,,3-内循环,notes/算法 - 算法分析.md,relative,anchor,yes,no,yes,yes,yes,no,yes
notes/算法 - 算法分析.md,8,markdown_inline,link,4. 成本模型,#4-成本模型,#4-成本模型,,4-成本模型,notes/算法 - 算法分析.md,relative,anchor,yes,no,yes,yes,yes,no,yes
notes/算法 - 算法分析.md,9,markdown_inline,link,注意事项,#注意事项,#注意事项,,注意事项,notes/算法 - 算法分析.md,relative,anchor,yes,no,yes,yes,yes,no,yes
notes/算法 - 算法分析.md,10,markdown_inline,link,1. 大常数,#1-大常数,#1-大常数,,1-大常数,notes/算法 - 算法分析.md,relative,anchor,yes,no,yes,yes,yes,no,yes
notes/算法 - 算法分析.md,11,markdown_inline,link,2. 缓存,#2-缓存,#2-缓存,,2-缓存,notes/算法 - 算法分析.md,relative,anchor,yes,no,yes,yes,yes,no,yes
notes/算法 - 算法分析.md,12,markdown_inline,link,3. 对最坏情况下的性能的保证,#3-对最坏情况下的性能的保证,#3-对最坏情况下的性能的保证,,3-对最坏情况下的性能的保证,notes/算法 - 算法分析.md,relative,anchor,yes,no,yes,yes,yes,no,yes
notes/算法 - 算法分析.md,13,markdown_inline,link,4. 随机化算法,#4-随机化算法,#4-随机化算法,,4-随机化算法,notes/算法 - 算法分析.md,relative,anchor,yes,no,yes,yes,yes,no,yes
notes/算法 - 算法分析.md,14,markdown_inline,link,5. 均摊分析,#5-均摊分析,#5-均摊分析,,5-均摊分析,notes/算法 - 算法分析.md,relative,anchor,yes,no,yes,yes,yes,no,yes
notes/算法 - 算法分析.md,15,markdown_inline,link,ThreeSum,#threesum,#threesum,,threesum,notes/算法 - 算法分析.md,relative,anchor,yes,no,no,no,no,no,no
notes/算法 - 算法分析.md,16,markdown_inline,link,1. ThreeSumSlow,#1-threesumslow,#1-threesumslow,,1-threesumslow,notes/算法 - 算法分析.md,relative,anchor,yes,no,no,no,no,no,no
notes/算法 - 算法分析.md,17,markdown_inline,link,2. ThreeSumBinarySearch,#2-threesumbinarysearch,#2-threesumbinarysearch,,2-threesumbinarysearch,notes/算法 - 算法分析.md,relative,anchor,yes,no,no,no,no,no,no
notes/算法 - 算法分析.md,18,markdown_inline,link,3. ThreeSumTwoPointer,#3-threesumtwopointer,#3-threesumtwopointer,,3-threesumtwopointer,notes/算法 - 算法分析.md,relative,anchor,yes,no,no,no,no,no,no
notes/算法 - 算法分析.md,19,markdown_inline,link,倍率实验,#倍率实验,#倍率实验,,倍率实验,notes/算法 - 算法分析.md,relative,anchor,yes,no,yes,yes,yes,no,yes
notes/算法.md,1,markdown_inline,link,算法,https://github.com/CyC2018/CS-Notes/blob/master/notes/%E7%AE%97%E6%B3%95%20-%20%E7%9B%AE%E5%BD%95.md,https://github.com/CyC2018/CS-Notes/blob/master/notes/算法 - 目录.md,notes/算法 - 目录.md,,notes/算法 - 目录.md,github_repo_url,file,yes,no,yes,no,yes,no,yes
notes/系统设计基础.md,3,markdown_inline,link,系统设计基础,#系统设计基础,#系统设计基础,,系统设计基础,notes/系统设计基础.md,relative,anchor,yes,no,yes,yes,yes,no,yes
notes/系统设计基础.md,4,markdown_inline,link,一、性能,#一性能,#一性能,,一性能,notes/系统设计基础.md,relative,anchor,yes,no,yes,yes,yes,no,yes
notes/系统设计基础.md,5,markdown_inline,link,二、伸缩性,#二伸缩性,#二伸缩性,,二伸缩性,notes/系统设计基础.md,relative,anchor,yes,no,yes,yes,yes,no,yes
notes/系统设计基础.md,6,markdown_inline,link,三、扩展性,#三扩展性,#三扩展性,,三扩展性,notes/系统设计基础.md,relative,anchor,yes,no,yes,yes,yes,no,yes
notes/系统设计基础.md,7,markdown_inline,link,四、可用性,#四可用性,#四可用性,,四可用性,notes/系统设计基础.md,relative,anchor,yes,no,yes,yes,yes,no,yes
notes/系统设计基础.md,8,markdown_inline,link,五、安全性,#五安全性,#五安全性,,五安全性,notes/系统设计基础.md,relative,anchor,yes,no,yes,yes,yes,no,yes
notes/系统设计基础.md,9,markdown_inline,link,参考资料,#参考资料,#参考资料,,参考资料,notes/系统设计基础.md,relative,anchor,yes,no,yes,yes,yes,no,yes
notes/缓存.md,3,markdown_inline,link,缓存,#缓存,#缓存,,缓存,notes/缓存.md,relative,anchor,yes,no,yes,yes,yes,no,yes
notes/缓存.md,4,markdown_inline,link,一、缓存特征,#一缓存特征,#一缓存特征,,一缓存特征,notes/缓存.md,relative,anchor,yes,no,yes,yes,yes,no,yes
notes/缓存.md,5,markdown_inline,link,二、缓存位置,#二缓存位置,#二缓存位置,,二缓存位置,notes/缓存.md,relative,anchor,yes,no,yes,yes,yes,no,yes
notes/缓存.md,6,markdown_inline,link,三、CDN,#三cdn,#三cdn,,三cdn,notes/缓存.md,relative,anchor,yes,no,yes,yes,yes,no,yes
notes/缓存.md,7,markdown_inline,link,四、缓存问题,#四缓存问题,#四缓存问题,,四缓存问题,notes/缓存.md,relative,anchor,yes,no,yes,yes,yes,no,yes
notes/缓存.md,8,markdown_inline,link,五、数据分布,#五数据分布,#五数据分布,,五数据分布,notes/缓存.md,relative,anchor,yes,no,yes,yes,yes,no,yes
notes/缓存.md,9,markdown_inline,link,六、一致性哈希,#六一致性哈希,#六一致性哈希,,六一致性哈希,notes/缓存.md,relative,anchor,yes,no,yes,yes,yes,no,yes
notes/缓存.md,10,markdown_inline,link,七、LRU,#七lru,#七lru,,七lru,notes/缓存.md,relative,anchor,yes,no,yes,yes,yes,no,yes
notes/缓存.md,11,markdown_inline,link,参考资料,#参考资料,#参考资料,,参考资料,notes/缓存.md,relative,anchor,yes,no,yes,yes,yes,no,yes
notes/计算机操作系统 - 内存管理.md,3,markdown_inline,link,计算机操作系统 - 内存管理,#计算机操作系统---内存管理,#计算机操作系统---内存管理,,计算机操作系统---内存管理,notes/计算机操作系统 - 内存管理.md,relative,anchor,yes,no,yes,yes,yes,no,yes
notes/计算机操作系统 - 内存管理.md,4,markdown_inline,link,虚拟内存,#虚拟内存,#虚拟内存,,虚拟内存,notes/计算机操作系统 - 内存管理.md,relative,anchor,yes,no,yes,yes,yes,no,yes
notes/计算机操作系统 - 内存管理.md,5,markdown_inline,link,分页系统地址映射,#分页系统地址映射,#分页系统地址映射,,分页系统地址映射,notes/计算机操作系统 - 内存管理.md,relative,anchor,yes,no,yes,yes,yes,no,yes
notes/计算机操作系统 - 内存管理.md,6,markdown_inline,link,页面置换算法,#页面置换算法,#页面置换算法,,页面置换算法,notes/计算机操作系统 - 内存管理.md,relative,anchor,yes,no,yes,yes,yes,no,yes
notes/计算机操作系统 - 内存管理.md,7,markdown_inline,link,1. 最佳,#1-最佳,#1-最佳,,1-最佳,notes/计算机操作系统 - 内存管理.md,relative,anchor,yes,no,yes,yes,yes,no,yes
notes/计算机操作系统 - 内存管理.md,8,markdown_inline,link,2. 最近最久未使用,#2-最近最久未使用,#2-最近最久未使用,,2-最近最久未使用,notes/计算机操作系统 - 内存管理.md,relative,anchor,yes,no,yes,yes,yes,no,yes
notes/计算机操作系统 - 内存管理.md,9,markdown_inline,link,3. 最近未使用,#3-最近未使用,#3-最近未使用,,3-最近未使用,notes/计算机操作系统 - 内存管理.md,relative,anchor,yes,no,yes,yes,yes,no,yes
notes/计算机操作系统 - 内存管理.md,10,markdown_inline,link,4. 先进先出,#4-先进先出,#4-先进先出,,4-先进先出,notes/计算机操作系统 - 内存管理.md,relative,anchor,yes,no,yes,yes,yes,no,yes
notes/计算机操作系统 - 内存管理.md,11,markdown_inline,link,5. 第二次机会算法,#5-第二次机会算法,#5-第二次机会算法,,5-第二次机会算法,notes/计算机操作系统 - 内存管理.md,relative,anchor,yes,no,yes,yes,yes,no,yes
notes/计算机操作系统 - 内存管理.md,12,markdown_inline,link,6. 时钟,#6-时钟,#6-时钟,,6-时钟,notes/计算机操作系统 - 内存管理.md,relative,anchor,yes,no,yes,yes,yes,no,yes
notes/计算机操作系统 - 内存管理.md,13,markdown_inline,link,分段,#分段,#分段,,分段,notes/计算机操作系统 - 内存管理.md,relative,anchor,yes,no,yes,yes,yes,no,yes
notes/计算机操作系统 - 内存管理.md,14,markdown_inline,link,段页式,#段页式,#段页式,,段页式,notes/计算机操作系统 - 内存管理.md,relative,anchor,yes,no,yes,yes,yes,no,yes
notes/计算机操作系统 - 内存管理.md,15,markdown_inline,link,分页与分段的比较,#分页与分段的比较,#分页与分段的比较,,分页与分段的比较,notes/计算机操作系统 - 内存管理.md,relative,anchor,yes,no,yes,yes,yes,no,yes
notes/计算机操作系统 - 概述.md,3,markdown_inline,link,计算机操作系统 - 概述,#计算机操作系统---概述,#计算机操作系统---概述,,计算机操作系统---概述,notes/计算机操作系统 - 概述.md,relative,anchor,yes,no,yes,yes,yes,no,yes
notes/计算机操作系统 - 概述.md,4,markdown_inline,link,基本特征,#基本特征,#基本特征,,基本特征,notes/计算机操作系统 - 概述.md,relative,anchor,yes,no,yes,yes,yes,no,yes
notes/计算机操作系统 - 概述.md,5,markdown_inline,link,1. 并发,#1-并发,#1-并发,,1-并发,notes/计算机操作系统 - 概述.md,relative,anchor,yes,no,yes,yes,yes,no,yes
notes/计算机操作系统 - 概述.md,6,markdown_inline,link,2. 共享,#2-共享,#2-共享,,2-共享,notes/计算机操作系统 - 概述.md,relative,anchor,yes,no,yes,yes,yes,no,yes
notes/计算机操作系统 - 概述.md,7,markdown_inline,link,3. 虚拟,#3-虚拟,#3-虚拟,,3-虚拟,notes/计算机操作系统 - 概述.md,relative,anchor,yes,no,yes,yes,yes,no,yes
notes/计算机操作系统 - 概述.md,8,markdown_inline,link,4. 异步,#4-异步,#4-异步,,4-异步,notes/计算机操作系统 - 概述.md,relative,anchor,yes,no,yes,yes,yes,no,yes
notes/计算机操作系统 - 概述.md,9,markdown_inline,link,基本功能,#基本功能,#基本功能,,基本功能,notes/计算机操作系统 - 概述.md,relative,anchor,yes,no,yes,yes,yes,no,yes
notes/计算机操作系统 - 概述.md,10,markdown_inline,link,1. 进程管理,#1-进程管理,#1-进程管理,,1-进程管理,notes/计算机操作系统 - 概述.md,relative,anchor,yes,no,yes,yes,yes,no,yes
notes/计算机操作系统 - 概述.md,11,markdown_inline,link,2. 内存管理,#2-内存管理,#2-内存管理,,2-内存管理,notes/计算机操作系统 - 概述.md,relative,anchor,yes,no,yes,yes,yes,no,yes
notes/计算机操作系统 - 概述.md,12,markdown_inline,link,3. 文件管理,#3-文件管理,#3-文件管理,,3-文件管理,notes/计算机操作系统 - 概述.md,relative,anchor,yes,no,yes,yes,yes,no,yes
notes/计算机操作系统 - 概述.md,13,markdown_inline,link,4. 设备管理,#4-设备管理,#4-设备管理,,4-设备管理,notes/计算机操作系统 - 概述.md,relative,anchor,yes,no,yes,yes,yes,no,yes
notes/计算机操作系统 - 概述.md,14,markdown_inline,link,系统调用,#系统调用,#系统调用,,系统调用,notes/计算机操作系统 - 概述.md,relative,anchor,yes,no,yes,yes,yes,no,yes
notes/计算机操作系统 - 概述.md,15,markdown_inline,link,宏内核和微内核,#宏内核和微内核,#宏内核和微内核,,宏内核和微内核,notes/计算机操作系统 - 概述.md,relative,anchor,yes,no,yes,yes,yes,no,yes
notes/计算机操作系统 - 概述.md,16,markdown_inline,link,1. 宏内核,#1-宏内核,#1-宏内核,,1-宏内核,notes/计算机操作系统 - 概述.md,relative,anchor,yes,no,yes,yes,yes,no,yes
notes/计算机操作系统 - 概述.md,17,markdown_inline,link,2. 微内核,#2-微内核,#2-微内核,,2-微内核,notes/计算机操作系统 - 概述.md,relative,anchor,yes,no,yes,yes,yes,no,yes
notes/计算机操作系统 - 概述.md,18,markdown_inline,link,中断分类,#中断分类,#中断分类,,中断分类,notes/计算机操作系统 - 概述.md,relative,anchor,yes,no,yes,yes,yes,no,yes
notes/计算机操作系统 - 概述.md,19,markdown_inline,link,1. 外中断,#1-外中断,#1-外中断,,1-外中断,notes/计算机操作系统 - 概述.md,relative,anchor,yes,no,yes,yes,yes,no,yes
notes/计算机操作系统 - 概述.md,20,markdown_inline,link,2. 异常,#2-异常,#2-异常,,2-异常,notes/计算机操作系统 - 概述.md,relative,anchor,yes,no,yes,yes,yes,no,yes
notes/计算机操作系统 - 概述.md,21,markdown_inline,link,3. 陷入,#3-陷入,#3-陷入,,3-陷入,notes/计算机操作系统 - 概述.md,relative,anchor,yes,no,yes,yes,yes,no,yes
notes/计算机操作系统 - 死锁.md,3,markdown_inline,link,计算机操作系统 - 死锁,#计算机操作系统---死锁,#计算机操作系统---死锁,,计算机操作系统---死锁,notes/计算机操作系统 - 死锁.md,relative,anchor,yes,no,yes,yes,yes,no,yes
notes/计算机操作系统 - 死锁.md,4,markdown_inline,link,必要条件,#必要条件,#必要条件,,必要条件,notes/计算机操作系统 - 死锁.md,relative,anchor,yes,no,yes,yes,yes,no,yes
notes/计算机操作系统 - 死锁.md,5,markdown_inline,link,处理方法,#处理方法,#处理方法,,处理方法,notes/计算机操作系统 - 死锁.md,relative,anchor,yes,no,yes,yes,yes,no,yes
notes/计算机操作系统 - 死锁.md,6,markdown_inline,link,鸵鸟策略,#鸵鸟策略,#鸵鸟策略,,鸵鸟策略,notes/计算机操作系统 - 死锁.md,relative,anchor,yes,no,yes,yes,yes,no,yes
notes/计算机操作系统 - 死锁.md,7,markdown_inline,link,死锁检测与死锁恢复,#死锁检测与死锁恢复,#死锁检测与死锁恢复,,死锁检测与死锁恢复,notes/计算机操作系统 - 死锁.md,relative,anchor,yes,no,yes,yes,yes,no,yes
notes/计算机操作系统 - 死锁.md,8,markdown_inline,link,1. 每种类型一个资源的死锁检测,#1-每种类型一个资源的死锁检测,#1-每种类型一个资源的死锁检测,,1-每种类型一个资源的死锁检测,notes/计算机操作系统 - 死锁.md,relative,anchor,yes,no,yes,yes,yes,no,yes
notes/计算机操作系统 - 死锁.md,9,markdown_inline,link,2. 每种类型多个资源的死锁检测,#2-每种类型多个资源的死锁检测,#2-每种类型多个资源的死锁检测,,2-每种类型多个资源的死锁检测,notes/计算机操作系统 - 死锁.md,relative,anchor,yes,no,yes,yes,yes,no,yes
notes/计算机操作系统 - 死锁.md,10,markdown_inline,link,3. 死锁恢复,#3-死锁恢复,#3-死锁恢复,,3-死锁恢复,notes/计算机操作系统 - 死锁.md,relative,anchor,yes,no,yes,yes,yes,no,yes
notes/计算机操作系统 - 死锁.md,11,markdown_inline,link,死锁预防,#死锁预防,#死锁预防,,死锁预防,notes/计算机操作系统 - 死锁.md,relative,anchor,yes,no,yes,yes,yes,no,yes
notes/计算机操作系统 - 死锁.md,12,markdown_inline,link,1. 破坏互斥条件,#1-破坏互斥条件,#1-破坏互斥条件,,1-破坏互斥条件,notes/计算机操作系统 - 死锁.md,relative,anchor,yes,no,yes,yes,yes,no,yes
notes/计算机操作系统 - 死锁.md,13,markdown_inline,link,2. 破坏占有和等待条件,#2-破坏占有和等待条件,#2-破坏占有和等待条件,,2-破坏占有和等待条件,notes/计算机操作系统 - 死锁.md,relative,anchor,yes,no,yes,yes,yes,no,yes
notes/计算机操作系统 - 死锁.md,14,markdown_inline,link,3. 破坏不可抢占条件,#3-破坏不可抢占条件,#3-破坏不可抢占条件,,3-破坏不可抢占条件,notes/计算机操作系统 - 死锁.md,relative,anchor,yes,no,yes,yes,yes,no,yes
notes/计算机操作系统 - 死锁.md,15,markdown_inline,link,4. 破坏环路等待,#4-破坏环路等待,#4-破坏环路等待,,4-破坏环路等待,notes/计算机操作系统 - 死锁.md,relative,anchor,yes,no,yes,yes,yes,no,yes
notes/计算机操作系统 - 死锁.md,16,markdown_inline,link,死锁避免,#死锁避免,#死锁避免,,死锁避免,notes/计算机操作系统 - 死锁.md,relative,anchor,yes,no,yes,yes,yes,no,yes
notes/计算机操作系统 - 死锁.md,17,markdown_inline,link,1. 安全状态,#1-安全状态,#1-安全状态,,1-安全状态,notes/计算机操作系统 - 死锁.md,relative,anchor,yes,no,yes,yes,yes,no,yes
notes/计算机操作系统 - 死锁.md,18,markdown_inline,link,2. 单个资源的银行家算法,#2-单个资源的银行家算法,#2-单个资源的银行家算法,,2-单个资源的银行家算法,notes/计算机操作系统 - 死锁.md,relative,anchor,yes,no,yes,yes,yes,no,yes
notes/计算机操作系统 - 死锁.md,19,markdown_inline,link,3. 多个资源的银行家算法,#3-多个资源的银行家算法,#3-多个资源的银行家算法,,3-多个资源的银行家算法,notes/计算机操作系统 - 死锁.md,relative,anchor,yes,no,yes,yes,yes,no,yes
notes/计算机操作系统 - 目录.md,3,markdown_inline,link,概述,计算机操作系统%20-%20概述.md,计算机操作系统 - 概述.md,计算机操作系统 - 概述.md,,notes/计算机操作系统 - 概述.md,relative,file,yes,no,yes,yes,yes,no,yes
notes/计算机操作系统 - 目录.md,4,markdown_inline,link,进程管理,计算机操作系统%20-%20进程管理.md,计算机操作系统 - 进程管理.md,计算机操作系统 - 进程管理.md,,notes/计算机操作系统 - 进程管理.md,relative,file,yes,no,yes,yes,yes,no,yes
notes/计算机操作系统 - 目录.md,5,markdown_inline,link,死锁,计算机操作系统%20-%20死锁.md,计算机操作系统 - 死锁.md,计算机操作系统 - 死锁.md,,notes/计算机操作系统 - 死锁.md,relative,file,yes,no,yes,yes,yes,no,yes
notes/计算机操作系统 - 目录.md,6,markdown_inline,link,内存管理,计算机操作系统%20-%20内存管理.md,计算机操作系统 - 内存管理.md,计算机操作系统 - 内存管理.md,,notes/计算机操作系统 - 内存管理.md,relative,file,yes,no,yes,yes,yes,no,yes
notes/计算机操作系统 - 目录.md,7,markdown_inline,link,设备管理,计算机操作系统%20-%20设备管理.md,计算机操作系统 - 设备管理.md,计算机操作系统 - 设备管理.md,,notes/计算机操作系统 - 设备管理.md,relative,file,yes,no,yes,yes,yes,no,yes
notes/计算机操作系统 - 目录.md,8,markdown_inline,link,链接,计算机操作系统%20-%20链接.md,计算机操作系统 - 链接.md,计算机操作系统 - 链接.md,,notes/计算机操作系统 - 链接.md,relative,file,yes,no,yes,yes,yes,no,yes
notes/计算机操作系统 - 设备管理.md,3,markdown_inline,link,计算机操作系统 - 设备管理,#计算机操作系统---设备管理,#计算机操作系统---设备管理,,计算机操作系统---设备管理,notes/计算机操作系统 - 设备管理.md,relative,anchor,yes,no,yes,yes,yes,no,yes
notes/计算机操作系统 - 设备管理.md,4,markdown_inline,link,磁盘结构,#磁盘结构,#磁盘结构,,磁盘结构,notes/计算机操作系统 - 设备管理.md,relative,anchor,yes,no,yes,yes,yes,no,yes
notes/计算机操作系统 - 设备管理.md,5,markdown_inline,link,磁盘调度算法,#磁盘调度算法,#磁盘调度算法,,磁盘调度算法,notes/计算机操作系统 - 设备管理.md,relative,anchor,yes,no,yes,yes,yes,no,yes
notes/计算机操作系统 - 设备管理.md,6,markdown_inline,link,1. 先来先服务,#1-先来先服务,#1-先来先服务,,1-先来先服务,notes/计算机操作系统 - 设备管理.md,relative,anchor,yes,no,yes,yes,yes,no,yes
notes/计算机操作系统 - 设备管理.md,7,markdown_inline,link,2. 最短寻道时间优先,#2-最短寻道时间优先,#2-最短寻道时间优先,,2-最短寻道时间优先,notes/计算机操作系统 - 设备管理.md,relative,anchor,yes,no,yes,yes,yes,no,yes
notes/计算机操作系统 - 设备管理.md,8,markdown_inline,link,3. 电梯算法,#3-电梯算法,#3-电梯算法,,3-电梯算法,notes/计算机操作系统 - 设备管理.md,relative,anchor,yes,no,yes,yes,yes,no,yes
notes/计算机操作系统 - 进程管理.md,3,markdown_inline,link,计算机操作系统 - 进程管理,#计算机操作系统---进程管理,#计算机操作系统---进程管理,,计算机操作系统---进程管理,notes/计算机操作系统 - 进程管理.md,relative,anchor,yes,no,yes,yes,yes,no,yes
notes/计算机操作系统 - 进程管理.md,4,markdown_inline,link,进程与线程,#进程与线程,#进程与线程,,进程与线程,notes/计算机操作系统 - 进程管理.md,relative,anchor,yes,no,yes,yes,yes,no,yes
notes/计算机操作系统 - 进程管理.md,5,markdown_inline,link,1. 进程,#1-进程,#1-进程,,1-进程,notes/计算机操作系统 - 进程管理.md,relative,anchor,yes,no,yes,yes,yes,no,yes
notes/计算机操作系统 - 进程管理.md,6,markdown_inline,link,2. 线程,#2-线程,#2-线程,,2-线程,notes/计算机操作系统 - 进程管理.md,relative,anchor,yes,no,yes,yes,yes,no,yes
notes/计算机操作系统 - 进程管理.md,7,markdown_inline,link,3. 区别,#3-区别,#3-区别,,3-区别,notes/计算机操作系统 - 进程管理.md,relative,anchor,yes,no,yes,yes,yes,no,yes
notes/计算机操作系统 - 进程管理.md,8,markdown_inline,link,进程状态的切换,#进程状态的切换,#进程状态的切换,,进程状态的切换,notes/计算机操作系统 - 进程管理.md,relative,anchor,yes,no,yes,yes,yes,no,yes
notes/计算机操作系统 - 进程管理.md,9,markdown_inline,link,进程调度算法,#进程调度算法,#进程调度算法,,进程调度算法,notes/计算机操作系统 - 进程管理.md,relative,anchor,yes,no,yes,yes,yes,no,yes
notes/计算机操作系统 - 进程管理.md,10,markdown_inline,link,1. 批处理系统,#1-批处理系统,#1-批处理系统,,1-批处理系统,notes/计算机操作系统 - 进程管理.md,relative,anchor,yes,no,yes,yes,yes,no,yes
notes/计算机操作系统 - 进程管理.md,11,markdown_inline,link,2. 交互式系统,#2-交互式系统,#2-交互式系统,,2-交互式系统,notes/计算机操作系统 - 进程管理.md,relative,anchor,yes,no,yes,yes,yes,no,yes
notes/计算机操作系统 - 进程管理.md,12,markdown_inline,link,3. 实时系统,#3-实时系统,#3-实时系统,,3-实时系统,notes/计算机操作系统 - 进程管理.md,relative,anchor,yes,no,yes,yes,yes,no,yes
notes/计算机操作系统 - 进程管理.md,13,markdown_inline,link,进程同步,#进程同步,#进程同步,,进程同步,notes/计算机操作系统 - 进程管理.md,relative,anchor,yes,no,yes,yes,yes,no,yes
notes/计算机操作系统 - 进程管理.md,14,markdown_inline,link,1. 临界区,#1-临界区,#1-临界区,,1-临界区,notes/计算机操作系统 - 进程管理.md,relative,anchor,yes,no,yes,yes,yes,no,yes
notes/计算机操作系统 - 进程管理.md,15,markdown_inline,link,2. 同步与互斥,#2-同步与互斥,#2-同步与互斥,,2-同步与互斥,notes/计算机操作系统 - 进程管理.md,relative,anchor,yes,no,yes,yes,yes,no,yes
notes/计算机操作系统 - 进程管理.md,16,markdown_inline,link,3. 信号量,#3-信号量,#3-信号量,,3-信号量,notes/计算机操作系统 - 进程管理.md,relative,anchor,yes,no,yes,yes,yes,no,yes
notes/计算机操作系统 - 进程管理.md,17,markdown_inline,link,4. 管程,#4-管程,#4-管程,,4-管程,notes/计算机操作系统 - 进程管理.md,relative,anchor,yes,no,yes,yes,yes,no,yes
notes/计算机操作系统 - 进程管理.md,18,markdown_inline,link,经典同步问题,#经典同步问题,#经典同步问题,,经典同步问题,notes/计算机操作系统 - 进程管理.md,relative,anchor,yes,no,yes,yes,yes,no,yes
notes/计算机操作系统 - 进程管理.md,19,markdown_inline,link,1. 哲学家进餐问题,#1-哲学家进餐问题,#1-哲学家进餐问题,,1-哲学家进餐问题,notes/计算机操作系统 - 进程管理.md,relative,anchor,yes,no,yes,yes,yes,no,yes
notes/计算机操作系统 - 进程管理.md,20,markdown_inline,link,2. 读者-写者问题,#2-读者-写者问题,#2-读者-写者问题,,2-读者-写者问题,notes/计算机操作系统 - 进程管理.md,relative,anchor,yes,no,yes,yes,yes,no,yes
notes/计算机操作系统 - 进程管理.md,21,markdown_inline,link,进程通信,#进程通信,#进程通信,,进程通信,notes/计算机操作系统 - 进程管理.md,relative,anchor,yes,no,yes,yes,yes,no,yes
notes/计算机操作系统 - 进程管理.md,22,markdown_inline,link,1. 管道,#1-管道,#1-管道,,1-管道,notes/计算机操作系统 - 进程管理.md,relative,anchor,yes,no,yes,yes,yes,no,yes
notes/计算机操作系统 - 进程管理.md,23,markdown_inline,link,2. FIFO,#2-fifo,#2-fifo,,2-fifo,notes/计算机操作系统 - 进程管理.md,relative,anchor,yes,no,no,no,no,no,no
notes/计算机操作系统 - 进程管理.md,24,markdown_inline,link,3. 消息队列,#3-消息队列,#3-消息队列,,3-消息队列,notes/计算机操作系统 - 进程管理.md,relative,anchor,yes,no,yes,yes,yes,no,yes
notes/计算机操作系统 - 进程管理.md,25,markdown_inline,link,4. 信号量,#4-信号量,#4-信号量,,4-信号量,notes/计算机操作系统 - 进程管理.md,relative,anchor,yes,no,yes,yes,yes,no,yes
notes/计算机操作系统 - 进程管理.md,26,markdown_inline,link,5. 共享存储,#5-共享存储,#5-共享存储,,5-共享存储,notes/计算机操作系统 - 进程管理.md,relative,anchor,yes,no,yes,yes,yes,no,yes
notes/计算机操作系统 - 进程管理.md,27,markdown_inline,link,6. 套接字,#6-套接字,#6-套接字,,6-套接字,notes/计算机操作系统 - 进程管理.md,relative,anchor,yes,no,yes,yes,yes,no,yes
notes/计算机操作系统 - 链接.md,3,markdown_inline,link,计算机操作系统 - 链接,#计算机操作系统---链接,#计算机操作系统---链接,,计算机操作系统---链接,notes/计算机操作系统 - 链接.md,relative,anchor,yes,no,yes,yes,yes,no,yes
notes/计算机操作系统 - 链接.md,4,markdown_inline,link,编译系统,#编译系统,#编译系统,,编译系统,notes/计算机操作系统 - 链接.md,relative,anchor,yes,no,yes,yes,yes,no,yes
notes/计算机操作系统 - 链接.md,5,markdown_inline,link,静态链接,#静态链接,#静态链接,,静态链接,notes/计算机操作系统 - 链接.md,relative,anchor,yes,no,yes,yes,yes,no,yes
notes/计算机操作系统 - 链接.md,6,markdown_inline,link,目标文件,#目标文件,#目标文件,,目标文件,notes/计算机操作系统 - 链接.md,relative,anchor,yes,no,yes,yes,yes,no,yes
notes/计算机操作系统 - 链接.md,7,markdown_inline,link,动态链接,#动态链接,#动态链接,,动态链接,notes/计算机操作系统 - 链接.md,relative,anchor,yes,no,yes,yes,yes,no,yes
notes/计算机操作系统.md,1,markdown_inline,link,计算机操作系统,https://github.com/CyC2018/CS-Notes/blob/master/notes/%E8%AE%A1%E7%AE%97%E6%9C%BA%E6%93%8D%E4%BD%9C%E7%B3%BB%E7%BB%9F%20-%20%E7%9B%AE%E5%BD%95.md,https://github.com/CyC2018/CS-Notes/blob/master/notes/计算机操作系统 - 目录.md,notes/计算机操作系统 - 目录.md,,notes/计算机操作系统 - 目录.md,github_repo_url,file,yes,no,yes,no,yes,no,yes
notes/计算机网络 - 传输层.md,3,markdown_inline,link,计算机网络 - 传输层,#计算机网络---传输层,#计算机网络---传输层,,计算机网络---传输层,notes/计算机网络 - 传输层.md,relative,anchor,yes,no,yes,yes,yes,no,yes
notes/计算机网络 - 传输层.md,4,markdown_inline,link,UDP 和 TCP 的特点,#udp-和-tcp-的特点,#udp-和-tcp-的特点,,udp-和-tcp-的特点,notes/计算机网络 - 传输层.md,relative,anchor,yes,no,yes,yes,yes,no,yes
notes/计算机网络 - 传输层.md,5,markdown_inline,link,UDP 首部格式,#udp-首部格式,#udp-首部格式,,udp-首部格式,notes/计算机网络 - 传输层.md,relative,anchor,yes,no,yes,yes,yes,no,yes
notes/计算机网络 - 传输层.md,6,markdown_inline,link,TCP 首部格式,#tcp-首部格式,#tcp-首部格式,,tcp-首部格式,notes/计算机网络 - 传输层.md,relative,anchor,yes,no,yes,yes,yes,no,yes
notes/计算机网络 - 传输层.md,7,markdown_inline,link,TCP 的三次握手,#tcp-的三次握手,#tcp-的三次握手,,tcp-的三次握手,notes/计算机网络 - 传输层.md,relative,anchor,yes,no,yes,yes,yes,no,yes
notes/计算机网络 - 传输层.md,8,markdown_inline,link,TCP 的四次挥手,#tcp-的四次挥手,#tcp-的四次挥手,,tcp-的四次挥手,notes/计算机网络 - 传输层.md,relative,anchor,yes,no,yes,yes,yes,no,yes
notes/计算机网络 - 传输层.md,9,markdown_inline,link,TCP 可靠传输,#tcp-可靠传输,#tcp-可靠传输,,tcp-可靠传输,notes/计算机网络 - 传输层.md,relative,anchor,yes,no,yes,yes,yes,no,yes
notes/计算机网络 - 传输层.md,10,markdown_inline,link,TCP 滑动窗口,#tcp-滑动窗口,#tcp-滑动窗口,,tcp-滑动窗口,notes/计算机网络 - 传输层.md,relative,anchor,yes,no,yes,yes,yes,no,yes
notes/计算机网络 - 传输层.md,11,markdown_inline,link,TCP 流量控制,#tcp-流量控制,#tcp-流量控制,,tcp-流量控制,notes/计算机网络 - 传输层.md,relative,anchor,yes,no,yes,yes,yes,no,yes
notes/计算机网络 - 传输层.md,12,markdown_inline,link,TCP 拥塞控制,#tcp-拥塞控制,#tcp-拥塞控制,,tcp-拥塞控制,notes/计算机网络 - 传输层.md,relative,anchor,yes,no,yes,yes,yes,no,yes
notes/计算机网络 - 传输层.md,13,markdown_inline,link,1. 慢开始与拥塞避免,#1-慢开始与拥塞避免,#1-慢开始与拥塞避免,,1-慢开始与拥塞避免,notes/计算机网络 - 传输层.md,relative,anchor,yes,no,yes,yes,yes,no,yes
notes/计算机网络 - 传输层.md,14,markdown_inline,link,2. 快重传与快恢复,#2-快重传与快恢复,#2-快重传与快恢复,,2-快重传与快恢复,notes/计算机网络 - 传输层.md,relative,anchor,yes,no,yes,yes,yes,no,yes
notes/计算机网络 - 应用层.md,3,markdown_inline,link,计算机网络 - 应用层,#计算机网络---应用层,#计算机网络---应用层,,计算机网络---应用层,notes/计算机网络 - 应用层.md,relative,anchor,yes,no,yes,yes,yes,no,yes
notes/计算机网络 - 应用层.md,4,markdown_inline,link,域名系统,#域名系统,#域名系统,,域名系统,notes/计算机网络 - 应用层.md,relative,anchor,yes,no,yes,yes,yes,no,yes
notes/计算机网络 - 应用层.md,5,markdown_inline,link,文件传送协议,#文件传送协议,#文件传送协议,,文件传送协议,notes/计算机网络 - 应用层.md,relative,anchor,yes,no,yes,yes,yes,no,yes
notes/计算机网络 - 应用层.md,6,markdown_inline,link,动态主机配置协议,#动态主机配置协议,#动态主机配置协议,,动态主机配置协议,notes/计算机网络 - 应用层.md,relative,anchor,yes,no,yes,yes,yes,no,yes
notes/计算机网络 - 应用层.md,7,markdown_inline,link,远程登录协议,#远程登录协议,#远程登录协议,,远程登录协议,notes/计算机网络 - 应用层.md,relative,anchor,yes,no,yes,yes,yes,no,yes
notes/计算机网络 - 应用层.md,8,markdown_inline,link,电子邮件协议,#电子邮件协议,#电子邮件协议,,电子邮件协议,notes/计算机网络 - 应用层.md,relative,anchor,yes,no,yes,yes,yes,no,yes
notes/计算机网络 - 应用层.md,9,markdown_inline,link,1. SMTP,#1-smtp,#1-smtp,,1-smtp,notes/计算机网络 - 应用层.md,relative,anchor,yes,no,no,no,no,no,no
notes/计算机网络 - 应用层.md,10,markdown_inline,link,2. POP3,#2-pop3,#2-pop3,,2-pop3,notes/计算机网络 - 应用层.md,relative,anchor,yes,no,no,no,no,no,no
notes/计算机网络 - 应用层.md,11,markdown_inline,link,3. IMAP,#3-imap,#3-imap,,3-imap,notes/计算机网络 - 应用层.md,relative,anchor,yes,no,no,no,no,no,no
notes/计算机网络 - 应用层.md,12,markdown_inline,link,常用端口,#常用端口,#常用端口,,常用端口,notes/计算机网络 - 应用层.md,relative,anchor,yes,no,yes,yes,yes,no,yes
notes/计算机网络 - 应用层.md,13,markdown_inline,link,Web 页面请求过程,#web-页面请求过程,#web-页面请求过程,,web-页面请求过程,notes/计算机网络 - 应用层.md,relative,anchor,yes,no,yes,yes,yes,no,yes
notes/计算机网络 - 应用层.md,14,markdown_inline,link,1. DHCP 配置主机信息,#1-dhcp-配置主机信息,#1-dhcp-配置主机信息,,1-dhcp-配置主机信息,notes/计算机网络 - 应用层.md,relative,anchor,yes,no,yes,yes,yes,no,yes
notes/计算机网络 - 应用层.md,15,markdown_inline,link,2. ARP 解析 MAC 地址,#2-arp-解析-mac-地址,#2-arp-解析-mac-地址,,2-arp-解析-mac-地址,notes/计算机网络 - 应用层.md,relative,anchor,yes,no,yes,yes,yes,no,yes
notes/计算机网络 - 应用层.md,16,markdown_inline,link,3. DNS 解析域名,#3-dns-解析域名,#3-dns-解析域名,,3-dns-解析域名,notes/计算机网络 - 应用层.md,relative,anchor,yes,no,yes,yes,yes,no,yes
notes/计算机网络 - 应用层.md,17,markdown_inline,link,4. HTTP 请求页面,#4-http-请求页面,#4-http-请求页面,,4-http-请求页面,notes/计算机网络 - 应用层.md,relative,anchor,yes,no,yes,yes,yes,no,yes
notes/计算机网络 - 概述.md,3,markdown_inline,link,计算机网络 - 概述,#计算机网络---概述,#计算机网络---概述,,计算机网络---概述,notes/计算机网络 - 概述.md,relative,anchor,yes,no,yes,yes,yes,no,yes
notes/计算机网络 - 概述.md,4,markdown_inline,link,网络的网络,#网络的网络,#网络的网络,,网络的网络,notes/计算机网络 - 概述.md,relative,anchor,yes,no,yes,yes,yes,no,yes
notes/计算机网络 - 概述.md,5,markdown_inline,link,ISP,#isp,#isp,,isp,notes/计算机网络 - 概述.md,relative,anchor,yes,no,no,no,no,no,no
notes/计算机网络 - 概述.md,6,markdown_inline,link,主机之间的通信方式,#主机之间的通信方式,#主机之间的通信方式,,主机之间的通信方式,notes/计算机网络 - 概述.md,relative,anchor,yes,no,yes,yes,yes,no,yes
notes/计算机网络 - 概述.md,7,markdown_inline,link,电路交换与分组交换,#电路交换与分组交换,#电路交换与分组交换,,电路交换与分组交换,notes/计算机网络 - 概述.md,relative,anchor,yes,no,yes,yes,yes,no,yes
notes/计算机网络 - 概述.md,8,markdown_inline,link,1. 电路交换,#1-电路交换,#1-电路交换,,1-电路交换,notes/计算机网络 - 概述.md,relative,anchor,yes,no,yes,yes,yes,no,yes
notes/计算机网络 - 概述.md,9,markdown_inline,link,2. 分组交换,#2-分组交换,#2-分组交换,,2-分组交换,notes/计算机网络 - 概述.md,relative,anchor,yes,no,yes,yes,yes,no,yes
notes/计算机网络 - 概述.md,10,markdown_inline,link,时延,#时延,#时延,,时延,notes/计算机网络 - 概述.md,relative,anchor,yes,no,yes,yes,yes,no,yes
notes/计算机网络 - 概述.md,11,markdown_inline,link,1. 排队时延,#1-排队时延,#1-排队时延,,1-排队时延,notes/计算机网络 - 概述.md,relative,anchor,yes,no,yes,yes,yes,no,yes
notes/计算机网络 - 概述.md,12,markdown_inline,link,2. 处理时延,#2-处理时延,#2-处理时延,,2-处理时延,notes/计算机网络 - 概述.md,relative,anchor,yes,no,yes,yes,yes,no,yes
notes/计算机网络 - 概述.md,13,markdown_inline,link,3. 传输时延,#3-传输时延,#3-传输时延,,3-传输时延,notes/计算机网络 - 概述.md,relative,anchor,yes,no,yes,yes,yes,no,yes
notes/计算机网络 - 概述.md,14,markdown_inline,link,4. 传播时延,#4-传播时延,#4-传播时延,,4-传播时延,notes/计算机网络 - 概述.md,relative,anchor,yes,no,yes,yes,yes,no,yes
notes/计算机网络 - 概述.md,15,markdown_inline,link,计算机网络体系结构,#计算机网络体系结构,#计算机网络体系结构,,计算机网络体系结构,notes/计算机网络 - 概述.md,relative,anchor,yes,no,yes,yes,yes,no,yes
notes/计算机网络 - 概述.md,16,markdown_inline,link,1. 五层协议,#1-五层协议,#1-五层协议,,1-五层协议,notes/计算机网络 - 概述.md,relative,anchor,yes,no,yes,yes,yes,no,yes
notes/计算机网络 - 概述.md,17,markdown_inline,link,2. OSI,#2-osi,#2-osi,,2-osi,notes/计算机网络 - 概述.md,relative,anchor,yes,no,no,no,no,no,no
notes/计算机网络 - 概述.md,18,markdown_inline,link,3. TCP/IP,#3-tcpip,#3-tcpip,,3-tcpip,notes/计算机网络 - 概述.md,relative,anchor,yes,no,no,no,no,no,no
notes/计算机网络 - 概述.md,19,markdown_inline,link,4. 数据在各层之间的传递过程,#4-数据在各层之间的传递过程,#4-数据在各层之间的传递过程,,4-数据在各层之间的传递过程,notes/计算机网络 - 概述.md,relative,anchor,yes,no,yes,yes,yes,no,yes
notes/计算机网络 - 物理层.md,3,markdown_inline,link,计算机网络 - 物理层,#计算机网络---物理层,#计算机网络---物理层,,计算机网络---物理层,notes/计算机网络 - 物理层.md,relative,anchor,yes,no,yes,yes,yes,no,yes
notes/计算机网络 - 物理层.md,4,markdown_inline,link,通信方式,#通信方式,#通信方式,,通信方式,notes/计算机网络 - 物理层.md,relative,anchor,yes,no,yes,yes,yes,no,yes
notes/计算机网络 - 物理层.md,5,markdown_inline,link,带通调制,#带通调制,#带通调制,,带通调制,notes/计算机网络 - 物理层.md,relative,anchor,yes,no,yes,yes,yes,no,yes
notes/计算机网络 - 目录.md,3,markdown_inline,link,概述,计算机网络%20-%20概述.md,计算机网络 - 概述.md,计算机网络 - 概述.md,,notes/计算机网络 - 概述.md,relative,file,yes,no,yes,yes,yes,no,yes
notes/计算机网络 - 目录.md,4,markdown_inline,link,物理层,计算机网络%20-%20物理层.md,计算机网络 - 物理层.md,计算机网络 - 物理层.md,,notes/计算机网络 - 物理层.md,relative,file,yes,no,yes,yes,yes,no,yes
notes/计算机网络 - 目录.md,5,markdown_inline,link,链路层,计算机网络%20-%20链路层.md,计算机网络 - 链路层.md,计算机网络 - 链路层.md,,notes/计算机网络 - 链路层.md,relative,file,yes,no,yes,yes,yes,no,yes
notes/计算机网络 - 目录.md,6,markdown_inline,link,网络层,计算机网络%20-%20网络层.md,计算机网络 - 网络层.md,计算机网络 - 网络层.md,,notes/计算机网络 - 网络层.md,relative,file,yes,no,yes,yes,yes,no,yes
notes/计算机网络 - 目录.md,7,markdown_inline,link,传输层,计算机网络%20-%20传输层.md,计算机网络 - 传输层.md,计算机网络 - 传输层.md,,notes/计算机网络 - 传输层.md,relative,file,yes,no,yes,yes,yes,no,yes
notes/计算机网络 - 目录.md,8,markdown_inline,link,应用层,计算机网络%20-%20应用层.md,计算机网络 - 应用层.md,计算机网络 - 应用层.md,,notes/计算机网络 - 应用层.md,relative,file,yes,no,yes,yes,yes,no,yes
notes/计算机网络 - 网络层.md,3,markdown_inline,link,计算机网络 - 网络层,#计算机网络---网络层,#计算机网络---网络层,,计算机网络---网络层,notes/计算机网络 - 网络层.md,relative,anchor,yes,no,yes,yes,yes,no,yes
notes/计算机网络 - 网络层.md,4,markdown_inline,link,概述,#概述,#概述,,概述,notes/计算机网络 - 网络层.md,relative,anchor,yes,no,yes,yes,yes,no,yes
notes/计算机网络 - 网络层.md,5,markdown_inline,link,IP 数据报格式,#ip-数据报格式,#ip-数据报格式,,ip-数据报格式,notes/计算机网络 - 网络层.md,relative,anchor,yes,no,yes,yes,yes,no,yes
notes/计算机网络 - 网络层.md,6,markdown_inline,link,IP 地址编址方式,#ip-地址编址方式,#ip-地址编址方式,,ip-地址编址方式,notes/计算机网络 - 网络层.md,relative,anchor,yes,no,yes,yes,yes,no,yes
notes/计算机网络 - 网络层.md,7,markdown_inline,link,1. 分类,#1-分类,#1-分类,,1-分类,notes/计算机网络 - 网络层.md,relative,anchor,yes,no,yes,yes,yes,no,yes
notes/计算机网络 - 网络层.md,8,markdown_inline,link,2. 子网划分,#2-子网划分,#2-子网划分,,2-子网划分,notes/计算机网络 - 网络层.md,relative,anchor,yes,no,yes,yes,yes,no,yes
notes/计算机网络 - 网络层.md,9,markdown_inline,link,3. 无分类,#3-无分类,#3-无分类,,3-无分类,notes/计算机网络 - 网络层.md,relative,anchor,yes,no,yes,yes,yes,no,yes
notes/计算机网络 - 网络层.md,10,markdown_inline,link,地址解析协议 ARP,#地址解析协议-arp,#地址解析协议-arp,,地址解析协议-arp,notes/计算机网络 - 网络层.md,relative,anchor,yes,no,yes,yes,yes,no,yes
notes/计算机网络 - 网络层.md,11,markdown_inline,link,网际控制报文协议 ICMP,#网际控制报文协议-icmp,#网际控制报文协议-icmp,,网际控制报文协议-icmp,notes/计算机网络 - 网络层.md,relative,anchor,yes,no,yes,yes,yes,no,yes
notes/计算机网络 - 网络层.md,12,markdown_inline,link,1. Ping,#1-ping,#1-ping,,1-ping,notes/计算机网络 - 网络层.md,relative,anchor,yes,no,no,no,no,no,no
notes/计算机网络 - 网络层.md,13,markdown_inline,link,2. Traceroute,#2-traceroute,#2-traceroute,,2-traceroute,notes/计算机网络 - 网络层.md,relative,anchor,yes,no,no,no,no,no,no
notes/计算机网络 - 网络层.md,14,markdown_inline,link,虚拟专用网 VPN,#虚拟专用网-vpn,#虚拟专用网-vpn,,虚拟专用网-vpn,notes/计算机网络 - 网络层.md,relative,anchor,yes,no,yes,yes,yes,no,yes
notes/计算机网络 - 网络层.md,15,markdown_inline,link,网络地址转换 NAT,#网络地址转换-nat,#网络地址转换-nat,,网络地址转换-nat,notes/计算机网络 - 网络层.md,relative,anchor,yes,no,yes,yes,yes,no,yes
notes/计算机网络 - 网络层.md,16,markdown_inline,link,路由器的结构,#路由器的结构,#路由器的结构,,路由器的结构,notes/计算机网络 - 网络层.md,relative,anchor,yes,no,yes,yes,yes,no,yes
notes/计算机网络 - 网络层.md,17,markdown_inline,link,路由器分组转发流程,#路由器分组转发流程,#路由器分组转发流程,,路由器分组转发流程,notes/计算机网络 - 网络层.md,relative,anchor,yes,no,yes,yes,yes,no,yes
notes/计算机网络 - 网络层.md,18,markdown_inline,link,路由选择协议,#路由选择协议,#路由选择协议,,路由选择协议,notes/计算机网络 - 网络层.md,relative,anchor,yes,no,yes,yes,yes,no,yes
notes/计算机网络 - 网络层.md,19,markdown_inline,link,1. 内部网关协议 RIP,#1-内部网关协议-rip,#1-内部网关协议-rip,,1-内部网关协议-rip,notes/计算机网络 - 网络层.md,relative,anchor,yes,no,yes,yes,yes,no,yes
notes/计算机网络 - 网络层.md,20,markdown_inline,link,2. 内部网关协议 OSPF,#2-内部网关协议-ospf,#2-内部网关协议-ospf,,2-内部网关协议-ospf,notes/计算机网络 - 网络层.md,relative,anchor,yes,no,yes,yes,yes,no,yes
notes/计算机网络 - 网络层.md,21,markdown_inline,link,3. 外部网关协议 BGP,#3-外部网关协议-bgp,#3-外部网关协议-bgp,,3-外部网关协议-bgp,notes/计算机网络 - 网络层.md,relative,anchor,yes,no,yes,yes,yes,no,yes
notes/计算机网络 - 链路层.md,3,markdown_inline,link,计算机网络 - 链路层,#计算机网络---链路层,#计算机网络---链路层,,计算机网络---链路层,notes/计算机网络 - 链路层.md,relative,anchor,yes,no,yes,yes,yes,no,yes
notes/计算机网络 - 链路层.md,4,markdown_inline,link,基本问题,#基本问题,#基本问题,,基本问题,notes/计算机网络 - 链路层.md,relative,anchor,yes,no,yes,yes,yes,no,yes
notes/计算机网络 - 链路层.md,5,markdown_inline,link,1. 封装成帧,#1-封装成帧,#1-封装成帧,,1-封装成帧,notes/计算机网络 - 链路层.md,relative,anchor,yes,no,yes,yes,yes,no,yes
notes/计算机网络 - 链路层.md,6,markdown_inline,link,2. 透明传输,#2-透明传输,#2-透明传输,,2-透明传输,notes/计算机网络 - 链路层.md,relative,anchor,yes,no,yes,yes,yes,no,yes
notes/计算机网络 - 链路层.md,7,markdown_inline,link,3. 差错检测,#3-差错检测,#3-差错检测,,3-差错检测,notes/计算机网络 - 链路层.md,relative,anchor,yes,no,yes,yes,yes,no,yes
notes/计算机网络 - 链路层.md,8,markdown_inline,link,信道分类,#信道分类,#信道分类,,信道分类,notes/计算机网络 - 链路层.md,relative,anchor,yes,no,yes,yes,yes,no,yes
notes/计算机网络 - 链路层.md,9,markdown_inline,link,1. 广播信道,#1-广播信道,#1-广播信道,,1-广播信道,notes/计算机网络 - 链路层.md,relative,anchor,yes,no,yes,yes,yes,no,yes
notes/计算机网络 - 链路层.md,10,markdown_inline,link,2. 点对点信道,#2-点对点信道,#2-点对点信道,,2-点对点信道,notes/计算机网络 - 链路层.md,relative,anchor,yes,no,yes,yes,yes,no,yes
notes/计算机网络 - 链路层.md,11,markdown_inline,link,信道复用技术,#信道复用技术,#信道复用技术,,信道复用技术,notes/计算机网络 - 链路层.md,relative,anchor,yes,no,yes,yes,yes,no,yes
notes/计算机网络 - 链路层.md,12,markdown_inline,link,1. 频分复用,#1-频分复用,#1-频分复用,,1-频分复用,notes/计算机网络 - 链路层.md,relative,anchor,yes,no,yes,yes,yes,no,yes
notes/计算机网络 - 链路层.md,13,markdown_inline,link,2. 时分复用,#2-时分复用,#2-时分复用,,2-时分复用,notes/计算机网络 - 链路层.md,relative,anchor,yes,no,yes,yes,yes,no,yes
notes/计算机网络 - 链路层.md,14,markdown_inline,link,3. 统计时分复用,#3-统计时分复用,#3-统计时分复用,,3-统计时分复用,notes/计算机网络 - 链路层.md,relative,anchor,yes,no,yes,yes,yes,no,yes
notes/计算机网络 - 链路层.md,15,markdown_inline,link,4. 波分复用,#4-波分复用,#4-波分复用,,4-波分复用,notes/计算机网络 - 链路层.md,relative,anchor,yes,no,yes,yes,yes,no,yes
notes/计算机网络 - 链路层.md,16,markdown_inline,link,5. 码分复用,#5-码分复用,#5-码分复用,,5-码分复用,notes/计算机网络 - 链路层.md,relative,anchor,yes,no,yes,yes,yes,no,yes
notes/计算机网络 - 链路层.md,17,markdown_inline,link,CSMA/CD 协议,#csmacd-协议,#csmacd-协议,,csmacd-协议,notes/计算机网络 - 链路层.md,relative,anchor,yes,no,yes,yes,yes,no,yes
notes/计算机网络 - 链路层.md,18,markdown_inline,link,PPP 协议,#ppp-协议,#ppp-协议,,ppp-协议,notes/计算机网络 - 链路层.md,relative,anchor,yes,no,yes,yes,yes,no,yes
notes/计算机网络 - 链路层.md,19,markdown_inline,link,MAC 地址,#mac-地址,#mac-地址,,mac-地址,notes/计算机网络 - 链路层.md,relative,anchor,yes,no,yes,yes,yes,no,yes
notes/计算机网络 - 链路层.md,20,markdown_inline,link,局域网,#局域网,#局域网,,局域网,notes/计算机网络 - 链路层.md,relative,anchor,yes,no,yes,yes,yes,no,yes
notes/计算机网络 - 链路层.md,21,markdown_inline,link,以太网,#以太网,#以太网,,以太网,notes/计算机网络 - 链路层.md,relative,anchor,yes,no,yes,yes,yes,no,yes
notes/计算机网络 - 链路层.md,22,markdown_inline,link,交换机,#交换机,#交换机,,交换机,notes/计算机网络 - 链路层.md,relative,anchor,yes,no,yes,yes,yes,no,yes
notes/计算机网络 - 链路层.md,23,markdown_inline,link,虚拟局域网,#虚拟局域网,#虚拟局域网,,虚拟局域网,notes/计算机网络 - 链路层.md,relative,anchor,yes,no,yes,yes,yes,no,yes
notes/计算机网络.md,1,markdown_inline,link,计算机网络.md,https://github.com/CyC2018/CS-Notes/blob/master/notes/%E8%AE%A1%E7%AE%97%E6%9C%BA%E7%BD%91%E7%BB%9C%20-%20%E7%9B%AE%E5%BD%95.md,https://github.com/CyC2018/CS-Notes/blob/master/notes/计算机网络 - 目录.md,notes/计算机网络 - 目录.md,,notes/计算机网络 - 目录.md,github_repo_url,file,yes,no,yes,no,yes,no,yes
notes/设计模式 - 目录.md,9,markdown_inline,link,单例.md,设计模式%20%20-%20单例.md,设计模式  - 单例.md,设计模式  - 单例.md,,notes/设计模式  - 单例.md,relative,file,yes,no,yes,yes,yes,no,yes
notes/设计模式 - 目录.md,10,markdown_inline,link,简单工厂.md,设计模式%20-%20简单工厂.md,设计模式 - 简单工厂.md,设计模式 - 简单工厂.md,,notes/设计模式 - 简单工厂.md,relative,file,yes,no,yes,yes,yes,no,yes
notes/设计模式 - 目录.md,11,markdown_inline,link,工厂方法.md,设计模式%20-%20工厂方法.md,设计模式 - 工厂方法.md,设计模式 - 工厂方法.md,,notes/设计模式 - 工厂方法.md,relative,file,yes,no,yes,yes,yes,no,yes
notes/设计模式 - 目录.md,12,markdown_inline,link,抽象工厂.md,设计模式%20-%20抽象工厂.md,设计模式 - 抽象工厂.md,设计模式 - 抽象工厂.md,,notes/设计模式 - 抽象工厂.md,relative,file,yes,no,yes,yes,yes,no,yes
notes/设计模式 - 目录.md,13,markdown_inline,link,生成器.md,设计模式%20-%20生成器.md,设计模式 - 生成器.md,设计模式 - 生成器.md,,notes/设计模式 - 生成器.md,relative,file,yes,no,yes,yes,yes,no,yes
notes/设计模式 - 目录.md,14,markdown_inline,link,原型模式.md,设计模式%20-%20原型模式.md,设计模式 - 原型模式.md,设计模式 - 原型模式.md,,notes/设计模式 - 原型模式.md,relative,file,yes,no,yes,yes,yes,no,yes
notes/设计模式 - 目录.md,18,markdown_inline,link,责任链.md,设计模式%20-%20责任链.md,设计模式 - 责任链.md,设计模式 - 责任链.md,,notes/设计模式 - 责任链.md,relative,file,yes,no,yes,yes,yes,no,yes
notes/设计模式 - 目录.md,19,markdown_inline,link,命令.md,设计模式%20-%20命令.md,设计模式 - 命令.md,设计模式 - 命令.md,,notes/设计模式 - 命令.md,relative,file,yes,no,yes,yes,yes,no,yes
notes/设计模式 - 目录.md,20,markdown_inline,link,解释器.md,设计模式%20-%20解释器.md,设计模式 - 解释器.md,设计模式 - 解释器.md,,notes/设计模式 - 解释器.md,relative,file,yes,no,yes,yes,yes,no,yes
notes/设计模式 - 目录.md,21,markdown_inline,link,迭代器.md,设计模式%20-%20迭代器.md,设计模式 - 迭代器.md,设计模式 - 迭代器.md,,notes/设计模式 - 迭代器.md,relative,file,yes,no,yes,yes,yes,no,yes
notes/设计模式 - 目录.md,22,markdown_inline,link,中介者.md,设计模式%20-%20中介者.md,设计模式 - 中介者.md,设计模式 - 中介者.md,,notes/设计模式 - 中介者.md,relative,file,yes,no,yes,yes,yes,no,yes
notes/设计模式 - 目录.md,23,markdown_inline,link,备忘录.md,设计模式%20-%20备忘录.md,设计模式 - 备忘录.md,设计模式 - 备忘录.md,,notes/设计模式 - 备忘录.md,relative,file,yes,no,yes,yes,yes,no,yes
notes/设计模式 - 目录.md,24,markdown_inline,link,观察者.md,设计模式%20-%20观察者.md,设计模式 - 观察者.md,设计模式 - 观察者.md,,notes/设计模式 - 观察者.md,relative,file,yes,no,yes,yes,yes,no,yes
notes/设计模式 - 目录.md,25,markdown_inline,link,状态.md,设计模式%20-%20状态.md,设计模式 - 状态.md,设计模式 - 状态.md,,notes/设计模式 - 状态.md,relative,file,yes,no,yes,yes,yes,no,yes
notes/设计模式 - 目录.md,26,markdown_inline,link,策略.md,设计模式%20-%20策略.md,设计模式 - 策略.md,设计模式 - 策略.md,,notes/设计模式 - 策略.md,relative,file,yes,no,yes,yes,yes,no,yes
notes/设计模式 - 目录.md,27,markdown_inline,link,模板方法.md,设计模式%20-%20模板方法.md,设计模式 - 模板方法.md,设计模式 - 模板方法.md,,notes/设计模式 - 模板方法.md,relative,file,yes,no,yes,yes,yes,no,yes
notes/设计模式 - 目录.md,28,markdown_inline,link,访问者.md,设计模式%20-%20访问者.md,设计模式 - 访问者.md,设计模式 - 访问者.md,,notes/设计模式 - 访问者.md,relative,file,yes,no,yes,yes,yes,no,yes
notes/设计模式 - 目录.md,29,markdown_inline,link,空对象.md,设计模式%20-%20空对象.md,设计模式 - 空对象.md,设计模式 - 空对象.md,,notes/设计模式 - 空对象.md,relative,file,yes,no,yes,yes,yes,no,yes
notes/设计模式 - 目录.md,33,markdown_inline,link,适配器.md,设计模式%20-%20适配器.md,设计模式 - 适配器.md,设计模式 - 适配器.md,,notes/设计模式 - 适配器.md,relative,file,yes,no,yes,yes,yes,no,yes
notes/设计模式 - 目录.md,34,markdown_inline,link,桥接.md,设计模式%20-%20桥接.md,设计模式 - 桥接.md,设计模式 - 桥接.md,,notes/设计模式 - 桥接.md,relative,file,yes,no,yes,yes,yes,no,yes
notes/设计模式 - 目录.md,35,markdown_inline,link,组合.md,设计模式%20-%20组合.md,设计模式 - 组合.md,设计模式 - 组合.md,,notes/设计模式 - 组合.md,relative,file,yes,no,yes,yes,yes,no,yes
notes/设计模式 - 目录.md,36,markdown_inline,link,装饰.md,设计模式%20-%20装饰.md,设计模式 - 装饰.md,设计模式 - 装饰.md,,notes/设计模式 - 装饰.md,relative,file,yes,no,yes,yes,yes,no,yes
notes/设计模式 - 目录.md,37,markdown_inline,link,外观.md,设计模式%20-%20外观.md,设计模式 - 外观.md,设计模式 - 外观.md,,notes/设计模式 - 外观.md,relative,file,yes,no,yes,yes,yes,no,yes
notes/设计模式 - 目录.md,38,markdown_inline,link,享元.md,设计模式%20-%20享元.md,设计模式 - 享元.md,设计模式 - 享元.md,,notes/设计模式 - 享元.md,relative,file,yes,no,yes,yes,yes,no,yes
notes/设计模式 - 目录.md,39,markdown_inline,link,代理.md,设计模式%20-%20代理.md,设计模式 - 代理.md,设计模式 - 代理.md,,notes/设计模式 - 代理.md,relative,file,yes,no,yes,yes,yes,no,yes
notes/设计模式 - 目录1.md,7,markdown_inline,link,单例.md,notes/设计模式%20%20-%20单例.md,notes/设计模式  - 单例.md,notes/设计模式  - 单例.md,,notes/设计模式  - 单例.md,relative,file,yes,no,yes,yes,yes,no,yes
notes/设计模式 - 目录1.md,8,markdown_inline,link,简单工厂.md,notes/设计模式%20-%20简单工厂.md,notes/设计模式 - 简单工厂.md,notes/设计模式 - 简单工厂.md,,notes/设计模式 - 简单工厂.md,relative,file,yes,no,yes,yes,yes,no,yes
notes/设计模式 - 目录1.md,9,markdown_inline,link,工厂方法.md,notes/设计模式%20-%20工厂方法.md,notes/设计模式 - 工厂方法.md,notes/设计模式 - 工厂方法.md,,notes/设计模式 - 工厂方法.md,relative,file,yes,no,yes,yes,yes,no,yes
notes/设计模式 - 目录1.md,10,markdown_inline,link,抽象工厂.md,notes/设计模式%20-%20抽象工厂.md,notes/设计模式 - 抽象工厂.md,notes/设计模式 - 抽象工厂.md,,notes/设计模式 - 抽象工厂.md,relative,file,yes,no,yes,yes,yes,no,yes
notes/设计模式 - 目录1.md,11,markdown_inline,link,生成器.md,notes/设计模式%20-%20生成器.md,notes/设计模式 - 生成器.md,notes/设计模式 - 生成器.md,,notes/设计模式 - 生成器.md,relative,file,yes,no,yes,yes,yes,no,yes
notes/设计模式 - 目录1.md,12,markdown_inline,link,原型模式.md,notes/设计模式%20-%20原型模式.md,notes/设计模式 - 原型模式.md,notes/设计模式 - 原型模式.md,,notes/设计模式 - 原型模式.md,relative,file,yes,no,yes,yes,yes,no,yes
notes/设计模式 - 目录1.md,16,markdown_inline,link,责任链.md,notes/设计模式%20-%20责任链.md,notes/设计模式 - 责任链.md,notes/设计模式 - 责任链.md,,notes/设计模式 - 责任链.md,relative,file,yes,no,yes,yes,yes,no,yes
notes/设计模式 - 目录1.md,17,markdown_inline,link,命令.md,notes/设计模式%20-%20命令.md,notes/设计模式 - 命令.md,notes/设计模式 - 命令.md,,notes/设计模式 - 命令.md,relative,file,yes,no,yes,yes,yes,no,yes
notes/设计模式 - 目录1.md,18,markdown_inline,link,解释器.md,notes/设计模式%20-%20解释器.md,notes/设计模式 - 解释器.md,notes/设计模式 - 解释器.md,,notes/设计模式 - 解释器.md,relative,file,yes,no,yes,yes,yes,no,yes
notes/设计模式 - 目录1.md,19,markdown_inline,link,迭代器.md,notes/设计模式%20-%20迭代器.md,notes/设计模式 - 迭代器.md,notes/设计模式 - 迭代器.md,,notes/设计模式 - 迭代器.md,relative,file,yes,no,yes,yes,yes,no,yes
notes/设计模式 - 目录1.md,20,markdown_inline,link,中介者.md,notes/设计模式%20-%20中介者.md,notes/设计模式 - 中介者.md,notes/设计模式 - 中介者.md,,notes/设计模式 - 中介者.md,relative,file,yes,no,yes,yes,yes,no,yes
notes/设计模式 - 目录1.md,21,markdown_inline,link,备忘录.md,notes/设计模式%20-%20备忘录.md,notes/设计模式 - 备忘录.md,notes/设计模式 - 备忘录.md,,notes/设计模式 - 备忘录.md,relative,file,yes,no,yes,yes,yes,no,yes
notes/设计模式 - 目录1.md,22,markdown_inline,link,观察者.md,notes/设计模式%20-%20观察者.md,notes/设计模式 - 观察者.md,notes/设计模式 - 观察者.md,,notes/设计模式 - 观察者.md,relative,file,yes,no,yes,yes,yes,no,yes
notes/设计模式 - 目录1.md,23,markdown_inline,link,状态.md,notes/设计模式%20-%20状态.md,notes/设计模式 - 状态.md,notes/设计模式 - 状态.md,,notes/设计模式 - 状态.md,relative,file,yes,no,yes,yes,yes,no,yes
notes/设计模式 - 目录1.md,24,markdown_inline,link,策略.md,notes/设计模式%20-%20策略.md,notes/设计模式 - 策略.md,notes/设计模式 - 策略.md,,notes/设计模式 - 策略.md,relative,file,yes,no,yes,yes,yes,no,yes
notes/设计模式 - 目录1.md,25,markdown_inline,link,模板方法.md,notes/设计模式%20-%20模板方法.md,notes/设计模式 - 模板方法.md,notes/设计模式 - 模板方法.md,,notes/设计模式 - 模板方法.md,relative,file,yes,no,yes,yes,yes,no,yes
notes/设计模式 - 目录1.md,26,markdown_inline,link,访问者.md,notes/设计模式%20-%20访问者.md,notes/设计模式 - 访问者.md,notes/设计模式 - 访问者.md,,notes/设计模式 - 访问者.md,relative,file,yes,no,yes,yes,yes,no,yes
notes/设计模式 - 目录1.md,27,markdown_inline,link,空对象.md,notes/设计模式%20-%20空对象.md,notes/设计模式 - 空对象.md,notes/设计模式 - 空对象.md,,notes/设计模式 - 空对象.md,relative,file,yes,no,yes,yes,yes,no,yes
notes/设计模式 - 目录1.md,31,markdown_inline,link,适配器.md,notes/设计模式%20-%20适配器.md,notes/设计模式 - 适配器.md,notes/设计模式 - 适配器.md,,notes/设计模式 - 适配器.md,relative,file,yes,no,yes,yes,yes,no,yes
notes/设计模式 - 目录1.md,32,markdown_inline,link,桥接.md,notes/设计模式%20-%20桥接.md,notes/设计模式 - 桥接.md,notes/设计模式 - 桥接.md,,notes/设计模式 - 桥接.md,relative,file,yes,no,yes,yes,yes,no,yes
notes/设计模式 - 目录1.md,33,markdown_inline,link,组合.md,notes/设计模式%20-%20组合.md,notes/设计模式 - 组合.md,notes/设计模式 - 组合.md,,notes/设计模式 - 组合.md,relative,file,yes,no,yes,yes,yes,no,yes
notes/设计模式 - 目录1.md,34,markdown_inline,link,装饰.md,notes/设计模式%20-%20装饰.md,notes/设计模式 - 装饰.md,notes/设计模式 - 装饰.md,,notes/设计模式 - 装饰.md,relative,file,yes,no,yes,yes,yes,no,yes
notes/设计模式 - 目录1.md,35,markdown_inline,link,外观.md,notes/设计模式%20-%20外观.md,notes/设计模式 - 外观.md,notes/设计模式 - 外观.md,,notes/设计模式 - 外观.md,relative,file,yes,no,yes,yes,yes,no,yes
notes/设计模式 - 目录1.md,36,markdown_inline,link,享元.md,notes/设计模式%20-%20享元.md,notes/设计模式 - 享元.md,notes/设计模式 - 享元.md,,notes/设计模式 - 享元.md,relative,file,yes,no,yes,yes,yes,no,yes
notes/设计模式 - 目录1.md,37,markdown_inline,link,代理.md,notes/设计模式%20-%20代理.md,notes/设计模式 - 代理.md,notes/设计模式 - 代理.md,,notes/设计模式 - 代理.md,relative,file,yes,no,yes,yes,yes,no,yes
notes/设计模式.md,2,markdown_inline,link,一、概述,#一概述,#一概述,,一概述,notes/设计模式.md,relative,anchor,yes,no,yes,yes,yes,no,yes
notes/设计模式.md,3,markdown_inline,link,二、创建型,#二创建型,#二创建型,,二创建型,notes/设计模式.md,relative,anchor,yes,no,yes,yes,yes,no,yes
notes/设计模式.md,4,markdown_inline,link,1. 单例（Singleton）,#1-单例singleton,#1-单例singleton,,1-单例singleton,notes/设计模式.md,relative,anchor,yes,no,yes,yes,yes,no,yes
notes/设计模式.md,5,markdown_inline,link,Intent,#intent,#intent,,intent,notes/设计模式.md,relative,anchor,yes,no,no,no,no,no,no
notes/设计模式.md,6,markdown_inline,link,Class Diagram,#class-diagram,#class-diagram,,class-diagram,notes/设计模式.md,relative,anchor,yes,no,no,no,no,no,no
notes/设计模式.md,7,markdown_inline,link,Implementation,#implementation,#implementation,,implementation,notes/设计模式.md,relative,anchor,yes,no,no,no,no,no,no
notes/设计模式.md,8,markdown_inline,link,Examples,#examples,#examples,,examples,notes/设计模式.md,relative,anchor,yes,no,no,no,no,no,no
notes/设计模式.md,9,markdown_inline,link,JDK,#jdk,#jdk,,jdk,notes/设计模式.md,relative,anchor,yes,no,no,no,no,no,no
notes/设计模式.md,10,markdown_inline,link,2. 简单工厂（Simple Factory）,#2-简单工厂simple-factory,#2-简单工厂simple-factory,,2-简单工厂simple-factory,notes/设计模式.md,relative,anchor,yes,no,yes,yes,yes,no,yes
notes/设计模式.md,11,markdown_inline,link,Intent,#intent,#intent,,intent,notes/设计模式.md,relative,anchor,yes,no,no,no,no,no,no
notes/设计模式.md,12,markdown_inline,link,Class Diagram,#class-diagram,#class-diagram,,class-diagram,notes/设计模式.md,relative,anchor,yes,no,no,no,no,no,no
notes/设计模式.md,13,markdown_inline,link,Implementation,#implementation,#implementation,,implementation,notes/设计模式.md,relative,anchor,yes,no,no,no,no,no,no
notes/设计模式.md,14,markdown_inline,link,3. 工厂方法（Factory Method）,#3-工厂方法factory-method,#3-工厂方法factory-method,,3-工厂方法factory-method,notes/设计模式.md,relative,anchor,yes,no,yes,yes,yes,no,yes
notes/设计模式.md,15,markdown_inline,link,Intent,#intent,#intent,,intent,notes/设计模式.md,relative,anchor,yes,no,no,no,no,no,no
notes/设计模式.md,16,markdown_inline,link,Class Diagram,#class-diagram,#class-diagram,,class-diagram,notes/设计模式.md,relative,anchor,yes,no,no,no,no,no,no
notes/设计模式.md,17,markdown_inline,link,Implementation,#implementation,#implementation,,implementation,notes/设计模式.md,relative,anchor,yes,no,no,no,no,no,no
notes/设计模式.md,18,markdown_inline,link,JDK,#jdk,#jdk,,jdk,notes/设计模式.md,relative,anchor,yes,no,no,no,no,no,no
notes/设计模式.md,19,markdown_inline,link,4. 抽象工厂（Abstract Factory）,#4-抽象工厂abstract-factory,#4-抽象工厂abstract-factory,,4-抽象工厂abstract-factory,notes/设计模式.md,relative,anchor,yes,no,yes,yes,yes,no,yes
notes/设计模式.md,20,markdown_inline,link,Intent,#intent,#intent,,intent,notes/设计模式.md,relative,anchor,yes,no,no,no,no,no,no
notes/设计模式.md,21,markdown_inline,link,Class Diagram,#class-diagram,#class-diagram,,class-diagram,notes/设计模式.md,relative,anchor,yes,no,no,no,no,no,no
notes/设计模式.md,22,markdown_inline,link,Implementation,#implementation,#implementation,,implementation,notes/设计模式.md,relative,anchor,yes,no,no,no,no,no,no
notes/设计模式.md,23,markdown_inline,link,JDK,#jdk,#jdk,,jdk,notes/设计模式.md,relative,anchor,yes,no,no,no,no,no,no
notes/设计模式.md,24,markdown_inline,link,5. 生成器（Builder）,#5-生成器builder,#5-生成器builder,,5-生成器builder,notes/设计模式.md,relative,anchor,yes,no,yes,yes,yes,no,yes
notes/设计模式.md,25,markdown_inline,link,Intent,#intent,#intent,,intent,notes/设计模式.md,relative,anchor,yes,no,no,no,no,no,no
notes/设计模式.md,26,markdown_inline,link,Class Diagram,#class-diagram,#class-diagram,,class-diagram,notes/设计模式.md,relative,anchor,yes,no,no,no,no,no,no
notes/设计模式.md,27,markdown_inline,link,Implementation,#implementation,#implementation,,implementation,notes/设计模式.md,relative,anchor,yes,no,no,no,no,no,no
notes/设计模式.md,28,markdown_inline,link,JDK,#jdk,#jdk,,jdk,notes/设计模式.md,relative,anchor,yes,no,no,no,no,no,no
notes/设计模式.md,29,markdown_inline,link,6. 原型模式（Prototype）,#6-原型模式prototype,#6-原型模式prototype,,6-原型模式prototype,notes/设计模式.md,relative,anchor,yes,no,yes,yes,yes,no,yes
notes/设计模式.md,30,markdown_inline,link,Intent,#intent,#intent,,intent,notes/设计模式.md,relative,anchor,yes,no,no,no,no,no,no
notes/设计模式.md,31,markdown_inline,link,Class Diagram,#class-diagram,#class-diagram,,class-diagram,notes/设计模式.md,relative,anchor,yes,no,no,no,no,no,no
notes/设计模式.md,32,markdown_inline,link,Implementation,#implementation,#implementation,,implementation,notes/设计模式.md,relative,anchor,yes,no,no,no,no,no,no
notes/设计模式.md,33,markdown_inline,link,JDK,#jdk,#jdk,,jdk,notes/设计模式.md,relative,anchor,yes,no,no,no,no,no,no
notes/设计模式.md,34,markdown_inline,link,三、行为型,#三行为型,#三行为型,,三行为型,notes/设计模式.md,relative,anchor,yes,no,yes,yes,yes,no,yes
notes/设计模式.md,35,markdown_inline,link,1. 责任链（Chain Of Responsibility）,#1-责任链chain-of-responsibility,#1-责任链chain-of-responsibility,,1-责任链chain-of-responsibility,notes/设计模式.md,relative,anchor,yes,no,yes,yes,yes,no,yes
notes/设计模式.md,36,markdown_inline,link,Intent,#intent,#intent,,intent,notes/设计模式.md,relative,anchor,yes,no,no,no,no,no,no
notes/设计模式.md,37,markdown_inline,link,Class Diagram,#class-diagram,#class-diagram,,class-diagram,notes/设计模式.md,relative,anchor,yes,no,no,no,no,no,no
notes/设计模式.md,38,markdown_inline,link,Implementation,#implementation,#implementation,,implementation,notes/设计模式.md,relative,anchor,yes,no,no,no,no,no,no
notes/设计模式.md,39,markdown_inline,link,JDK,#jdk,#jdk,,jdk,notes/设计模式.md,relative,anchor,yes,no,no,no,no,no,no
notes/设计模式.md,40,markdown_inline,link,2. 命令（Command）,#2-命令command,#2-命令command,,2-命令command,notes/设计模式.md,relative,anchor,yes,no,yes,yes,yes,no,yes
notes/设计模式.md,41,markdown_inline,link,Intent,#intent,#intent,,intent,notes/设计模式.md,relative,anchor,yes,no,no,no,no,no,no
notes/设计模式.md,42,markdown_inline,link,Class Diagram,#class-diagram,#class-diagram,,class-diagram,notes/设计模式.md,relative,anchor,yes,no,no,no,no,no,no
notes/设计模式.md,43,markdown_inline,link,Implementation,#implementation,#implementation,,implementation,notes/设计模式.md,relative,anchor,yes,no,no,no,no,no,no
notes/设计模式.md,44,markdown_inline,link,JDK,#jdk,#jdk,,jdk,notes/设计模式.md,relative,anchor,yes,no,no,no,no,no,no
notes/设计模式.md,45,markdown_inline,link,3. 解释器（Interpreter）,#3-解释器interpreter,#3-解释器interpreter,,3-解释器interpreter,notes/设计模式.md,relative,anchor,yes,no,yes,yes,yes,no,yes
notes/设计模式.md,46,markdown_inline,link,Intent,#intent,#intent,,intent,notes/设计模式.md,relative,anchor,yes,no,no,no,no,no,no
notes/设计模式.md,47,markdown_inline,link,Class Diagram,#class-diagram,#class-diagram,,class-diagram,notes/设计模式.md,relative,anchor,yes,no,no,no,no,no,no
notes/设计模式.md,48,markdown_inline,link,Implementation,#implementation,#implementation,,implementation,notes/设计模式.md,relative,anchor,yes,no,no,no,no,no,no
notes/设计模式.md,49,markdown_inline,link,JDK,#jdk,#jdk,,jdk,notes/设计模式.md,relative,anchor,yes,no,no,no,no,no,no
notes/设计模式.md,50,markdown_inline,link,4. 迭代器（Iterator）,#4-迭代器iterator,#4-迭代器iterator,,4-迭代器iterator,notes/设计模式.md,relative,anchor,yes,no,yes,yes,yes,no,yes
notes/设计模式.md,51,markdown_inline,link,Intent,#intent,#intent,,intent,notes/设计模式.md,relative,anchor,yes,no,no,no,no,no,no
notes/设计模式.md,52,markdown_inline,link,Class Diagram,#class-diagram,#class-diagram,,class-diagram,notes/设计模式.md,relative,anchor,yes,no,no,no,no,no,no
notes/设计模式.md,53,markdown_inline,link,Implementation,#implementation,#implementation,,implementation,notes/设计模式.md,relative,anchor,yes,no,no,no,no,no,no
notes/设计模式.md,54,markdown_inline,link,JDK,#jdk,#jdk,,jdk,notes/设计模式.md,relative,anchor,yes,no,no,no,no,no,no
notes/设计模式.md,55,markdown_inline,link,5. 中介者（Mediator）,#5-中介者mediator,#5-中介者mediator,,5-中介者mediator,notes/设计模式.md,relative,anchor,yes,no,yes,yes,yes,no,yes
notes/设计模式.md,56,markdown_inline,link,Intent,#intent,#intent,,intent,notes/设计模式.md,relative,anchor,yes,no,no,no,no,no,no
notes/设计模式.md,57,markdown_inline,link,Class Diagram,#class-diagram,#class-diagram,,class-diagram,notes/设计模式.md,relative,anchor,yes,no,no,no,no,no,no
notes/设计模式.md,58,markdown_inline,link,Implementation,#implementation,#implementation,,implementation,notes/设计模式.md,relative,anchor,yes,no,no,no,no,no,no
notes/设计模式.md,59,markdown_inline,link,JDK,#jdk,#jdk,,jdk,notes/设计模式.md,relative,anchor,yes,no,no,no,no,no,no
notes/设计模式.md,60,markdown_inline,link,6. 备忘录（Memento）,#6-备忘录memento,#6-备忘录memento,,6-备忘录memento,notes/设计模式.md,relative,anchor,yes,no,yes,yes,yes,no,yes
notes/设计模式.md,61,markdown_inline,link,Intent,#intent,#intent,,intent,notes/设计模式.md,relative,anchor,yes,no,no,no,no,no,no
notes/设计模式.md,62,markdown_inline,link,Class Diagram,#class-diagram,#class-diagram,,class-diagram,notes/设计模式.md,relative,anchor,yes,no,no,no,no,no,no
notes/设计模式.md,63,markdown_inline,link,Implementation,#implementation,#implementation,,implementation,notes/设计模式.md,relative,anchor,yes,no,no,no,no,no,no
notes/设计模式.md,64,markdown_inline,link,JDK,#jdk,#jdk,,jdk,notes/设计模式.md,relative,anchor,yes,no,no,no,no,no,no
notes/设计模式.md,65,markdown_inline,link,7. 观察者（Observer）,#7-观察者observer,#7-观察者observer,,7-观察者observer,notes/设计模式.md,relative,anchor,yes,no,yes,yes,yes,no,yes
notes/设计模式.md,66,markdown_inline,link,Intent,#intent,#intent,,intent,notes/设计模式.md,relative,anchor,yes,no,no,no,no,no,no
notes/设计模式.md,67,markdown_inline,link,Class Diagram,#class-diagram,#class-diagram,,class-diagram,notes/设计模式.md,relative,anchor,yes,no,no,no,no,no,no
notes/设计模式.md,68,markdown_inline,link,Implementation,#implementation,#implementation,,implementation,notes/设计模式.md,relative,anchor,yes,no,no,no,no,no,no
notes/设计模式.md,69,markdown_inline,link,JDK,#jdk,#jdk,,jdk,notes/设计模式.md,relative,anchor,yes,no,no,no,no,no,no
notes/设计模式.md,70,markdown_inline,link,8. 状态（State）,#8-状态state,#8-状态state,,8-状态state,notes/设计模式.md,relative,anchor,yes,no,yes,yes,yes,no,yes
notes/设计模式.md,71,markdown_inline,link,Intent,#intent,#intent,,intent,notes/设计模式.md,relative,anchor,yes,no,no,no,no,no,no
notes/设计模式.md,72,markdown_inline,link,Class Diagram,#class-diagram,#class-diagram,,class-diagram,notes/设计模式.md,relative,anchor,yes,no,no,no,no,no,no
notes/设计模式.md,73,markdown_inline,link,Implementation,#implementation,#implementation,,implementation,notes/设计模式.md,relative,anchor,yes,no,no,no,no,no,no
notes/设计模式.md,74,markdown_inline,link,9. 策略（Strategy）,#9-策略strategy,#9-策略strategy,,9-策略strategy,notes/设计模式.md,relative,anchor,yes,no,yes,yes,yes,no,yes
notes/设计模式.md,75,markdown_inline,link,Intent,#intent,#intent,,intent,notes/设计模式.md,relative,anchor,yes,no,no,no,no,no,no
notes/设计模式.md,76,markdown_inline,link,Class Diagram,#class-diagram,#class-diagram,,class-diagram,notes/设计模式.md,relative,anchor,yes,no,no,no,no,no,no
notes/设计模式.md,77,markdown_inline,link,与状态模式的比较,#与状态模式的比较,#与状态模式的比较,,与状态模式的比较,notes/设计模式.md,relative,anchor,yes,no,yes,yes,yes,no,yes
notes/设计模式.md,78,markdown_inline,link,Implementation,#implementation,#implementation,,implementation,notes/设计模式.md,relative,anchor,yes,no,no,no,no,no,no
notes/设计模式.md,79,markdown_inline,link,JDK,#jdk,#jdk,,jdk,notes/设计模式.md,relative,anchor,yes,no,no,no,no,no,no
notes/设计模式.md,80,markdown_inline,link,10. 模板方法（Template Method）,#10-模板方法template-method,#10-模板方法template-method,,10-模板方法template-method,notes/设计模式.md,relative,anchor,yes,no,yes,yes,yes,no,yes
notes/设计模式.md,81,markdown_inline,link,Intent,#intent,#intent,,intent,notes/设计模式.md,relative,anchor,yes,no,no,no,no,no,no
notes/设计模式.md,82,markdown_inline,link,Class Diagram,#class-diagram,#class-diagram,,class-diagram,notes/设计模式.md,relative,anchor,yes,no,no,no,no,no,no
notes/设计模式.md,83,markdown_inline,link,Implementation,#implementation,#implementation,,implementation,notes/设计模式.md,relative,anchor,yes,no,no,no,no,no,no
notes/设计模式.md,84,markdown_inline,link,JDK,#jdk,#jdk,,jdk,notes/设计模式.md,relative,anchor,yes,no,no,no,no,no,no
notes/设计模式.md,85,markdown_inline,link,11. 访问者（Visitor）,#11-访问者visitor,#11-访问者visitor,,11-访问者visitor,notes/设计模式.md,relative,anchor,yes,no,yes,yes,yes,no,yes
notes/设计模式.md,86,markdown_inline,link,Intent,#intent,#intent,,intent,notes/设计模式.md,relative,anchor,yes,no,no,no,no,no,no
notes/设计模式.md,87,markdown_inline,link,Class Diagram,#class-diagram,#class-diagram,,class-diagram,notes/设计模式.md,relative,anchor,yes,no,no,no,no,no,no
notes/设计模式.md,88,markdown_inline,link,Implementation,#implementation,#implementation,,implementation,notes/设计模式.md,relative,anchor,yes,no,no,no,no,no,no
notes/设计模式.md,89,markdown_inline,link,JDK,#jdk,#jdk,,jdk,notes/设计模式.md,relative,anchor,yes,no,no,no,no,no,no
notes/设计模式.md,90,markdown_inline,link,12. 空对象（Null）,#12-空对象null,#12-空对象null,,12-空对象null,notes/设计模式.md,relative,anchor,yes,no,yes,yes,yes,no,yes
notes/设计模式.md,91,markdown_inline,link,Intent,#intent,#intent,,intent,notes/设计模式.md,relative,anchor,yes,no,no,no,no,no,no
notes/设计模式.md,92,markdown_inline,link,Class Diagram,#class-diagram,#class-diagram,,class-diagram,notes/设计模式.md,relative,anchor,yes,no,no,no,no,no,no
notes/设计模式.md,93,markdown_inline,link,Implementation,#implementation,#implementation,,implementation,notes/设计模式.md,relative,anchor,yes,no,no,no,no,no,no
notes/设计模式.md,94,markdown_inline,link,四、结构型,#四结构型,#四结构型,,四结构型,notes/设计模式.md,relative,anchor,yes,no,yes,yes,yes,no,yes
notes/设计模式.md,95,markdown_inline,link,1. 适配器（Adapter）,#1-适配器adapter,#1-适配器adapter,,1-适配器adapter,notes/设计模式.md,relative,anchor,yes,no,yes,yes,yes,no,yes
notes/设计模式.md,96,markdown_inline,link,Intent,#intent,#intent,,intent,notes/设计模式.md,relative,anchor,yes,no,no,no,no,no,no
notes/设计模式.md,97,markdown_inline,link,Class Diagram,#class-diagram,#class-diagram,,class-diagram,notes/设计模式.md,relative,anchor,yes,no,no,no,no,no,no
notes/设计模式.md,98,markdown_inline,link,Implementation,#implementation,#implementation,,implementation,notes/设计模式.md,relative,anchor,yes,no,no,no,no,no,no
notes/设计模式.md,99,markdown_inline,link,JDK,#jdk,#jdk,,jdk,notes/设计模式.md,relative,anchor,yes,no,no,no,no,no,no
notes/设计模式.md,100,markdown_inline,link,2. 桥接（Bridge）,#2-桥接bridge,#2-桥接bridge,,2-桥接bridge,notes/设计模式.md,relative,anchor,yes,no,yes,yes,yes,no,yes
notes/设计模式.md,101,markdown_inline,link,Intent,#intent,#intent,,intent,notes/设计模式.md,relative,anchor,yes,no,no,no,no,no,no
notes/设计模式.md,102,markdown_inline,link,Class Diagram,#class-diagram,#class-diagram,,class-diagram,notes/设计模式.md,relative,anchor,yes,no,no,no,no,no,no
notes/设计模式.md,103,markdown_inline,link,Implementation,#implementation,#implementation,,implementation,notes/设计模式.md,relative,anchor,yes,no,no,no,no,no,no
notes/设计模式.md,104,markdown_inline,link,JDK,#jdk,#jdk,,jdk,notes/设计模式.md,relative,anchor,yes,no,no,no,no,no,no
notes/设计模式.md,105,markdown_inline,link,3. 组合（Composite）,#3-组合composite,#3-组合composite,,3-组合composite,notes/设计模式.md,relative,anchor,yes,no,yes,yes,yes,no,yes
notes/设计模式.md,106,markdown_inline,link,Intent,#intent,#intent,,intent,notes/设计模式.md,relative,anchor,yes,no,no,no,no,no,no
notes/设计模式.md,107,markdown_inline,link,Class Diagram,#class-diagram,#class-diagram,,class-diagram,notes/设计模式.md,relative,anchor,yes,no,no,no,no,no,no
notes/设计模式.md,108,markdown_inline,link,Implementation,#implementation,#implementation,,implementation,notes/设计模式.md,relative,anchor,yes,no,no,no,no,no,no
notes/设计模式.md,109,markdown_inline,link,JDK,#jdk,#jdk,,jdk,notes/设计模式.md,relative,anchor,yes,no,no,no,no,no,no
notes/设计模式.md,110,markdown_inline,link,4. 装饰（Decorator）,#4-装饰decorator,#4-装饰decorator,,4-装饰decorator,notes/设计模式.md,relative,anchor,yes,no,yes,yes,yes,no,yes
notes/设计模式.md,111,markdown_inline,link,Intent,#intent,#intent,,intent,notes/设计模式.md,relative,anchor,yes,no,no,no,no,no,no
notes/设计模式.md,112,markdown_inline,link,Class Diagram,#class-diagram,#class-diagram,,class-diagram,notes/设计模式.md,relative,anchor,yes,no,no,no,no,no,no
notes/设计模式.md,113,markdown_inline,link,Implementation,#implementation,#implementation,,implementation,notes/设计模式.md,relative,anchor,yes,no,no,no,no,no,no
notes/设计模式.md,114,markdown_inline,link,设计原则,#设计原则,#设计原则,,设计原则,notes/设计模式.md,relative,anchor,yes,no,yes,yes,yes,no,yes
notes/设计模式.md,115,markdown_inline,link,JDK,#jdk,#jdk,,jdk,notes/设计模式.md,relative,anchor,yes,no,no,no,no,no,no
notes/设计模式.md,116,markdown_inline,link,5. 外观（Facade）,#5-外观facade,#5-外观facade,,5-外观facade,notes/设计模式.md,relative,anchor,yes,no,yes,yes,yes,no,yes
notes/设计模式.md,117,markdown_inline,link,Intent,#intent,#intent,,intent,notes/设计模式.md,relative,anchor,yes,no,no,no,no,no,no
notes/设计模式.md,118,markdown_inline,link,Class Diagram,#class-diagram,#class-diagram,,class-diagram,notes/设计模式.md,relative,anchor,yes,no,no,no,no,no,no
notes/设计模式.md,119,markdown_inline,link,Implementation,#implementation,#implementation,,implementation,notes/设计模式.md,relative,anchor,yes,no,no,no,no,no,no
notes/设计模式.md,120,markdown_inline,link,设计原则,#设计原则,#设计原则,,设计原则,notes/设计模式.md,relative,anchor,yes,no,yes,yes,yes,no,yes
notes/设计模式.md,121,markdown_inline,link,6. 享元（Flyweight）,#6-享元flyweight,#6-享元flyweight,,6-享元flyweight,notes/设计模式.md,relative,anchor,yes,no,yes,yes,yes,no,yes
notes/设计模式.md,122,markdown_inline,link,Intent,#intent,#intent,,intent,notes/设计模式.md,relative,anchor,yes,no,no,no,no,no,no
notes/设计模式.md,123,markdown_inline,link,Class Diagram,#class-diagram,#class-diagram,,class-diagram,notes/设计模式.md,relative,anchor,yes,no,no,no,no,no,no
notes/设计模式.md,124,markdown_inline,link,Implementation,#implementation,#implementation,,implementation,notes/设计模式.md,relative,anchor,yes,no,no,no,no,no,no
notes/设计模式.md,125,markdown_inline,link,JDK,#jdk,#jdk,,jdk,notes/设计模式.md,relative,anchor,yes,no,no,no,no,no,no
notes/设计模式.md,126,markdown_inline,link,7. 代理（Proxy）,#7-代理proxy,#7-代理proxy,,7-代理proxy,notes/设计模式.md,relative,anchor,yes,no,yes,yes,yes,no,yes
notes/设计模式.md,127,markdown_inline,link,Intent,#intent,#intent,,intent,notes/设计模式.md,relative,anchor,yes,no,no,no,no,no,no
notes/设计模式.md,128,markdown_inline,link,Class Diagram,#class-diagram,#class-diagram,,class-diagram,notes/设计模式.md,relative,anchor,yes,no,no,no,no,no,no
notes/设计模式.md,129,markdown_inline,link,Implementation,#implementation,#implementation,,implementation,notes/设计模式.md,relative,anchor,yes,no,no,no,no,no,no
notes/设计模式.md,130,markdown_inline,link,JDK,#jdk,#jdk,,jdk,notes/设计模式.md,relative,anchor,yes,no,no,no,no,no,no
notes/设计模式.md,131,markdown_inline,link,参考资料,#参考资料,#参考资料,,参考资料,notes/设计模式.md,relative,anchor,yes,no,yes,yes,yes,no,yes
notes/集群.md,3,markdown_inline,link,集群,#集群,#集群,,集群,notes/集群.md,relative,anchor,yes,no,yes,yes,yes,no,yes
notes/集群.md,4,markdown_inline,link,一、负载均衡,#一负载均衡,#一负载均衡,,一负载均衡,notes/集群.md,relative,anchor,yes,no,yes,yes,yes,no,yes
notes/集群.md,5,markdown_inline,link,负载均衡算法,#负载均衡算法,#负载均衡算法,,负载均衡算法,notes/集群.md,relative,anchor,yes,no,yes,yes,yes,no,yes
notes/集群.md,6,markdown_inline,link,1. 轮询（Round Robin）,#1-轮询round-robin,#1-轮询round-robin,,1-轮询round-robin,notes/集群.md,relative,anchor,yes,no,yes,yes,yes,no,yes
notes/集群.md,7,markdown_inline,link,2. 加权轮询（Weighted Round Robbin）,#2-加权轮询weighted-round-robbin,#2-加权轮询weighted-round-robbin,,2-加权轮询weighted-round-robbin,notes/集群.md,relative,anchor,yes,no,yes,yes,yes,no,yes
notes/集群.md,8,markdown_inline,link,3. 最少连接（least Connections）,#3-最少连接least-connections,#3-最少连接least-connections,,3-最少连接least-connections,notes/集群.md,relative,anchor,yes,no,yes,yes,yes,no,yes
notes/集群.md,9,markdown_inline,link,4. 加权最少连接（Weighted Least Connection）,#4-加权最少连接weighted-least-connection,#4-加权最少连接weighted-least-connection,,4-加权最少连接weighted-least-connection,notes/集群.md,relative,anchor,yes,no,yes,yes,yes,no,yes
notes/集群.md,10,markdown_inline,link,5. 随机算法（Random）,#5-随机算法random,#5-随机算法random,,5-随机算法random,notes/集群.md,relative,anchor,yes,no,yes,yes,yes,no,yes
notes/集群.md,11,markdown_inline,link,6. 源地址哈希法 (IP Hash),#6-源地址哈希法-ip-hash,#6-源地址哈希法-ip-hash,,6-源地址哈希法-ip-hash,notes/集群.md,relative,anchor,yes,no,yes,yes,yes,no,yes
notes/集群.md,12,markdown_inline,link,转发实现,#转发实现,#转发实现,,转发实现,notes/集群.md,relative,anchor,yes,no,yes,yes,yes,no,yes
notes/集群.md,13,markdown_inline,link,1. HTTP 重定向,#1-http-重定向,#1-http-重定向,,1-http-重定向,notes/集群.md,relative,anchor,yes,no,yes,yes,yes,no,yes
notes/集群.md,14,markdown_inline,link,2. DNS 域名解析,#2-dns-域名解析,#2-dns-域名解析,,2-dns-域名解析,notes/集群.md,relative,anchor,yes,no,yes,yes,yes,no,yes
notes/集群.md,15,markdown_inline,link,3. 反向代理服务器,#3-反向代理服务器,#3-反向代理服务器,,3-反向代理服务器,notes/集群.md,relative,anchor,yes,no,yes,yes,yes,no,yes
notes/集群.md,16,markdown_inline,link,4. 网络层,#4-网络层,#4-网络层,,4-网络层,notes/集群.md,relative,anchor,yes,no,yes,yes,yes,no,yes
notes/集群.md,17,markdown_inline,link,5. 链路层,#5-链路层,#5-链路层,,5-链路层,notes/集群.md,relative,anchor,yes,no,yes,yes,yes,no,yes
notes/集群.md,18,markdown_inline,link,二、集群下的 Session 管理,#二集群下的-session-管理,#二集群下的-session-管理,,二集群下的-session-管理,notes/集群.md,relative,anchor,yes,no,yes,yes,yes,no,yes
notes/集群.md,19,markdown_inline,link,Sticky Session,#sticky-session,#sticky-session,,sticky-session,notes/集群.md,relative,anchor,yes,no,no,no,no,no,no
notes/集群.md,20,markdown_inline,link,Session Replication,#session-replication,#session-replication,,session-replication,notes/集群.md,relative,anchor,yes,no,no,no,no,no,no
notes/集群.md,21,markdown_inline,link,Session Server,#session-server,#session-server,,session-server,notes/集群.md,relative,anchor,yes,no,no,no,no,no,no
notes/面向对象思想.md,3,markdown_inline,link,面向对象思想,#面向对象思想,#面向对象思想,,面向对象思想,notes/面向对象思想.md,relative,anchor,yes,no,yes,yes,yes,no,yes
notes/面向对象思想.md,4,markdown_inline,link,一、三大特性,#一三大特性,#一三大特性,,一三大特性,notes/面向对象思想.md,relative,anchor,yes,no,yes,yes,yes,no,yes
notes/面向对象思想.md,5,markdown_inline,link,封装,#封装,#封装,,封装,notes/面向对象思想.md,relative,anchor,yes,no,yes,yes,yes,no,yes
notes/面向对象思想.md,6,markdown_inline,link,继承,#继承,#继承,,继承,notes/面向对象思想.md,relative,anchor,yes,no,yes,yes,yes,no,yes
notes/面向对象思想.md,7,markdown_inline,link,多态,#多态,#多态,,多态,notes/面向对象思想.md,relative,anchor,yes,no,yes,yes,yes,no,yes
notes/面向对象思想.md,8,markdown_inline,link,二、类图,#二类图,#二类图,,二类图,notes/面向对象思想.md,relative,anchor,yes,no,yes,yes,yes,no,yes
notes/面向对象思想.md,9,markdown_inline,link,泛化关系 (Generalization),#泛化关系-generalization,#泛化关系-generalization,,泛化关系-generalization,notes/面向对象思想.md,relative,anchor,yes,no,yes,yes,yes,no,yes
notes/面向对象思想.md,10,markdown_inline,link,实现关系 (Realization),#实现关系-realization,#实现关系-realization,,实现关系-realization,notes/面向对象思想.md,relative,anchor,yes,no,yes,yes,yes,no,yes
notes/面向对象思想.md,11,markdown_inline,link,聚合关系 (Aggregation),#聚合关系-aggregation,#聚合关系-aggregation,,聚合关系-aggregation,notes/面向对象思想.md,relative,anchor,yes,no,yes,yes,yes,no,yes
notes/面向对象思想.md,12,markdown_inline,link,组合关系 (Composition),#组合关系-composition,#组合关系-composition,,组合关系-composition,notes/面向对象思想.md,relative,anchor,yes,no,yes,yes,yes,no,yes
notes/面向对象思想.md,13,markdown_inline,link,关联关系 (Association),#关联关系-association,#关联关系-association,,关联关系-association,notes/面向对象思想.md,relative,anchor,yes,no,yes,yes,yes,no,yes
notes/面向对象思想.md,14,markdown_inline,link,依赖关系 (Dependency),#依赖关系-dependency,#依赖关系-dependency,,依赖关系-dependency,notes/面向对象思想.md,relative,anchor,yes,no,yes,yes,yes,no,yes
notes/面向对象思想.md,15,markdown_inline,link,三、设计原则,#三设计原则,#三设计原则,,三设计原则,notes/面向对象思想.md,relative,anchor,yes,no,yes,yes,yes,no,yes
notes/面向对象思想.md,16,markdown_inline,link,S.O.L.I.D,#solid,#solid,,solid,notes/面向对象思想.md,relative,anchor,yes,no,no,no,no,no,no
notes/面向对象思想.md,17,markdown_inline,link,其他常见原则,#其他常见原则,#其他常见原则,,其他常见原则,notes/面向对象思想.md,relative,anchor,yes,no,yes,yes,yes,no,yes
notes/面向对象思想.md,18,markdown_inline,link,参考资料,#参考资料,#参考资料,,参考资料,notes/面向对象思想.md,relative,anchor,yes,no,yes,yes,yes,no,yes
