path,kind,extension,size_bytes,is_markdown,is_asset,path_has_chinese,path_decoded_has_chinese,chinese_filename,decoded_filename,chinese_asset_name,decoded_asset_name,needs_filename_migration,has_chinese_headings,chinese_heading_count,chinese_headings,has_chinese_markdown_links,chinese_markdown_link_count,chinese_markdown_links,has_chinese_code_comments,chinese_code_comment_count,chinese_code_comments,review_reason,proposed_english_path,translation_status,notes
.gitignore,text,,63,no,no,no,no,,,,,no,no,0,,no,0,,no,0,,,,not_needed,
README.md,markdown,.md,8114,yes,no,no,no,,,,,no,yes,11,L23:H2::pencil2: 算法 | L30:H2::computer: 操作系统 | L35:H2::cloud: 网络 | L41:H2::floppy_disk: 数据库 | L57:H2::bulb: 系统设计 | L66:H2::art: 面向对象 | L71:H2::wrench: 工具 | L78:H2::watermelon: 编码实践 | L83:H2::memo: 后记 | L85:H3:排版 | L103:H3:致谢,yes,38,L2:html_src->https://badgen.net/badge/CyC/%E5%9C%A8%E7%BA%BF%E9%98%85%E8%AF%BB?icon=sourcegraph&color=4ab8a1 | L6:html_src->https://badgen.net/badge/OvO/%E7%A6%BB%E7%BA%BF%E4%B8%8B%E8%BD%BD?icon=telegram&color=4ab8a1 | L7:html_src->https://badgen.net/badge/%e5%85%ac%e4%bc%97%e5%8f%b7/CyC2018?icon=rss&color=4ab8a1 | L13:markdown_inline::pencil2:->#pencil2-算法 | L13:markdown_inline::computer:->#computer-操作系统 | L13:markdown_inline::cloud:->#cloud-网络 | L13:markdown_inline::art:->#art-面向对象 | L13:markdown_inline::floppy_disk:->#floppy_disk-数据库 | L13:markdown_inline::bulb:->#bulb-系统设计 | L13:markdown_inline::wrench:->#wrench-工具 | L13:markdown_inline::watermelon:->#watermelon-编码实践 | L13:markdown_inline::memo:->#memo-后记 | L25:markdown_inline:剑指 Offer 题解->https://github.com/CyC2018/CS-Notes/blob/master/notes/剑指%20Offer%20题解%20-%20目录.md | L26:markdown_inline:Leetcode 题解->https://github.com/CyC2018/CS-Notes/blob/master/notes/Leetcode%20题解%20-%20目录.md | L27:markdown_inline:算法->https://github.com/CyC2018/CS-Notes/blob/master/notes/算法%20-%20目录.md | L28:markdown_inline:字节跳动内推->assets/内推.md | L32:markdown_inline:计算机操作系统->https://github.com/CyC2018/CS-Notes/blob/master/notes/计算机操作系统%20-%20目录.md | L37:markdown_inline:计算机网络->https://github.com/CyC2018/CS-Notes/blob/master/notes/计算机网络%20-%20目录.md | L43:markdown_inline:数据库系统原理->https://github.com/CyC2018/CS-Notes/blob/master/notes/数据库系统原理.md | L44:markdown_inline:SQL 语法->https://github.com/CyC2018/CS-Notes/blob/master/notes/SQL%20语法.md | L45:markdown_inline:SQL 练习->https://github.com/CyC2018/CS-Notes/blob/master/notes/SQL%20练习.md | L51:markdown_inline:Java 基础->https://github.com/CyC2018/CS-Notes/blob/master/notes/Java%20基础.md | L52:markdown_inline:Java 容器->https://github.com/CyC2018/CS-Notes/blob/master/notes/Java%20容器.md | L53:markdown_inline:Java 并发->https://github.com/CyC2018/CS-Notes/blob/master/notes/Java%20并发.md | L54:markdown_inline:Java 虚拟机->https://github.com/CyC2018/CS-Notes/blob/master/notes/Java%20虚拟机.md | L59:markdown_inline:系统设计基础->https://github.com/CyC2018/CS-Notes/blob/master/notes/系统设计基础.md | L60:markdown_inline:分布式->https://github.com/CyC2018/CS-Notes/blob/master/notes/分布式.md | L61:markdown_inline:集群->https://github.com/CyC2018/CS-Notes/blob/master/notes/集群.md | L62:markdown_inline:攻击技术->https://github.com/CyC2018/CS-Notes/blob/master/notes/攻击技术.md | L63:markdown_inline:缓存->https://github.com/CyC2018/CS-Notes/blob/master/notes/缓存.md | L64:markdown_inline:消息队列->https://github.com/CyC2018/CS-Notes/blob/master/notes/消息队列.md | L68:markdown_inline:面向对象思想->https://github.com/CyC2018/CS-Notes/blob/master/notes/面向对象思想.md | L69:markdown_inline:设计模式->https://github.com/CyC2018/CS-Notes/blob/master/notes/设计模式%20-%20目录.md | L75:markdown_inline:构建工具->https://github.com/CyC2018/CS-Notes/blob/master/notes/构建工具.md | L76:markdown_inline:正则表达式->https://github.com/CyC2018/CS-Notes/blob/master/notes/正则表达式.md | L80:markdown_inline:代码可读性->https://github.com/CyC2018/CS-Notes/blob/master/notes/代码可读性.md | L81:markdown_inline:代码风格规范->https://github.com/CyC2018/CS-Notes/blob/master/notes/代码风格规范.md | L87:markdown_inline:中文文案排版指北->https://github.com/sparanoid/chinese-copywriting-guidelines/blob/master/README.zh-CN.md,no,0,,Chinese headings; Chinese Markdown/HTML links,,not_started,
assets/LogoMakr_0zpEzN.png,asset,.png,34067,no,yes,no,no,,,,,no,no,0,,no,0,,no,0,,,,not_needed,
assets/column.png,asset,.png,5232,no,yes,no,no,,,,,no,no,0,,no,0,,no,0,,,,not_needed,
assets/download-html.png,asset,.png,225255,no,yes,no,no,,,,,no,no,0,,no,0,,no,0,,,,not_needed,
assets/download-markdown.png,asset,.png,277164,no,yes,no,no,,,,,no,no,0,,no,0,,no,0,,,,not_needed,
assets/download-pdf.png,asset,.png,225823,no,yes,no,no,,,,,no,no,0,,no,0,,no,0,,,,not_needed,
assets/download.md,markdown,.md,1398,yes,no,no,no,,,,,no,yes,3,L1:H1:目的 | L5:H1:内容 | L29:H1:如何下载,yes,1,L33:html_src->公众号二维码-2.png,no,0,,Chinese headings; Chinese Markdown/HTML links,,not_started,
assets/今日头条招聘海报.png,asset,.png,2456733,no,yes,yes,yes,今日头条招聘海报.png,,今日头条招聘海报.png,,yes,no,0,,no,0,,no,0,,Chinese filename; Chinese asset name,assets/jinri-toutiao-recruitment-poster.png,proposed,Brand name Jinri Toutiao may need review.
assets/公众号二维码-2.png,asset,.png,66522,no,yes,yes,yes,公众号二维码-2.png,,公众号二维码-2.png,,yes,no,0,,no,0,,no,0,,Chinese filename; Chinese asset name,assets/wechat-official-account-qr-code-2.png,proposed,
assets/公众号海报7.png,asset,.png,84647,no,yes,yes,yes,公众号海报7.png,,公众号海报7.png,,yes,no,0,,no,0,,no,0,,Chinese filename; Chinese asset name,assets/wechat-official-account-poster-7.png,proposed,
assets/内推.md,markdown,.md,151,yes,no,yes,yes,内推.md,,,,yes,no,0,,no,0,,no,0,,Chinese filename,assets/referral.md,proposed,
docs/.nojekyll,text,,0,no,no,no,no,,,,,no,no,0,,no,0,,no,0,,,,not_needed,
docs/README.md,markdown,.md,78,yes,no,no,no,,,,,no,yes,1,L1:H1:😃 该网站已迁移至 >>> [www.cyc2018.xyz](http://www.cyc2018.xyz),no,0,,no,0,,Chinese headings,,not_started,
docs/_404.md,markdown,.md,74,yes,no,no,no,,,,,no,yes,1,L1:H1:😃 该网站已迁移至 >>> [www.cyc2018.xyz](http://www.cyc2018.xyz),no,0,,no,0,,Chinese headings,,not_started,
docs/_coverpage.md,markdown,.md,729,yes,no,no,no,,,,,no,no,0,,yes,1,L10:markdown_inline:开始阅读->http://www.cyc2018.xyz,no,0,,Chinese Markdown/HTML links,,not_started,
docs/_media/LogoMakr_1J56bI.png,asset,.png,57583,no,yes,no,no,,,,,no,no,0,,no,0,,no,0,,,,not_needed,
docs/_media/logomakr-3sxxzw-128x128.png,asset,.png,2318,no,yes,no,no,,,,,no,no,0,,no,0,,no,0,,,,not_needed,
docs/_media/公众号.jpg,asset,.jpg,27415,no,yes,yes,yes,公众号.jpg,,公众号.jpg,,yes,no,0,,no,0,,no,0,,Chinese filename; Chinese asset name,docs/_media/wechat-official-account.jpg,proposed,
docs/_style/prism-master/.editorconfig,text,,209,no,no,no,no,,,,,no,no,0,,no,0,,no,0,,,,not_needed,
docs/_style/prism-master/.gitattributes,text,,110,no,no,no,no,,,,,no,no,0,,no,0,,no,0,,,,not_needed,
docs/_style/prism-master/.gitignore,text,,40,no,no,no,no,,,,,no,no,0,,no,0,,no,0,,,,not_needed,
docs/_style/prism-master/.npmignore,text,,252,no,no,no,no,,,,,no,no,0,,no,0,,no,0,,,,not_needed,
docs/_style/prism-master/.travis.yml,code,.yml,460,no,no,no,no,,,,,no,no,0,,no,0,,no,0,,,,not_needed,
docs/_style/prism-master/CHANGELOG.md,markdown,.md,99994,yes,no,no,no,,,,,no,no,0,,no,0,,no,0,,,,not_needed,
docs/_style/prism-master/CNAME,text,,11,no,no,no,no,,,,,no,no,0,,no,0,,no,0,,,,not_needed,
docs/_style/prism-master/LICENSE,text,,1066,no,no,no,no,,,,,no,no,0,,no,0,,no,0,,,,not_needed,
docs/_style/prism-master/README.md,markdown,.md,2436,yes,no,no,no,,,,,no,no,0,,yes,1,L30:markdown_inline:![中文说明->http://awesomes.oss-cn-beijing.aliyuncs.com/readme.png,no,0,,Chinese Markdown/HTML links,,not_started,
docs/_style/prism-master/bower.json,text,.json,586,no,no,no,no,,,,,no,no,0,,no,0,,no,0,,,,not_needed,
docs/_style/prism-master/code.js,code,.js,3811,no,no,no,no,,,,,no,no,0,,no,0,,no,0,,,,not_needed,
docs/_style/prism-master/components.js,code,.js,12058,no,no,no,no,,,,,no,no,0,,no,0,,no,0,,,,not_needed,
docs/_style/prism-master/components.json,text,.json,15942,no,no,no,no,,,,,no,no,0,,no,0,,no,0,,,,not_needed,
docs/_style/prism-master/components/index.js,code,.js,2157,no,no,no,no,,,,,no,no,0,,no,0,,no,0,,,,not_needed,
docs/_style/prism-master/components/prism-abap.js,code,.js,8657,no,no,no,no,,,,,no,no,0,,no,0,,no,0,,,,not_needed,
docs/_style/prism-master/components/prism-abap.min.js,code,.js,7924,no,no,no,no,,,,,no,no,0,,no,0,,no,0,,,,not_needed,
docs/_style/prism-master/components/prism-actionscript.js,code,.js,829,no,no,no,no,,,,,no,no,0,,no,0,,no,0,,,,not_needed,
docs/_style/prism-master/components/prism-actionscript.min.js,code,.js,760,no,no,no,no,,,,,no,no,0,,no,0,,no,0,,,,not_needed,
docs/_style/prism-master/components/prism-ada.js,code,.js,962,no,no,no,no,,,,,no,no,0,,no,0,,no,0,,,,not_needed,
docs/_style/prism-master/components/prism-ada.min.js,code,.js,891,no,no,no,no,,,,,no,no,0,,no,0,,no,0,,,,not_needed,
docs/_style/prism-master/components/prism-apacheconf.js,code,.js,10539,no,no,no,no,,,,,no,no,0,,no,0,,no,0,,,,not_needed,
docs/_style/prism-master/components/prism-apacheconf.min.js,code,.js,10305,no,no,no,no,,,,,no,no,0,,no,0,,no,0,,,,not_needed,
docs/_style/prism-master/components/prism-apl.js,code,.js,874,no,no,no,no,,,,,no,no,0,,no,0,,no,0,,,,not_needed,
docs/_style/prism-master/components/prism-apl.min.js,code,.js,757,no,no,no,no,,,,,no,no,0,,no,0,,no,0,,,,not_needed,
docs/_style/prism-master/components/prism-applescript.js,code,.js,1866,no,no,no,no,,,,,no,no,0,,no,0,,no,0,,,,not_needed,
docs/_style/prism-master/components/prism-applescript.min.js,code,.js,1769,no,no,no,no,,,,,no,no,0,,no,0,,no,0,,,,not_needed,
docs/_style/prism-master/components/prism-arduino.js,code,.js,3910,no,no,no,no,,,,,no,no,0,,no,0,,no,0,,,,not_needed,
docs/_style/prism-master/components/prism-arduino.min.js,code,.js,3890,no,no,no,no,,,,,no,no,0,,no,0,,no,0,,,,not_needed,
docs/_style/prism-master/components/prism-arff.js,code,.js,232,no,no,no,no,,,,,no,no,0,,no,0,,no,0,,,,not_needed,
docs/_style/prism-master/components/prism-arff.min.js,code,.js,192,no,no,no,no,,,,,no,no,0,,no,0,,no,0,,,,not_needed,
docs/_style/prism-master/components/prism-asciidoc.js,code,.js,8978,no,no,no,no,,,,,no,no,0,,no,0,,no,0,,,,not_needed,
docs/_style/prism-master/components/prism-asciidoc.min.js,code,.js,5962,no,no,no,no,,,,,no,no,0,,no,0,,no,0,,,,not_needed,
docs/_style/prism-master/components/prism-asm6502.js,code,.js,930,no,no,no,no,,,,,no,no,0,,no,0,,no,0,,,,not_needed,
docs/_style/prism-master/components/prism-asm6502.min.js,code,.js,824,no,no,no,no,,,,,no,no,0,,no,0,,no,0,,,,not_needed,
docs/_style/prism-master/components/prism-aspnet.js,code,.js,1301,no,no,no,no,,,,,no,no,0,,no,0,,no,0,,,,not_needed,
docs/_style/prism-master/components/prism-aspnet.min.js,code,.js,1014,no,no,no,no,,,,,no,no,0,,no,0,,no,0,,,,not_needed,
docs/_style/prism-master/components/prism-autohotkey.js,code,.js,8995,no,no,no,no,,,,,no,no,0,,no,0,,no,0,,,,not_needed,
docs/_style/prism-master/components/prism-autohotkey.min.js,code,.js,8727,no,no,no,no,,,,,no,no,0,,no,0,,no,0,,,,not_needed,
docs/_style/prism-master/components/prism-autoit.js,code,.js,1055,no,no,no,no,,,,,no,no,0,,no,0,,no,0,,,,not_needed,
docs/_style/prism-master/components/prism-autoit.min.js,code,.js,819,no,no,no,no,,,,,no,no,0,,no,0,,no,0,,,,not_needed,
docs/_style/prism-master/components/prism-bash.js,code,.js,4088,no,no,no,no,,,,,no,no,0,,no,0,,no,0,,,,not_needed,
docs/_style/prism-master/components/prism-bash.min.js,code,.js,3129,no,no,no,no,,,,,no,no,0,,no,0,,no,0,,,,not_needed,
docs/_style/prism-master/components/prism-basic.js,code,.js,1902,no,no,no,no,,,,,no,no,0,,no,0,,no,0,,,,not_needed,
docs/_style/prism-master/components/prism-basic.min.js,code,.js,1834,no,no,no,no,,,,,no,no,0,,no,0,,no,0,,,,not_needed,
docs/_style/prism-master/components/prism-batch.js,code,.js,2427,no,no,no,no,,,,,no,no,0,,no,0,,no,0,,,,not_needed,
docs/_style/prism-master/components/prism-batch.min.js,code,.js,1597,no,no,no,no,,,,,no,no,0,,no,0,,no,0,,,,not_needed,
docs/_style/prism-master/components/prism-bison.js,code,.js,973,no,no,no,no,,,,,no,no,0,,no,0,,no,0,,,,not_needed,
docs/_style/prism-master/components/prism-bison.min.js,code,.js,586,no,no,no,no,,,,,no,no,0,,no,0,,no,0,,,,not_needed,
docs/_style/prism-master/components/prism-brainfuck.js,code,.js,299,no,no,no,no,,,,,no,no,0,,no,0,,no,0,,,,not_needed,
docs/_style/prism-master/components/prism-brainfuck.min.js,code,.js,226,no,no,no,no,,,,,no,no,0,,no,0,,no,0,,,,not_needed,
docs/_style/prism-master/components/prism-bro.js,code,.js,1346,no,no,no,no,,,,,no,no,0,,no,0,,no,0,,,,not_needed,
docs/_style/prism-master/components/prism-bro.min.js,code,.js,1185,no,no,no,no,,,,,no,no,0,,no,0,,no,0,,,,not_needed,
docs/_style/prism-master/components/prism-c.js,code,.js,1482,no,no,no,no,,,,,no,no,0,,no,0,,no,0,,,,not_needed,
docs/_style/prism-master/components/prism-c.min.js,code,.js,1115,no,no,no,no,,,,,no,no,0,,no,0,,no,0,,,,not_needed,
docs/_style/prism-master/components/prism-cil.js,code,.js,2262,no,no,no,no,,,,,no,no,0,,no,0,,no,0,,,,not_needed,
docs/_style/prism-master/components/prism-cil.min.js,code,.js,2139,no,no,no,no,,,,,no,no,0,,no,0,,no,0,,,,not_needed,
docs/_style/prism-master/components/prism-clike.js,code,.js,837,no,no,no,no,,,,,no,no,0,,no,0,,no,0,,,,not_needed,
docs/_style/prism-master/components/prism-clike.min.js,code,.js,713,no,no,no,no,,,,,no,no,0,,no,0,,no,0,,,,not_needed,
docs/_style/prism-master/components/prism-clojure.js,code,.js,2923,no,no,no,no,,,,,no,no,0,,no,0,,no,0,,,,not_needed,
docs/_style/prism-master/components/prism-clojure.min.js,code,.js,2800,no,no,no,no,,,,,no,no,0,,no,0,,no,0,,,,not_needed,
docs/_style/prism-master/components/prism-coffeescript.js,code,.js,2011,no,no,no,no,,,,,no,no,0,,no,0,,no,0,,,,not_needed,
docs/_style/prism-master/components/prism-coffeescript.min.js,code,.js,1363,no,no,no,no,,,,,no,no,0,,no,0,,no,0,,,,not_needed,
docs/_style/prism-master/components/prism-core.js,code,.js,13216,no,no,no,no,,,,,no,no,0,,no,0,,no,0,,,,not_needed,
docs/_style/prism-master/components/prism-core.min.js,code,.js,6494,no,no,no,no,,,,,no,no,0,,no,0,,no,0,,,,not_needed,
docs/_style/prism-master/components/prism-cpp.js,code,.js,1112,no,no,no,no,,,,,no,no,0,,no,0,,no,0,,,,not_needed,
docs/_style/prism-master/components/prism-cpp.min.js,code,.js,1051,no,no,no,no,,,,,no,no,0,,no,0,,no,0,,,,not_needed,
docs/_style/prism-master/components/prism-crystal.js,code,.js,1288,no,no,no,no,,,,,no,no,0,,no,0,,no,0,,,,not_needed,
docs/_style/prism-master/components/prism-crystal.min.js,code,.js,1035,no,no,no,no,,,,,no,no,0,,no,0,,no,0,,,,not_needed,
docs/_style/prism-master/components/prism-csharp.js,code,.js,2391,no,no,no,no,,,,,no,no,0,,no,0,,no,0,,,,not_needed,
docs/_style/prism-master/components/prism-csharp.min.js,code,.js,1937,no,no,no,no,,,,,no,no,0,,no,0,,no,0,,,,not_needed,
docs/_style/prism-master/components/prism-csp.js,code,.js,792,no,no,no,no,,,,,no,no,0,,no,0,,no,0,,,,not_needed,
docs/_style/prism-master/components/prism-csp.min.js,code,.js,564,no,no,no,no,,,,,no,no,0,,no,0,,no,0,,,,not_needed,
docs/_style/prism-master/components/prism-css-extras.js,code,.js,727,no,no,no,no,,,,,no,no,0,,no,0,,no,0,,,,not_needed,
docs/_style/prism-master/components/prism-css-extras.min.js,code,.js,615,no,no,no,no,,,,,no,no,0,,no,0,,no,0,,,,not_needed,
docs/_style/prism-master/components/prism-css.js,code,.js,1296,no,no,no,no,,,,,no,no,0,,no,0,,no,0,,,,not_needed,
docs/_style/prism-master/components/prism-css.min.js,code,.js,1046,no,no,no,no,,,,,no,no,0,,no,0,,no,0,,,,not_needed,
docs/_style/prism-master/components/prism-d.js,code,.js,2717,no,no,no,no,,,,,no,no,0,,no,0,,no,0,,,,not_needed,
docs/_style/prism-master/components/prism-d.min.js,code,.js,2093,no,no,no,no,,,,,no,no,0,,no,0,,no,0,,,,not_needed,
docs/_style/prism-master/components/prism-dart.js,code,.js,776,no,no,no,no,,,,,no,no,0,,no,0,,no,0,,,,not_needed,
docs/_style/prism-master/components/prism-dart.min.js,code,.js,693,no,no,no,no,,,,,no,no,0,,no,0,,no,0,,,,not_needed,
docs/_style/prism-master/components/prism-diff.js,code,.js,544,no,no,no,no,,,,,no,no,0,,no,0,,no,0,,,,not_needed,
docs/_style/prism-master/components/prism-diff.min.js,code,.js,170,no,no,no,no,,,,,no,no,0,,no,0,,no,0,,,,not_needed,
docs/_style/prism-master/components/prism-django.js,code,.js,2937,no,no,no,no,,,,,no,no,0,,no,0,,no,0,,,,not_needed,
docs/_style/prism-master/components/prism-django.min.js,code,.js,2369,no,no,no,no,,,,,no,no,0,,no,0,,no,0,,,,not_needed,
docs/_style/prism-master/components/prism-docker.js,code,.js,398,no,no,no,no,,,,,no,no,0,,no,0,,no,0,,,,not_needed,
docs/_style/prism-master/components/prism-docker.min.js,code,.js,358,no,no,no,no,,,,,no,no,0,,no,0,,no,0,,,,not_needed,
docs/_style/prism-master/components/prism-eiffel.js,code,.js,1305,no,no,no,no,,,,,no,no,0,,no,0,,no,0,,,,not_needed,
docs/_style/prism-master/components/prism-eiffel.min.js,code,.js,951,no,no,no,no,,,,,no,no,0,,no,0,,no,0,,,,not_needed,
docs/_style/prism-master/components/prism-elixir.js,code,.js,2679,no,no,no,no,,,,,no,no,0,,no,0,,no,0,,,,not_needed,
docs/_style/prism-master/components/prism-elixir.min.js,code,.js,1618,no,no,no,no,,,,,no,no,0,,no,0,,no,0,,,,not_needed,
docs/_style/prism-master/components/prism-elm.js,code,.js,2032,no,no,no,no,,,,,no,no,0,,no,0,,no,0,,,,not_needed,
docs/_style/prism-master/components/prism-elm.min.js,code,.js,1008,no,no,no,no,,,,,no,no,0,,no,0,,no,0,,,,not_needed,
docs/_style/prism-master/components/prism-erb.js,code,.js,524,no,no,no,no,,,,,no,no,0,,no,0,,no,0,,,,not_needed,
docs/_style/prism-master/components/prism-erb.min.js,code,.js,399,no,no,no,no,,,,,no,no,0,,no,0,,no,0,,,,not_needed,
docs/_style/prism-master/components/prism-erlang.js,code,.js,1053,no,no,no,no,,,,,no,no,0,,no,0,,no,0,,,,not_needed,
docs/_style/prism-master/components/prism-erlang.min.js,code,.js,758,no,no,no,no,,,,,no,no,0,,no,0,,no,0,,,,not_needed,
docs/_style/prism-master/components/prism-flow.js,code,.js,1063,no,no,no,no,,,,,no,no,0,,no,0,,no,0,,,,not_needed,
docs/_style/prism-master/components/prism-flow.min.js,code,.js,879,no,no,no,no,,,,,no,no,0,,no,0,,no,0,,,,not_needed,
docs/_style/prism-master/components/prism-fortran.js,code,.js,1543,no,no,no,no,,,,,no,no,0,,no,0,,no,0,,,,not_needed,
docs/_style/prism-master/components/prism-fortran.min.js,code,.js,1295,no,no,no,no,,,,,no,no,0,,no,0,,no,0,,,,not_needed,
docs/_style/prism-master/components/prism-fsharp.js,code,.js,2259,no,no,no,no,,,,,no,no,0,,no,0,,no,0,,,,not_needed,
docs/_style/prism-master/components/prism-fsharp.min.js,code,.js,1983,no,no,no,no,,,,,no,no,0,,no,0,,no,0,,,,not_needed,
docs/_style/prism-master/components/prism-gcode.js,code,.js,275,no,no,no,no,,,,,no,no,0,,no,0,,no,0,,,,not_needed,
docs/_style/prism-master/components/prism-gcode.min.js,code,.js,208,no,no,no,no,,,,,no,no,0,,no,0,,no,0,,,,not_needed,
docs/_style/prism-master/components/prism-gedcom.js,code,.js,711,no,no,no,no,,,,,no,no,0,,no,0,,no,0,,,,not_needed,
docs/_style/prism-master/components/prism-gedcom.min.js,code,.js,516,no,no,no,no,,,,,no,no,0,,no,0,,no,0,,,,not_needed,
docs/_style/prism-master/components/prism-gherkin.js,code,.js,10285,no,no,no,no,,,,,no,no,0,,no,0,,no,0,,,,not_needed,
docs/_style/prism-master/components/prism-gherkin.min.js,code,.js,9838,no,no,no,no,,,,,no,no,0,,no,0,,no,0,,,,not_needed,
docs/_style/prism-master/components/prism-git.js,code,.js,1645,no,no,no,no,,,,,no,no,0,,no,0,,no,0,,,,not_needed,
docs/_style/prism-master/components/prism-git.min.js,code,.js,234,no,no,no,no,,,,,no,no,0,,no,0,,no,0,,,,not_needed,
docs/_style/prism-master/components/prism-glsl.js,code,.js,1500,no,no,no,no,,,,,no,no,0,,no,0,,no,0,,,,not_needed,
docs/_style/prism-master/components/prism-glsl.min.js,code,.js,1447,no,no,no,no,,,,,no,no,0,,no,0,,no,0,,,,not_needed,
docs/_style/prism-master/components/prism-gml.js,code,.js,8220,no,no,no,no,,,,,no,no,0,,no,0,,no,0,,,,not_needed,
docs/_style/prism-master/components/prism-gml.min.js,code,.js,8188,no,no,no,no,,,,,no,no,0,,no,0,,no,0,,,,not_needed,
docs/_style/prism-master/components/prism-go.js,code,.js,776,no,no,no,no,,,,,no,no,0,,no,0,,no,0,,,,not_needed,
docs/_style/prism-master/components/prism-go.min.js,code,.js,730,no,no,no,no,,,,,no,no,0,,no,0,,no,0,,,,not_needed,
docs/_style/prism-master/components/prism-graphql.js,code,.js,539,no,no,no,no,,,,,no,no,0,,no,0,,no,0,,,,not_needed,
docs/_style/prism-master/components/prism-graphql.min.js,code,.js,445,no,no,no,no,,,,,no,no,0,,no,0,,no,0,,,,not_needed,
docs/_style/prism-master/components/prism-groovy.js,code,.js,2074,no,no,no,no,,,,,no,no,0,,no,0,,no,0,,,,not_needed,
docs/_style/prism-master/components/prism-groovy.min.js,code,.js,1638,no,no,no,no,,,,,no,no,0,,no,0,,no,0,,,,not_needed,
docs/_style/prism-master/components/prism-haml.js,code,.js,3569,no,no,no,no,,,,,no,no,0,,no,0,,no,0,,,,not_needed,
docs/_style/prism-master/components/prism-haml.min.js,code,.js,2166,no,no,no,no,,,,,no,no,0,,no,0,,no,0,,,,not_needed,
docs/_style/prism-master/components/prism-handlebars.js,code,.js,1033,no,no,no,no,,,,,no,no,0,,no,0,,no,0,,,,not_needed,
docs/_style/prism-master/components/prism-handlebars.min.js,code,.js,812,no,no,no,no,,,,,no,no,0,,no,0,,no,0,,,,not_needed,
docs/_style/prism-master/components/prism-haskell.js,code,.js,3837,no,no,no,no,,,,,no,no,0,,no,0,,no,0,,,,not_needed,
docs/_style/prism-master/components/prism-haskell.min.js,code,.js,2999,no,no,no,no,,,,,no,no,0,,no,0,,no,0,,,,not_needed,
docs/_style/prism-master/components/prism-haxe.js,code,.js,1385,no,no,no,no,,,,,no,no,0,,no,0,,no,0,,,,not_needed,
docs/_style/prism-master/components/prism-haxe.min.js,code,.js,1047,no,no,no,no,,,,,no,no,0,,no,0,,no,0,,,,not_needed,
docs/_style/prism-master/components/prism-hpkp.js,code,.js,405,no,no,no,no,,,,,no,no,0,,no,0,,no,0,,,,not_needed,
docs/_style/prism-master/components/prism-hpkp.min.js,code,.js,260,no,no,no,no,,,,,no,no,0,,no,0,,no,0,,,,not_needed,
docs/_style/prism-master/components/prism-hsts.js,code,.js,333,no,no,no,no,,,,,no,no,0,,no,0,,no,0,,,,not_needed,
docs/_style/prism-master/components/prism-hsts.min.js,code,.js,187,no,no,no,no,,,,,no,no,0,,no,0,,no,0,,,,not_needed,
docs/_style/prism-master/components/prism-http.js,code,.js,2117,no,no,no,no,,,,,no,no,0,,no,0,,no,0,,,,not_needed,
docs/_style/prism-master/components/prism-http.min.js,code,.js,993,no,no,no,no,,,,,no,no,0,,no,0,,no,0,,,,not_needed,
docs/_style/prism-master/components/prism-ichigojam.js,code,.js,903,no,no,no,no,,,,,no,no,0,,no,0,,no,0,,,,not_needed,
docs/_style/prism-master/components/prism-ichigojam.min.js,code,.js,764,no,no,no,no,,,,,no,no,0,,no,0,,no,0,,,,not_needed,
docs/_style/prism-master/components/prism-icon.js,code,.js,1006,no,no,no,no,,,,,no,no,0,,no,0,,no,0,,,,not_needed,
docs/_style/prism-master/components/prism-icon.min.js,code,.js,930,no,no,no,no,,,,,no,no,0,,no,0,,no,0,,,,not_needed,
docs/_style/prism-master/components/prism-inform7.js,code,.js,3704,no,no,no,no,,,,,no,no,0,,no,0,,no,0,,,,not_needed,
docs/_style/prism-master/components/prism-inform7.min.js,code,.js,3332,no,no,no,no,,,,,no,no,0,,no,0,,no,0,,,,not_needed,
docs/_style/prism-master/components/prism-ini.js,code,.js,208,no,no,no,no,,,,,no,no,0,,no,0,,no,0,,,,not_needed,
docs/_style/prism-master/components/prism-ini.min.js,code,.js,168,no,no,no,no,,,,,no,no,0,,no,0,,no,0,,,,not_needed,
docs/_style/prism-master/components/prism-io.js,code,.js,1908,no,no,no,no,,,,,no,no,0,,no,0,,no,0,,,,not_needed,
docs/_style/prism-master/components/prism-io.min.js,code,.js,1781,no,no,no,no,,,,,no,no,0,,no,0,,no,0,,,,not_needed,
docs/_style/prism-master/components/prism-j.js,code,.js,963,no,no,no,no,,,,,no,no,0,,no,0,,no,0,,,,not_needed,
docs/_style/prism-master/components/prism-j.min.js,code,.js,796,no,no,no,no,,,,,no,no,0,,no,0,,no,0,,,,not_needed,
docs/_style/prism-master/components/prism-java.js,code,.js,1861,no,no,no,no,,,,,no,no,0,,no,0,,no,0,,,,not_needed,
docs/_style/prism-master/components/prism-java.min.js,code,.js,1366,no,no,no,no,,,,,no,no,0,,no,0,,no,0,,,,not_needed,
docs/_style/prism-master/components/prism-javascript.js,code,.js,3395,no,no,no,no,,,,,no,no,0,,no,0,,no,0,,,,not_needed,
docs/_style/prism-master/components/prism-javascript.min.js,code,.js,2857,no,no,no,no,,,,,no,no,0,,no,0,,no,0,,,,not_needed,
docs/_style/prism-master/components/prism-javastacktrace.js,code,.js,2465,no,no,no,no,,,,,no,no,0,,no,0,,no,0,,,,not_needed,
docs/_style/prism-master/components/prism-javastacktrace.min.js,code,.js,1124,no,no,no,no,,,,,no,no,0,,no,0,,no,0,,,,not_needed,
docs/_style/prism-master/components/prism-jolie.js,code,.js,1685,no,no,no,no,,,,,no,no,0,,no,0,,no,0,,,,not_needed,
docs/_style/prism-master/components/prism-jolie.min.js,code,.js,1443,no,no,no,no,,,,,no,no,0,,no,0,,no,0,,,,not_needed,
docs/_style/prism-master/components/prism-json.js,code,.js,413,no,no,no,no,,,,,no,no,0,,no,0,,no,0,,,,not_needed,
docs/_style/prism-master/components/prism-json.min.js,code,.js,345,no,no,no,no,,,,,no,no,0,,no,0,,no,0,,,,not_needed,
docs/_style/prism-master/components/prism-jsx.js,code,.js,3994,no,no,no,no,,,,,no,no,0,,no,0,,no,0,,,,not_needed,
docs/_style/prism-master/components/prism-jsx.min.js,code,.js,2130,no,no,no,no,,,,,no,no,0,,no,0,,no,0,,,,not_needed,
docs/_style/prism-master/components/prism-julia.js,code,.js,678,no,no,no,no,,,,,no,no,0,,no,0,,no,0,,,,not_needed,
docs/_style/prism-master/components/prism-julia.min.js,code,.js,627,no,no,no,no,,,,,no,no,0,,no,0,,no,0,,,,not_needed,
docs/_style/prism-master/components/prism-keyman.js,code,.js,1191,no,no,no,no,,,,,no,no,0,,no,0,,no,0,,,,not_needed,
docs/_style/prism-master/components/prism-keyman.min.js,code,.js,954,no,no,no,no,,,,,no,no,0,,no,0,,no,0,,,,not_needed,
docs/_style/prism-master/components/prism-kotlin.js,code,.js,1884,no,no,no,no,,,,,no,no,0,,no,0,,no,0,,,,not_needed,
docs/_style/prism-master/components/prism-kotlin.min.js,code,.js,1464,no,no,no,no,,,,,no,no,0,,no,0,,no,0,,,,not_needed,
docs/_style/prism-master/components/prism-latex.js,code,.js,1599,no,no,no,no,,,,,no,no,0,,no,0,,no,0,,,,not_needed,
docs/_style/prism-master/components/prism-latex.min.js,code,.js,940,no,no,no,no,,,,,no,no,0,,no,0,,no,0,,,,not_needed,
docs/_style/prism-master/components/prism-less.js,code,.js,1260,no,no,no,no,,,,,no,no,0,,no,0,,no,0,,,,not_needed,
docs/_style/prism-master/components/prism-less.min.js,code,.js,625,no,no,no,no,,,,,no,no,0,,no,0,,no,0,,,,not_needed,
docs/_style/prism-master/components/prism-liquid.js,code,.js,986,no,no,no,no,,,,,no,no,0,,no,0,,no,0,,,,not_needed,
docs/_style/prism-master/components/prism-liquid.min.js,code,.js,940,no,no,no,no,,,,,no,no,0,,no,0,,no,0,,,,not_needed,
docs/_style/prism-master/components/prism-lisp.js,code,.js,4665,no,no,no,no,,,,,no,no,0,,no,0,,no,0,,,,not_needed,
docs/_style/prism-master/components/prism-lisp.min.js,code,.js,2489,no,no,no,no,,,,,no,no,0,,no,0,,no,0,,,,not_needed,
docs/_style/prism-master/components/prism-livescript.js,code,.js,2935,no,no,no,no,,,,,no,no,0,,no,0,,no,0,,,,not_needed,
docs/_style/prism-master/components/prism-livescript.min.js,code,.js,1939,no,no,no,no,,,,,no,no,0,,no,0,,no,0,,,,not_needed,
docs/_style/prism-master/components/prism-lolcode.js,code,.js,1392,no,no,no,no,,,,,no,no,0,,no,0,,no,0,,,,not_needed,
docs/_style/prism-master/components/prism-lolcode.min.js,code,.js,1165,no,no,no,no,,,,,no,no,0,,no,0,,no,0,,,,not_needed,
docs/_style/prism-master/components/prism-lua.js,code,.js,751,no,no,no,no,,,,,no,no,0,,no,0,,no,0,,,,not_needed,
docs/_style/prism-master/components/prism-lua.min.js,code,.js,594,no,no,no,no,,,,,no,no,0,,no,0,,no,0,,,,not_needed,
docs/_style/prism-master/components/prism-makefile.js,code,.js,1034,no,no,no,no,,,,,no,no,0,,no,0,,no,0,,,,not_needed,
docs/_style/prism-master/components/prism-makefile.min.js,code,.js,852,no,no,no,no,,,,,no,no,0,,no,0,,no,0,,,,not_needed,
docs/_style/prism-master/components/prism-markdown.js,code,.js,5356,no,no,no,no,,,,,no,no,0,,no,0,,no,0,,,,not_needed,
docs/_style/prism-master/components/prism-markdown.min.js,code,.js,3217,no,no,no,no,,,,,no,no,0,,no,0,,no,0,,,,not_needed,
docs/_style/prism-master/components/prism-markup-templating.js,code,.js,2724,no,no,no,no,,,,,no,no,0,,no,0,,no,0,,,,not_needed,
docs/_style/prism-master/components/prism-markup-templating.min.js,code,.js,1206,no,no,no,no,,,,,no,no,0,,no,0,,no,0,,,,not_needed,
docs/_style/prism-master/components/prism-markup.js,code,.js,1354,no,no,no,no,,,,,no,no,0,,no,0,,no,0,,,,not_needed,
docs/_style/prism-master/components/prism-markup.min.js,code,.js,994,no,no,no,no,,,,,no,no,0,,no,0,,no,0,,,,not_needed,
docs/_style/prism-master/components/prism-matlab.js,code,.js,539,no,no,no,no,,,,,no,no,0,,no,0,,no,0,,,,not_needed,
docs/_style/prism-master/components/prism-matlab.min.js,code,.js,428,no,no,no,no,,,,,no,no,0,,no,0,,no,0,,,,not_needed,
docs/_style/prism-master/components/prism-mel.js,code,.js,17049,no,no,no,no,,,,,no,no,0,,no,0,,no,0,,,,not_needed,
docs/_style/prism-master/components/prism-mel.min.js,code,.js,16796,no,no,no,no,,,,,no,no,0,,no,0,,no,0,,,,not_needed,
docs/_style/prism-master/components/prism-mizar.js,code,.js,1091,no,no,no,no,,,,,no,no,0,,no,0,,no,0,,,,not_needed,
docs/_style/prism-master/components/prism-mizar.min.js,code,.js,1043,no,no,no,no,,,,,no,no,0,,no,0,,no,0,,,,not_needed,
docs/_style/prism-master/components/prism-monkey.js,code,.js,1011,no,no,no,no,,,,,no,no,0,,no,0,,no,0,,,,not_needed,
docs/_style/prism-master/components/prism-monkey.min.js,code,.js,885,no,no,no,no,,,,,no,no,0,,no,0,,no,0,,,,not_needed,
docs/_style/prism-master/components/prism-n4js.js,code,.js,796,no,no,no,no,,,,,no,no,0,,no,0,,no,0,,,,not_needed,
docs/_style/prism-master/components/prism-n4js.min.js,code,.js,577,no,no,no,no,,,,,no,no,0,,no,0,,no,0,,,,not_needed,
docs/_style/prism-master/components/prism-nasm.js,code,.js,763,no,no,no,no,,,,,no,no,0,,no,0,,no,0,,,,not_needed,
docs/_style/prism-master/components/prism-nasm.min.js,code,.js,669,no,no,no,no,,,,,no,no,0,,no,0,,no,0,,,,not_needed,
docs/_style/prism-master/components/prism-nginx.js,code,.js,5812,no,no,no,no,,,,,no,no,0,,no,0,,no,0,,,,not_needed,
docs/_style/prism-master/components/prism-nginx.min.js,code,.js,5775,no,no,no,no,,,,,no,no,0,,no,0,,no,0,,,,not_needed,
docs/_style/prism-master/components/prism-nim.js,code,.js,1758,no,no,no,no,,,,,no,no,0,,no,0,,no,0,,,,not_needed,
docs/_style/prism-master/components/prism-nim.min.js,code,.js,1076,no,no,no,no,,,,,no,no,0,,no,0,,no,0,,,,not_needed,
docs/_style/prism-master/components/prism-nix.js,code,.js,1574,no,no,no,no,,,,,no,no,0,,no,0,,no,0,,,,not_needed,
docs/_style/prism-master/components/prism-nix.min.js,code,.js,1314,no,no,no,no,,,,,no,no,0,,no,0,,no,0,,,,not_needed,
docs/_style/prism-master/components/prism-nsis.js,code,.js,3900,no,no,no,no,,,,,no,no,0,,no,0,,no,0,,,,not_needed,
docs/_style/prism-master/components/prism-nsis.min.js,code,.js,3669,no,no,no,no,,,,,no,no,0,,no,0,,no,0,,,,not_needed,
docs/_style/prism-master/components/prism-objectivec.js,code,.js,634,no,no,no,no,,,,,no,no,0,,no,0,,no,0,,,,not_needed,
docs/_style/prism-master/components/prism-objectivec.min.js,code,.js,614,no,no,no,no,,,,,no,no,0,,no,0,,no,0,,,,not_needed,
docs/_style/prism-master/components/prism-ocaml.js,code,.js,944,no,no,no,no,,,,,no,no,0,,no,0,,no,0,,,,not_needed,
docs/_style/prism-master/components/prism-ocaml.min.js,code,.js,807,no,no,no,no,,,,,no,no,0,,no,0,,no,0,,,,not_needed,
docs/_style/prism-master/components/prism-opencl.js,code,.js,12177,no,no,no,no,,,,,no,no,0,,no,0,,no,0,,,,not_needed,
docs/_style/prism-master/components/prism-opencl.min.js,code,.js,11004,no,no,no,no,,,,,no,no,0,,no,0,,no,0,,,,not_needed,
docs/_style/prism-master/components/prism-oz.js,code,.js,901,no,no,no,no,,,,,no,no,0,,no,0,,no,0,,,,not_needed,
docs/_style/prism-master/components/prism-oz.min.js,code,.js,801,no,no,no,no,,,,,no,no,0,,no,0,,no,0,,,,not_needed,
docs/_style/prism-master/components/prism-parigp.js,code,.js,1241,no,no,no,no,,,,,no,no,0,,no,0,,no,0,,,,not_needed,
docs/_style/prism-master/components/prism-parigp.min.js,code,.js,834,no,no,no,no,,,,,no,no,0,,no,0,,no,0,,,,not_needed,
docs/_style/prism-master/components/prism-parser.js,code,.js,2009,no,no,no,no,,,,,no,no,0,,no,0,,no,0,,,,not_needed,
docs/_style/prism-master/components/prism-parser.min.js,code,.js,1676,no,no,no,no,,,,,no,no,0,,no,0,,no,0,,,,not_needed,
docs/_style/prism-master/components/prism-pascal.js,code,.js,1967,no,no,no,no,,,,,no,no,0,,no,0,,no,0,,,,not_needed,
docs/_style/prism-master/components/prism-pascal.min.js,code,.js,1622,no,no,no,no,,,,,no,no,0,,no,0,,no,0,,,,not_needed,
docs/_style/prism-master/components/prism-perl.js,code,.js,4623,no,no,no,no,,,,,no,no,0,,no,0,,no,0,,,,not_needed,
docs/_style/prism-master/components/prism-perl.min.js,code,.js,3071,no,no,no,no,,,,,no,no,0,,no,0,,no,0,,,,not_needed,
docs/_style/prism-master/components/prism-php-extras.js,code,.js,336,no,no,no,no,,,,,no,no,0,,no,0,,no,0,,,,not_needed,
docs/_style/prism-master/components/prism-php-extras.min.js,code,.js,297,no,no,no,no,,,,,no,no,0,,no,0,,no,0,,,,not_needed,
docs/_style/prism-master/components/prism-php.js,code,.js,3431,no,no,no,no,,,,,no,no,0,,no,0,,no,0,,,,not_needed,
docs/_style/prism-master/components/prism-php.min.js,code,.js,2226,no,no,no,no,,,,,no,no,0,,no,0,,no,0,,,,not_needed,
docs/_style/prism-master/components/prism-plsql.js,code,.js,2037,no,no,no,no,,,,,no,no,0,,no,0,,no,0,,,,not_needed,
docs/_style/prism-master/components/prism-plsql.min.js,code,.js,1962,no,no,no,no,,,,,no,no,0,,no,0,,no,0,,,,not_needed,
docs/_style/prism-master/components/prism-powershell.js,code,.js,5205,no,no,no,no,,,,,no,no,0,,no,0,,no,0,,,,not_needed,
docs/_style/prism-master/components/prism-powershell.min.js,code,.js,4270,no,no,no,no,,,,,no,no,0,,no,0,,no,0,,,,not_needed,
docs/_style/prism-master/components/prism-processing.js,code,.js,774,no,no,no,no,,,,,no,no,0,,no,0,,no,0,,,,not_needed,
docs/_style/prism-master/components/prism-processing.min.js,code,.js,596,no,no,no,no,,,,,no,no,0,,no,0,,no,0,,,,not_needed,
docs/_style/prism-master/components/prism-prolog.js,code,.js,676,no,no,no,no,,,,,no,no,0,,no,0,,no,0,,,,not_needed,
docs/_style/prism-master/components/prism-prolog.min.js,code,.js,346,no,no,no,no,,,,,no,no,0,,no,0,,no,0,,,,not_needed,
docs/_style/prism-master/components/prism-properties.js,code,.js,304,no,no,no,no,,,,,no,no,0,,no,0,,no,0,,,,not_needed,
docs/_style/prism-master/components/prism-properties.min.js,code,.js,273,no,no,no,no,,,,,no,no,0,,no,0,,no,0,,,,not_needed,
docs/_style/prism-master/components/prism-protobuf.js,code,.js,333,no,no,no,no,,,,,no,no,0,,no,0,,no,0,,,,not_needed,
docs/_style/prism-master/components/prism-protobuf.min.js,code,.js,309,no,no,no,no,,,,,no,no,0,,no,0,,no,0,,,,not_needed,
docs/_style/prism-master/components/prism-pug.js,code,.js,4653,no,no,no,no,,,,,no,no,0,,no,0,,no,0,,,,not_needed,
docs/_style/prism-master/components/prism-pug.min.js,code,.js,2764,no,no,no,no,,,,,no,no,0,,no,0,,no,0,,,,not_needed,
docs/_style/prism-master/components/prism-puppet.js,code,.js,3958,no,no,no,no,,,,,no,no,0,,no,0,,no,0,,,,not_needed,
docs/_style/prism-master/components/prism-puppet.min.js,code,.js,2501,no,no,no,no,,,,,no,no,0,,no,0,,no,0,,,,not_needed,
docs/_style/prism-master/components/prism-pure.js,code,.js,4256,no,no,no,no,,,,,no,no,0,,no,0,,no,0,,,,not_needed,
docs/_style/prism-master/components/prism-pure.min.js,code,.js,3462,no,no,no,no,,,,,no,no,0,,no,0,,no,0,,,,not_needed,
docs/_style/prism-master/components/prism-python.js,code,.js,2398,no,no,no,no,,,,,no,no,0,,no,0,,no,0,,,,not_needed,
docs/_style/prism-master/components/prism-python.min.js,code,.js,2014,no,no,no,no,,,,,no,no,0,,no,0,,no,0,,,,not_needed,
docs/_style/prism-master/components/prism-q.js,code,.js,2768,no,no,no,no,,,,,no,no,0,,no,0,,no,0,,,,not_needed,
docs/_style/prism-master/components/prism-q.min.js,code,.js,1696,no,no,no,no,,,,,no,no,0,,no,0,,no,0,,,,not_needed,
docs/_style/prism-master/components/prism-qore.js,code,.js,1098,no,no,no,no,,,,,no,no,0,,no,0,,no,0,,,,not_needed,
docs/_style/prism-master/components/prism-qore.min.js,code,.js,969,no,no,no,no,,,,,no,no,0,,no,0,,no,0,,,,not_needed,
docs/_style/prism-master/components/prism-r.js,code,.js,673,no,no,no,no,,,,,no,no,0,,no,0,,no,0,,,,not_needed,
docs/_style/prism-master/components/prism-r.min.js,code,.js,524,no,no,no,no,,,,,no,no,0,,no,0,,no,0,,,,not_needed,
docs/_style/prism-master/components/prism-reason.js,code,.js,1226,no,no,no,no,,,,,no,no,0,,no,0,,no,0,,,,not_needed,
docs/_style/prism-master/components/prism-reason.min.js,code,.js,916,no,no,no,no,,,,,no,no,0,,no,0,,no,0,,,,not_needed,
docs/_style/prism-master/components/prism-renpy.js,code,.js,4375,no,no,no,no,,,,,no,no,0,,no,0,,no,0,,,,not_needed,
docs/_style/prism-master/components/prism-renpy.min.js,code,.js,4264,no,no,no,no,,,,,no,no,0,,no,0,,no,0,,,,not_needed,
docs/_style/prism-master/components/prism-rest.js,code,.js,4714,no,no,no,no,,,,,no,no,0,,no,0,,no,0,,,,not_needed,
docs/_style/prism-master/components/prism-rest.min.js,code,.js,3489,no,no,no,no,,,,,no,no,0,,no,0,,no,0,,,,not_needed,
docs/_style/prism-master/components/prism-rip.js,code,.js,839,no,no,no,no,,,,,no,no,0,,no,0,,no,0,,,,not_needed,
docs/_style/prism-master/components/prism-rip.min.js,code,.js,730,no,no,no,no,,,,,no,no,0,,no,0,,no,0,,,,not_needed,
docs/_style/prism-master/components/prism-roboconf.js,code,.js,550,no,no,no,no,,,,,no,no,0,,no,0,,no,0,,,,not_needed,
docs/_style/prism-master/components/prism-roboconf.min.js,code,.js,441,no,no,no,no,,,,,no,no,0,,no,0,,no,0,,,,not_needed,
docs/_style/prism-master/components/prism-ruby.js,code,.js,3466,no,no,no,no,,,,,no,no,0,,no,0,,no,0,,,,not_needed,
docs/_style/prism-master/components/prism-ruby.min.js,code,.js,2374,no,no,no,no,,,,,no,no,0,,no,0,,no,0,,,,not_needed,
docs/_style/prism-master/components/prism-rust.js,code,.js,1827,no,no,no,no,,,,,no,no,0,,no,0,,no,0,,,,not_needed,
docs/_style/prism-master/components/prism-rust.min.js,code,.js,1232,no,no,no,no,,,,,no,no,0,,no,0,,no,0,,,,not_needed,
docs/_style/prism-master/components/prism-sas.js,code,.js,882,no,no,no,no,,,,,no,no,0,,no,0,,no,0,,,,not_needed,
docs/_style/prism-master/components/prism-sas.min.js,code,.js,647,no,no,no,no,,,,,no,no,0,,no,0,,no,0,,,,not_needed,
docs/_style/prism-master/components/prism-sass.js,code,.js,1681,no,no,no,no,,,,,no,no,0,,no,0,,no,0,,,,not_needed,
docs/_style/prism-master/components/prism-sass.min.js,code,.js,991,no,no,no,no,,,,,no,no,0,,no,0,,no,0,,,,not_needed,
docs/_style/prism-master/components/prism-scala.js,code,.js,760,no,no,no,no,,,,,no,no,0,,no,0,,no,0,,,,not_needed,
docs/_style/prism-master/components/prism-scala.min.js,code,.js,690,no,no,no,no,,,,,no,no,0,,no,0,,no,0,,,,not_needed,
docs/_style/prism-master/components/prism-scheme.js,code,.js,1026,no,no,no,no,,,,,no,no,0,,no,0,,no,0,,,,not_needed,
docs/_style/prism-master/components/prism-scheme.min.js,code,.js,894,no,no,no,no,,,,,no,no,0,,no,0,,no,0,,,,not_needed,
docs/_style/prism-master/components/prism-scss.js,code,.js,2200,no,no,no,no,,,,,no,no,0,,no,0,,no,0,,,,not_needed,
docs/_style/prism-master/components/prism-scss.min.js,code,.js,1201,no,no,no,no,,,,,no,no,0,,no,0,,no,0,,,,not_needed,
docs/_style/prism-master/components/prism-smalltalk.js,code,.js,721,no,no,no,no,,,,,no,no,0,,no,0,,no,0,,,,not_needed,
docs/_style/prism-master/components/prism-smalltalk.min.js,code,.js,594,no,no,no,no,,,,,no,no,0,,no,0,,no,0,,,,not_needed,
docs/_style/prism-master/components/prism-smarty.js,code,.js,2254,no,no,no,no,,,,,no,no,0,,no,0,,no,0,,,,not_needed,
docs/_style/prism-master/components/prism-smarty.min.js,code,.js,1254,no,no,no,no,,,,,no,no,0,,no,0,,no,0,,,,not_needed,
docs/_style/prism-master/components/prism-soy.js,code,.js,2471,no,no,no,no,,,,,no,no,0,,no,0,,no,0,,,,not_needed,
docs/_style/prism-master/components/prism-soy.min.js,code,.js,1598,no,no,no,no,,,,,no,no,0,,no,0,,no,0,,,,not_needed,
docs/_style/prism-master/components/prism-sql.js,code,.js,3284,no,no,no,no,,,,,no,no,0,,no,0,,no,0,,,,not_needed,
docs/_style/prism-master/components/prism-sql.min.js,code,.js,3135,no,no,no,no,,,,,no,no,0,,no,0,,no,0,,,,not_needed,
docs/_style/prism-master/components/prism-stylus.js,code,.js,2791,no,no,no,no,,,,,no,no,0,,no,0,,no,0,,,,not_needed,
docs/_style/prism-master/components/prism-stylus.min.js,code,.js,1788,no,no,no,no,,,,,no,no,0,,no,0,,no,0,,,,not_needed,
docs/_style/prism-master/components/prism-swift.js,code,.js,1938,no,no,no,no,,,,,no,no,0,,no,0,,no,0,,,,not_needed,
docs/_style/prism-master/components/prism-swift.min.js,code,.js,1758,no,no,no,no,,,,,no,no,0,,no,0,,no,0,,,,not_needed,
docs/_style/prism-master/components/prism-tap.js,code,.js,472,no,no,no,no,,,,,no,no,0,,no,0,,no,0,,,,not_needed,
docs/_style/prism-master/components/prism-tap.min.js,code,.js,406,no,no,no,no,,,,,no,no,0,,no,0,,no,0,,,,not_needed,
docs/_style/prism-master/components/prism-tcl.js,code,.js,1686,no,no,no,no,,,,,no,no,0,,no,0,,no,0,,,,not_needed,
docs/_style/prism-master/components/prism-tcl.min.js,code,.js,1496,no,no,no,no,,,,,no,no,0,,no,0,,no,0,,,,not_needed,
docs/_style/prism-master/components/prism-textile.js,code,.js,7305,no,no,no,no,,,,,no,no,0,,no,0,,no,0,,,,not_needed,
docs/_style/prism-master/components/prism-textile.min.js,code,.js,3898,no,no,no,no,,,,,no,no,0,,no,0,,no,0,,,,not_needed,
docs/_style/prism-master/components/prism-toml.js,code,.js,1229,no,no,no,no,,,,,no,no,0,,no,0,,no,0,,,,not_needed,
docs/_style/prism-master/components/prism-toml.min.js,code,.js,873,no,no,no,no,,,,,no,no,0,,no,0,,no,0,,,,not_needed,
docs/_style/prism-master/components/prism-tsx.js,code,.js,127,no,no,no,no,,,,,no,no,0,,no,0,,no,0,,,,not_needed,
docs/_style/prism-master/components/prism-tsx.min.js,code,.js,121,no,no,no,no,,,,,no,no,0,,no,0,,no,0,,,,not_needed,
docs/_style/prism-master/components/prism-tt2.js,code,.js,1554,no,no,no,no,,,,,no,no,0,,no,0,,no,0,,,,not_needed,
docs/_style/prism-master/components/prism-tt2.min.js,code,.js,1203,no,no,no,no,,,,,no,no,0,,no,0,,no,0,,,,not_needed,
docs/_style/prism-master/components/prism-twig.js,code,.js,1058,no,no,no,no,,,,,no,no,0,,no,0,,no,0,,,,not_needed,
docs/_style/prism-master/components/prism-twig.min.js,code,.js,754,no,no,no,no,,,,,no,no,0,,no,0,,no,0,,,,not_needed,
docs/_style/prism-master/components/prism-typescript.js,code,.js,783,no,no,no,no,,,,,no,no,0,,no,0,,no,0,,,,not_needed,
docs/_style/prism-master/components/prism-typescript.min.js,code,.js,611,no,no,no,no,,,,,no,no,0,,no,0,,no,0,,,,not_needed,
docs/_style/prism-master/components/prism-vala.js,code,.js,2230,no,no,no,no,,,,,no,no,0,,no,0,,no,0,,,,not_needed,
docs/_style/prism-master/components/prism-vala.min.js,code,.js,1817,no,no,no,no,,,,,no,no,0,,no,0,,no,0,,,,not_needed,
docs/_style/prism-master/components/prism-vbnet.js,code,.js,1683,no,no,no,no,,,,,no,no,0,,no,0,,no,0,,,,not_needed,
docs/_style/prism-master/components/prism-vbnet.min.js,code,.js,1620,no,no,no,no,,,,,no,no,0,,no,0,,no,0,,,,not_needed,
docs/_style/prism-master/components/prism-velocity.js,code,.js,1693,no,no,no,no,,,,,no,no,0,,no,0,,no,0,,,,not_needed,
docs/_style/prism-master/components/prism-velocity.min.js,code,.js,1232,no,no,no,no,,,,,no,no,0,,no,0,,no,0,,,,not_needed,
docs/_style/prism-master/components/prism-verilog.js,code,.js,2377,no,no,no,no,,,,,no,no,0,,no,0,,no,0,,,,not_needed,
docs/_style/prism-master/components/prism-verilog.min.js,code,.js,2032,no,no,no,no,,,,,no,no,0,,no,0,,no,0,,,,not_needed,
docs/_style/prism-master/components/prism-vhdl.js,code,.js,1602,no,no,no,no,,,,,no,no,0,,no,0,,no,0,,,,not_needed,
docs/_style/prism-master/components/prism-vhdl.min.js,code,.js,1337,no,no,no,no,,,,,no,no,0,,no,0,,no,0,,,,not_needed,
docs/_style/prism-master/components/prism-vim.js,code,.js,14258,no,no,no,no,,,,,no,no,0,,no,0,,no,0,,,,not_needed,
docs/_style/prism-master/components/prism-vim.min.js,code,.js,14217,no,no,no,no,,,,,no,no,0,,no,0,,no,0,,,,not_needed,
docs/_style/prism-master/components/prism-visual-basic.js,code,.js,2016,no,no,no,no,,,,,no,no,0,,no,0,,no,0,,,,not_needed,
docs/_style/prism-master/components/prism-visual-basic.min.js,code,.js,1887,no,no,no,no,,,,,no,no,0,,no,0,,no,0,,,,not_needed,
docs/_style/prism-master/components/prism-wasm.js,code,.js,1339,no,no,no,no,,,,,no,no,0,,no,0,,no,0,,,,not_needed,
docs/_style/prism-master/components/prism-wasm.min.js,code,.js,1211,no,no,no,no,,,,,no,no,0,,no,0,,no,0,,,,not_needed,
docs/_style/prism-master/components/prism-wiki.js,code,.js,1705,no,no,no,no,,,,,no,no,0,,no,0,,no,0,,,,not_needed,
docs/_style/prism-master/components/prism-wiki.min.js,code,.js,1143,no,no,no,no,,,,,no,no,0,,no,0,,no,0,,,,not_needed,
docs/_style/prism-master/components/prism-xeora.js,code,.js,2368,no,no,no,no,,,,,no,no,0,,no,0,,no,0,,,,not_needed,
docs/_style/prism-master/components/prism-xeora.min.js,code,.js,1691,no,no,no,no,,,,,no,no,0,,no,0,,no,0,,,,not_needed,
docs/_style/prism-master/components/prism-xojo.js,code,.js,831,no,no,no,no,,,,,no,no,0,,no,0,,no,0,,,,not_needed,
docs/_style/prism-master/components/prism-xojo.min.js,code,.js,753,no,no,no,no,,,,,no,no,0,,no,0,,no,0,,,,not_needed,
docs/_style/prism-master/components/prism-xquery.js,code,.js,6165,no,no,no,no,,,,,no,no,0,,no,0,,no,0,,,,not_needed,
docs/_style/prism-master/components/prism-xquery.min.js,code,.js,3889,no,no,no,no,,,,,no,no,0,,no,0,,no,0,,,,not_needed,
docs/_style/prism-master/components/prism-yaml.js,code,.js,1441,no,no,no,no,,,,,no,no,0,,no,0,,no,0,,,,not_needed,
docs/_style/prism-master/components/prism-yaml.min.js,code,.js,1252,no,no,no,no,,,,,no,no,0,,no,0,,no,0,,,,not_needed,
docs/_style/prism-master/composer.json,text,.json,388,no,no,no,no,,,,,no,no,0,,no,0,,no,0,,,,not_needed,
docs/_style/prism-master/download.html,code,.html,4066,no,no,no,no,,,,,no,no,0,,no,0,,no,0,,,,not_needed,
docs/_style/prism-master/download.js,code,.js,14356,no,no,no,no,,,,,no,no,0,,no,0,,no,0,,,,not_needed,
docs/_style/prism-master/examples.html,code,.html,2735,no,no,no,no,,,,,no,no,0,,no,0,,no,0,,,,not_needed,
docs/_style/prism-master/examples.js,code,.js,5725,no,no,no,no,,,,,no,no,0,,no,0,,no,0,,,,not_needed,
docs/_style/prism-master/examples/prism-abap.html,code,.html,1284,no,no,no,no,,,,,no,no,0,,no,0,,no,0,,,,not_needed,
docs/_style/prism-master/examples/prism-actionscript.html,code,.html,4915,no,no,no,no,,,,,no,no,0,,no,0,,no,0,,,,not_needed,
docs/_style/prism-master/examples/prism-ada.html,code,.html,806,no,no,no,no,,,,,no,no,0,,no,0,,no,0,,,,not_needed,
docs/_style/prism-master/examples/prism-apacheconf.html,code,.html,1194,no,no,no,no,,,,,no,no,0,,no,0,,no,0,,,,not_needed,
docs/_style/prism-master/examples/prism-apl.html,code,.html,450,no,no,no,no,,,,,no,no,0,,no,0,,no,0,,,,not_needed,
docs/_style/prism-master/examples/prism-applescript.html,code,.html,1185,no,no,no,no,,,,,no,no,0,,no,0,,no,0,,,,not_needed,
docs/_style/prism-master/examples/prism-arduino.html,code,.html,1244,no,no,no,no,,,,,no,no,0,,no,0,,no,0,,,,not_needed,
docs/_style/prism-master/examples/prism-arff.html,code,.html,1004,no,no,no,no,,,,,no,no,0,,no,0,,no,0,,,,not_needed,
docs/_style/prism-master/examples/prism-asciidoc.html,code,.html,2402,no,no,no,no,,,,,no,no,0,,no,0,,no,0,,,,not_needed,
docs/_style/prism-master/examples/prism-asm6502.html,code,.html,509,no,no,no,no,,,,,no,no,0,,no,0,,no,0,,,,not_needed,
docs/_style/prism-master/examples/prism-aspnet.html,code,.html,1090,no,no,no,no,,,,,no,no,0,,no,0,,no,0,,,,not_needed,
docs/_style/prism-master/examples/prism-autohotkey.html,code,.html,2637,no,no,no,no,,,,,no,no,0,,no,0,,no,0,,,,not_needed,
docs/_style/prism-master/examples/prism-autoit.html,code,.html,1149,no,no,no,no,,,,,no,no,0,,no,0,,no,0,,,,not_needed,
docs/_style/prism-master/examples/prism-bash.html,code,.html,1233,no,no,no,no,,,,,no,no,0,,no,0,,no,0,,,,not_needed,
docs/_style/prism-master/examples/prism-basic.html,code,.html,1597,no,no,no,no,,,,,no,no,0,,no,0,,no,0,,,,not_needed,
docs/_style/prism-master/examples/prism-batch.html,code,.html,361,no,no,no,no,,,,,no,no,0,,no,0,,no,0,,,,not_needed,
docs/_style/prism-master/examples/prism-bison.html,code,.html,2150,no,no,no,no,,,,,no,no,0,,no,0,,no,0,,,,not_needed,
docs/_style/prism-master/examples/prism-brainfuck.html,code,.html,1823,no,no,no,no,,,,,no,no,0,,no,0,,no,0,,,,not_needed,
docs/_style/prism-master/examples/prism-bro.html,code,.html,18062,no,no,no,no,,,,,no,no,0,,no,0,,no,0,,,,not_needed,
docs/_style/prism-master/examples/prism-c.html,code,.html,547,no,no,no,no,,,,,no,no,0,,no,0,,no,0,,,,not_needed,
docs/_style/prism-master/examples/prism-clike.html,code,.html,534,no,no,no,no,,,,,no,no,0,,no,0,,no,0,,,,not_needed,
docs/_style/prism-master/examples/prism-clojure.html,code,.html,10982,no,no,no,no,,,,,no,no,0,,no,0,,no,0,,,,not_needed,
docs/_style/prism-master/examples/prism-coffeescript.html,code,.html,1199,no,no,no,no,,,,,no,no,0,,no,0,,no,0,,,,not_needed,
docs/_style/prism-master/examples/prism-cpp.html,code,.html,1156,no,no,no,no,,,,,no,no,0,,no,0,,no,0,,,,not_needed,
docs/_style/prism-master/examples/prism-crystal.html,code,.html,321,no,no,no,no,,,,,no,no,0,,no,0,,no,0,,,,not_needed,
docs/_style/prism-master/examples/prism-csharp.html,code,.html,1867,no,no,no,no,,,,,no,no,0,,no,0,,no,0,,,,not_needed,
docs/_style/prism-master/examples/prism-csp.html,code,.html,407,no,no,no,no,,,,,no,no,0,,no,0,,no,0,,,,not_needed,
docs/_style/prism-master/examples/prism-css.html,code,.html,674,no,no,no,no,,,,,no,no,0,,no,0,,no,0,,,,not_needed,
docs/_style/prism-master/examples/prism-d.html,code,.html,6705,no,no,no,no,,,,,no,no,0,,no,0,,no,0,,,,not_needed,
docs/_style/prism-master/examples/prism-dart.html,code,.html,1526,no,no,no,no,,,,,no,no,0,,no,0,,no,0,,,,not_needed,
docs/_style/prism-master/examples/prism-diff.html,code,.html,817,no,no,no,no,,,,,no,no,0,,no,0,,no,0,,,,not_needed,
docs/_style/prism-master/examples/prism-django.html,code,.html,694,no,no,no,no,,,,,no,no,0,,no,0,,no,0,,,,not_needed,
docs/_style/prism-master/examples/prism-docker.html,code,.html,1287,no,no,no,no,,,,,no,no,0,,no,0,,no,0,,,,not_needed,
docs/_style/prism-master/examples/prism-eiffel.html,code,.html,988,no,no,no,no,,,,,no,no,0,,no,0,,no,0,,,,not_needed,
docs/_style/prism-master/examples/prism-elixir.html,code,.html,11356,no,no,no,no,,,,,no,no,0,,no,0,,no,0,,,,not_needed,
docs/_style/prism-master/examples/prism-elm.html,code,.html,1410,no,no,no,no,,,,,no,no,0,,no,0,,no,0,,,,not_needed,
docs/_style/prism-master/examples/prism-erb.html,code,.html,619,no,no,no,no,,,,,no,no,0,,no,0,,no,0,,,,not_needed,
docs/_style/prism-master/examples/prism-erlang.html,code,.html,759,no,no,no,no,,,,,no,no,0,,no,0,,no,0,,,,not_needed,
docs/_style/prism-master/examples/prism-flow.html,code,.html,576,no,no,no,no,,,,,no,no,0,,no,0,,no,0,,,,not_needed,
docs/_style/prism-master/examples/prism-fortran.html,code,.html,1916,no,no,no,no,,,,,no,no,0,,no,0,,no,0,,,,not_needed,
docs/_style/prism-master/examples/prism-fsharp.html,code,.html,1797,no,no,no,no,,,,,no,no,0,,no,0,,no,0,,,,not_needed,
docs/_style/prism-master/examples/prism-gcode.html,code,.html,561,no,no,no,no,,,,,no,no,0,,no,0,,no,0,,,,not_needed,
docs/_style/prism-master/examples/prism-gedcom.html,code,.html,788,no,no,no,no,,,,,no,no,0,,no,0,,no,0,,,,not_needed,
docs/_style/prism-master/examples/prism-gherkin.html,code,.html,2151,no,no,no,no,,,,,no,no,0,,no,0,,no,0,,,,not_needed,
docs/_style/prism-master/examples/prism-git.html,code,.html,914,no,no,no,no,,,,,no,no,0,,no,0,,no,0,,,,not_needed,
docs/_style/prism-master/examples/prism-glsl.html,code,.html,1363,no,no,no,no,,,,,no,no,0,,no,0,,no,0,,,,not_needed,
docs/_style/prism-master/examples/prism-gml.html,code,.html,606,no,no,no,no,,,,,no,no,0,,no,0,,no,0,,,,not_needed,
docs/_style/prism-master/examples/prism-go.html,code,.html,944,no,no,no,no,,,,,no,no,0,,no,0,,no,0,,,,not_needed,
docs/_style/prism-master/examples/prism-graphql.html,code,.html,461,no,no,no,no,,,,,no,no,0,,no,0,,no,0,,,,not_needed,
docs/_style/prism-master/examples/prism-groovy.html,code,.html,2345,no,no,no,no,,,,,no,no,0,,no,0,,no,0,,,,not_needed,
docs/_style/prism-master/examples/prism-haml.html,code,.html,1584,no,no,no,no,,,,,no,no,0,,no,0,,no,0,,,,not_needed,
docs/_style/prism-master/examples/prism-handlebars.html,code,.html,1373,no,no,no,no,,,,,no,no,0,,no,0,,no,0,,,,not_needed,
docs/_style/prism-master/examples/prism-haskell.html,code,.html,2223,no,no,no,no,,,,,no,no,0,,no,0,,no,0,,,,not_needed,
docs/_style/prism-master/examples/prism-haxe.html,code,.html,676,no,no,no,no,,,,,no,no,0,,no,0,,no,0,,,,not_needed,
docs/_style/prism-master/examples/prism-hpkp.html,code,.html,353,no,no,no,no,,,,,no,no,0,,no,0,,no,0,,,,not_needed,
docs/_style/prism-master/examples/prism-hsts.html,code,.html,286,no,no,no,no,,,,,no,no,0,,no,0,,no,0,,,,not_needed,
docs/_style/prism-master/examples/prism-http.html,code,.html,933,no,no,no,no,,,,,no,no,0,,no,0,,no,0,,,,not_needed,
docs/_style/prism-master/examples/prism-ichigojam.html,code,.html,545,no,no,no,no,,,,,no,no,0,,no,0,,no,0,,,,not_needed,
docs/_style/prism-master/examples/prism-icon.html,code,.html,4594,no,no,no,no,,,,,no,no,0,,no,0,,no,0,,,,not_needed,
docs/_style/prism-master/examples/prism-inform7.html,code,.html,8794,no,no,no,no,,,,,no,no,0,,no,0,,no,0,,,,not_needed,
docs/_style/prism-master/examples/prism-ini.html,code,.html,204,no,no,no,no,,,,,no,no,0,,no,0,,no,0,,,,not_needed,
docs/_style/prism-master/examples/prism-io.html,code,.html,563,no,no,no,no,,,,,no,no,0,,no,0,,no,0,,,,not_needed,
docs/_style/prism-master/examples/prism-j.html,code,.html,1281,no,no,no,no,,,,,no,no,0,,no,0,,no,0,,,,not_needed,
docs/_style/prism-master/examples/prism-java.html,code,.html,1362,no,no,no,no,,,,,no,no,0,,no,0,,no,0,,,,not_needed,
docs/_style/prism-master/examples/prism-javascript.html,code,.html,2281,no,no,no,no,,,,,no,no,0,,no,0,,no,0,,,,not_needed,
docs/_style/prism-master/examples/prism-javastacktrace.html,code,.html,5288,no,no,no,no,,,,,no,no,0,,no,0,,no,0,,,,not_needed,
docs/_style/prism-master/examples/prism-jolie.html,code,.html,3059,no,no,no,no,,,,,no,no,0,,no,0,,no,0,,,,not_needed,
docs/_style/prism-master/examples/prism-jsx.html,code,.html,598,no,no,no,no,,,,,no,no,0,,no,0,,no,0,,,,not_needed,
docs/_style/prism-master/examples/prism-julia.html,code,.html,554,no,no,no,no,,,,,no,no,0,,no,0,,no,0,,,,not_needed,
docs/_style/prism-master/examples/prism-keyman.html,code,.html,4263,no,no,no,no,,,,,no,no,0,,no,0,,no,0,,,,not_needed,
docs/_style/prism-master/examples/prism-kotlin.html,code,.html,2982,no,no,no,no,,,,,no,no,0,,no,0,,no,0,,,,not_needed,
docs/_style/prism-master/examples/prism-latex.html,code,.html,266,no,no,no,no,,,,,no,no,0,,no,0,,no,0,,,,not_needed,
docs/_style/prism-master/examples/prism-less.html,code,.html,1606,no,no,no,no,,,,,no,no,0,,no,0,,no,0,,,,not_needed,
docs/_style/prism-master/examples/prism-liquid.html,code,.html,1540,no,no,no,no,,,,,no,no,0,,no,0,,no,0,,,,not_needed,
docs/_style/prism-master/examples/prism-lisp.html,code,.html,1095,no,no,no,no,,,,,no,no,0,,no,0,,no,0,,,,not_needed,
docs/_style/prism-master/examples/prism-livescript.html,code,.html,1612,no,no,no,no,,,,,no,no,0,,no,0,,no,0,,,,not_needed,
docs/_style/prism-master/examples/prism-lolcode.html,code,.html,1656,no,no,no,no,,,,,no,no,0,,no,0,,no,0,,,,not_needed,
docs/_style/prism-master/examples/prism-lua.html,code,.html,2032,no,no,no,no,,,,,no,no,0,,no,0,,no,0,,,,not_needed,
docs/_style/prism-master/examples/prism-makefile.html,code,.html,7429,no,no,no,no,,,,,no,no,0,,no,0,,no,0,,,,not_needed,
docs/_style/prism-master/examples/prism-markdown.html,code,.html,1993,no,no,no,no,,,,,no,no,0,,no,0,,no,0,,,,not_needed,
docs/_style/prism-master/examples/prism-markup.html,code,.html,1777,no,no,no,no,,,,,no,no,0,,no,0,,no,0,,,,not_needed,
docs/_style/prism-master/examples/prism-matlab.html,code,.html,1132,no,no,no,no,,,,,no,no,0,,no,0,,no,0,,,,not_needed,
docs/_style/prism-master/examples/prism-mel.html,code,.html,3377,no,no,no,no,,,,,no,no,0,,no,0,,no,0,,,,not_needed,
docs/_style/prism-master/examples/prism-mizar.html,code,.html,1448,no,no,no,no,,,,,no,no,0,,no,0,,no,0,,,,not_needed,
docs/_style/prism-master/examples/prism-monkey.html,code,.html,1399,no,no,no,no,,,,,no,no,0,,no,0,,no,0,,,,not_needed,
docs/_style/prism-master/examples/prism-n4js.html,code,.html,2828,no,no,no,no,,,,,no,no,0,,no,0,,no,0,,,,not_needed,
docs/_style/prism-master/examples/prism-nasm.html,code,.html,2410,no,no,no,no,,,,,no,no,0,,no,0,,no,0,,,,not_needed,
docs/_style/prism-master/examples/prism-nginx.html,code,.html,636,no,no,no,no,,,,,no,no,0,,no,0,,no,0,,,,not_needed,
docs/_style/prism-master/examples/prism-nim.html,code,.html,4758,no,no,no,no,,,,,no,no,0,,no,0,,no,0,,,,not_needed,
docs/_style/prism-master/examples/prism-nix.html,code,.html,794,no,no,no,no,,,,,no,no,0,,no,0,,no,0,,,,not_needed,
docs/_style/prism-master/examples/prism-nsis.html,code,.html,460,no,no,no,no,,,,,no,no,0,,no,0,,no,0,,,,not_needed,
docs/_style/prism-master/examples/prism-objectivec.html,code,.html,806,no,no,no,no,,,,,no,no,0,,no,0,,no,0,,,,not_needed,
docs/_style/prism-master/examples/prism-ocaml.html,code,.html,1529,no,no,no,no,,,,,no,no,0,,no,0,,no,0,,,,not_needed,
docs/_style/prism-master/examples/prism-opencl.html,code,.html,3452,no,no,no,no,,,,,no,no,0,,no,0,,no,0,,,,not_needed,
docs/_style/prism-master/examples/prism-oz.html,code,.html,1386,no,no,no,no,,,,,no,no,0,,no,0,,no,0,,,,not_needed,
docs/_style/prism-master/examples/prism-parigp.html,code,.html,340,no,no,no,no,,,,,no,no,0,,no,0,,no,0,,,,not_needed,
docs/_style/prism-master/examples/prism-parser.html,code,.html,2149,no,no,no,no,,,,,no,no,0,,no,0,,no,0,,,,not_needed,
docs/_style/prism-master/examples/prism-pascal.html,code,.html,1399,no,no,no,no,,,,,no,no,0,,no,0,,no,0,,,,not_needed,
docs/_style/prism-master/examples/prism-perl.html,code,.html,1649,no,no,no,no,,,,,no,no,0,,no,0,,no,0,,,,not_needed,
docs/_style/prism-master/examples/prism-php.html,code,.html,1672,no,no,no,no,,,,,no,no,0,,no,0,,no,0,,,,not_needed,
docs/_style/prism-master/examples/prism-plsql.html,code,.html,866,no,no,no,no,,,,,no,no,0,,no,0,,no,0,,,,not_needed,
docs/_style/prism-master/examples/prism-powershell.html,code,.html,388,no,no,no,no,,,,,no,no,0,,no,0,,no,0,,,,not_needed,
docs/_style/prism-master/examples/prism-processing.html,code,.html,5030,no,no,no,no,,,,,no,no,0,,no,0,,no,0,,,,not_needed,
docs/_style/prism-master/examples/prism-prolog.html,code,.html,1104,no,no,no,no,,,,,no,no,0,,no,0,,no,0,,,,not_needed,
docs/_style/prism-master/examples/prism-properties.html,code,.html,221,no,no,no,no,,,,,no,no,0,,no,0,,no,0,,,,not_needed,
docs/_style/prism-master/examples/prism-pug.html,code,.html,1708,no,no,no,no,,,,,no,no,0,,no,0,,no,0,,,,not_needed,
docs/_style/prism-master/examples/prism-puppet.html,code,.html,3760,no,no,no,no,,,,,no,no,0,,no,0,,no,0,,,,not_needed,
docs/_style/prism-master/examples/prism-pure.html,code,.html,2447,no,no,no,no,,,,,no,no,0,,no,0,,no,0,,,,not_needed,
docs/_style/prism-master/examples/prism-python.html,code,.html,1359,no,no,no,no,,,,,no,no,0,,no,0,,no,0,,,,not_needed,
docs/_style/prism-master/examples/prism-q.html,code,.html,2599,no,no,no,no,,,,,no,no,0,,no,0,,no,0,,,,not_needed,
docs/_style/prism-master/examples/prism-qore.html,code,.html,28341,no,no,no,no,,,,,no,no,0,,no,0,,no,0,,,,not_needed,
docs/_style/prism-master/examples/prism-r.html,code,.html,1051,no,no,no,no,,,,,no,no,0,,no,0,,no,0,,,,not_needed,
docs/_style/prism-master/examples/prism-reason.html,code,.html,894,no,no,no,no,,,,,no,no,0,,no,0,,no,0,,,,not_needed,
docs/_style/prism-master/examples/prism-renpy.html,code,.html,2838,no,no,no,no,,,,,no,no,0,,no,0,,no,0,,,,not_needed,
docs/_style/prism-master/examples/prism-rest.html,code,.html,9152,no,no,no,no,,,,,no,no,0,,no,0,,no,0,,,,not_needed,
docs/_style/prism-master/examples/prism-rip.html,code,.html,270,no,no,no,no,,,,,no,no,0,,no,0,,no,0,,,,not_needed,
docs/_style/prism-master/examples/prism-roboconf.html,code,.html,1586,no,no,no,no,,,,,no,no,0,,no,0,,no,0,,,,not_needed,
docs/_style/prism-master/examples/prism-ruby.html,code,.html,527,no,no,no,no,,,,,no,no,0,,no,0,,no,0,,,,not_needed,
docs/_style/prism-master/examples/prism-rust.html,code,.html,1912,no,no,no,no,,,,,no,no,0,,no,0,,no,0,,,,not_needed,
docs/_style/prism-master/examples/prism-sas.html,code,.html,4315,no,no,no,no,,,,,no,no,0,,no,0,,no,0,,,,not_needed,
docs/_style/prism-master/examples/prism-sass.html,code,.html,1191,no,no,no,no,,,,,no,no,0,,no,0,,no,0,,,,not_needed,
docs/_style/prism-master/examples/prism-scala.html,code,.html,2454,no,no,no,no,,,,,no,no,0,,no,0,,no,0,,,,not_needed,
docs/_style/prism-master/examples/prism-scheme.html,code,.html,758,no,no,no,no,,,,,no,no,0,,no,0,,no,0,,,,not_needed,
docs/_style/prism-master/examples/prism-scss.html,code,.html,579,no,no,no,no,,,,,no,no,0,,no,0,,no,0,,,,not_needed,
docs/_style/prism-master/examples/prism-smalltalk.html,code,.html,1930,no,no,no,no,,,,,no,no,0,,no,0,,no,0,,,,not_needed,
docs/_style/prism-master/examples/prism-smarty.html,code,.html,1948,no,no,no,no,,,,,no,no,0,,no,0,,no,0,,,,not_needed,
docs/_style/prism-master/examples/prism-soy.html,code,.html,909,no,no,no,no,,,,,no,no,0,,no,0,,no,0,,,,not_needed,
docs/_style/prism-master/examples/prism-sql.html,code,.html,764,no,no,no,no,,,,,no,no,0,,no,0,,no,0,,,,not_needed,
docs/_style/prism-master/examples/prism-stylus.html,code,.html,1134,no,no,no,no,,,,,no,no,0,,no,0,,no,0,,,,not_needed,
docs/_style/prism-master/examples/prism-swift.html,code,.html,2073,no,no,no,no,,,,,no,no,0,,no,0,,no,0,,,,not_needed,
docs/_style/prism-master/examples/prism-tcl.html,code,.html,535,no,no,no,no,,,,,no,no,0,,no,0,,no,0,,,,not_needed,
docs/_style/prism-master/examples/prism-textile.html,code,.html,3434,no,no,no,no,,,,,no,no,0,,no,0,,no,0,,,,not_needed,
docs/_style/prism-master/examples/prism-tsx.html,code,.html,574,no,no,no,no,,,,,no,no,0,,no,0,,no,0,,,,not_needed,
docs/_style/prism-master/examples/prism-tt2.html,code,.html,1871,no,no,no,no,,,,,no,no,0,,no,0,,no,0,,,,not_needed,
docs/_style/prism-master/examples/prism-twig.html,code,.html,1100,no,no,no,no,,,,,no,no,0,,no,0,,no,0,,,,not_needed,
docs/_style/prism-master/examples/prism-typescript.html,code,.html,535,no,no,no,no,,,,,no,no,0,,no,0,,no,0,,,,not_needed,
docs/_style/prism-master/examples/prism-vala.html,code,.html,648,no,no,no,no,,,,,no,no,0,,no,0,,no,0,,,,not_needed,
docs/_style/prism-master/examples/prism-vbnet.html,code,.html,446,no,no,no,no,,,,,no,no,0,,no,0,,no,0,,,,not_needed,
docs/_style/prism-master/examples/prism-velocity.html,code,.html,933,no,no,no,no,,,,,no,no,0,,no,0,,no,0,,,,not_needed,
docs/_style/prism-master/examples/prism-verilog.html,code,.html,3649,no,no,no,no,,,,,no,no,0,,no,0,,no,0,,,,not_needed,
docs/_style/prism-master/examples/prism-vhdl.html,code,.html,2988,no,no,no,no,,,,,no,no,0,,no,0,,no,0,,,,not_needed,
docs/_style/prism-master/examples/prism-vim.html,code,.html,421,no,no,no,no,,,,,no,no,0,,no,0,,no,0,,,,not_needed,
docs/_style/prism-master/examples/prism-visual-basic.html,code,.html,772,no,no,no,no,,,,,no,no,0,,no,0,,no,0,,,,not_needed,
docs/_style/prism-master/examples/prism-wasm.html,code,.html,716,no,no,no,no,,,,,no,no,0,,no,0,,no,0,,,,not_needed,
docs/_style/prism-master/examples/prism-wiki.html,code,.html,3078,no,no,no,no,,,,,no,no,0,,no,0,,no,0,,,,not_needed,
docs/_style/prism-master/examples/prism-xeora.html,code,.html,3184,no,no,no,no,,,,,no,no,0,,no,0,,no,0,,,,not_needed,
docs/_style/prism-master/examples/prism-xojo.html,code,.html,1484,no,no,no,no,,,,,no,no,0,,no,0,,no,0,,,,not_needed,
docs/_style/prism-master/examples/prism-xquery.html,code,.html,1261,no,no,no,no,,,,,no,no,0,,no,0,,no,0,,,,not_needed,
docs/_style/prism-master/examples/prism-yaml.html,code,.html,2058,no,no,no,no,,,,,no,no,0,,no,0,,no,0,,,,not_needed,
docs/_style/prism-master/extending.html,code,.html,11819,no,no,no,no,,,,,no,no,0,,no,0,,no,0,,,,not_needed,
docs/_style/prism-master/faq.html,code,.html,7441,no,no,no,no,,,,,no,no,0,,no,0,,no,0,,,,not_needed,
docs/_style/prism-master/favicon.png,asset,.png,209,no,yes,no,no,,,,,no,no,0,,no,0,,no,0,,,,not_needed,
docs/_style/prism-master/gulpfile.js,code,.js,4029,no,no,no,no,,,,,no,no,0,,no,0,,no,0,,,,not_needed,
docs/_style/prism-master/img/logo-ala.png,asset,.png,1745,no,yes,no,no,,,,,no,no,0,,no,0,,no,0,,,,not_needed,
docs/_style/prism-master/img/logo-css-tricks.png,asset,.png,1735,no,yes,no,no,,,,,no,no,0,,no,0,,no,0,,,,not_needed,
docs/_style/prism-master/img/logo-drupal.png,asset,.png,2371,no,yes,no,no,,,,,no,no,0,,no,0,,no,0,,,,not_needed,
docs/_style/prism-master/img/logo-mdn.png,asset,.png,6677,no,yes,no,no,,,,,no,no,0,,no,0,,no,0,,,,not_needed,
docs/_style/prism-master/img/logo-react.png,asset,.png,4705,no,yes,no,no,,,,,no,no,0,,no,0,,no,0,,,,not_needed,
docs/_style/prism-master/img/logo-sitepoint.png,asset,.png,2703,no,yes,no,no,,,,,no,no,0,,no,0,,no,0,,,,not_needed,
docs/_style/prism-master/img/logo-smashing.png,asset,.png,14160,no,yes,no,no,,,,,no,no,0,,no,0,,no,0,,,,not_needed,
docs/_style/prism-master/img/logo-stripe.png,asset,.png,3377,no,yes,no,no,,,,,no,no,0,,no,0,,no,0,,,,not_needed,
docs/_style/prism-master/img/spectrum.png,asset,.png,359393,no,yes,no,no,,,,,no,no,0,,no,0,,no,0,,,,not_needed,
docs/_style/prism-master/index.html,code,.html,16741,no,no,no,no,,,,,no,no,0,,no,0,,no,0,,,,not_needed,
docs/_style/prism-master/logo.svg,asset,.svg,1538,no,yes,no,no,,,,,no,no,0,,no,0,,no,0,,,,not_needed,
docs/_style/prism-master/package.json,text,.json,1056,no,no,no,no,,,,,no,no,0,,no,0,,no,0,,,,not_needed,
docs/_style/prism-master/plugins/autolinker/index.html,code,.html,2393,no,no,no,no,,,,,no,no,0,,no,0,,no,0,,,,not_needed,
docs/_style/prism-master/plugins/autolinker/prism-autolinker.css,code,.css,29,no,no,no,no,,,,,no,no,0,,no,0,,no,0,,,,not_needed,
docs/_style/prism-master/plugins/autolinker/prism-autolinker.js,code,.js,1889,no,no,no,no,,,,,no,no,0,,no,0,,no,0,,,,not_needed,
docs/_style/prism-master/plugins/autolinker/prism-autolinker.min.js,code,.js,1140,no,no,no,no,,,,,no,no,0,,no,0,,no,0,,,,not_needed,
docs/_style/prism-master/plugins/autoloader/index.html,code,.html,6149,no,no,no,no,,,,,no,no,0,,no,0,,no,0,,,,not_needed,
docs/_style/prism-master/plugins/autoloader/prism-autoloader.js,code,.js,6299,no,no,no,no,,,,,no,no,0,,no,0,,no,0,,,,not_needed,
docs/_style/prism-master/plugins/autoloader/prism-autoloader.min.js,code,.js,3167,no,no,no,no,,,,,no,no,0,,no,0,,no,0,,,,not_needed,
docs/_style/prism-master/plugins/command-line/index.html,code,.html,4758,no,no,no,no,,,,,no,no,0,,no,0,,no,0,,,,not_needed,
docs/_style/prism-master/plugins/command-line/prism-command-line.css,code,.css,683,no,no,no,no,,,,,no,no,0,,no,0,,no,0,,,,not_needed,
docs/_style/prism-master/plugins/command-line/prism-command-line.js,code,.js,4700,no,no,no,no,,,,,no,no,0,,no,0,,no,0,,,,not_needed,
docs/_style/prism-master/plugins/command-line/prism-command-line.min.js,code,.js,2213,no,no,no,no,,,,,no,no,0,,no,0,,no,0,,,,not_needed,
docs/_style/prism-master/plugins/copy-to-clipboard/index.html,code,.html,1851,no,no,no,no,,,,,no,no,0,,no,0,,no,0,,,,not_needed,
docs/_style/prism-master/plugins/copy-to-clipboard/prism-copy-to-clipboard.js,code,.js,1533,no,no,no,no,,,,,no,no,0,,no,0,,no,0,,,,not_needed,
docs/_style/prism-master/plugins/copy-to-clipboard/prism-copy-to-clipboard.min.js,code,.js,927,no,no,no,no,,,,,no,no,0,,no,0,,no,0,,,,not_needed,
docs/_style/prism-master/plugins/custom-class/index.html,code,.html,4901,no,no,no,no,,,,,no,no,0,,no,0,,no,0,,,,not_needed,
docs/_style/prism-master/plugins/custom-class/prism-custom-class.js,code,.js,559,no,no,no,no,,,,,no,no,0,,no,0,,no,0,,,,not_needed,
docs/_style/prism-master/plugins/custom-class/prism-custom-class.min.js,code,.js,367,no,no,no,no,,,,,no,no,0,,no,0,,no,0,,,,not_needed,
docs/_style/prism-master/plugins/data-uri-highlight/index.html,code,.html,2201,no,no,no,no,,,,,no,no,0,,no,0,,no,0,,,,not_needed,
docs/_style/prism-master/plugins/data-uri-highlight/prism-data-uri-highlight.js,code,.js,2452,no,no,no,no,,,,,no,no,0,,no,0,,no,0,,,,not_needed,
docs/_style/prism-master/plugins/data-uri-highlight/prism-data-uri-highlight.min.js,code,.js,1492,no,no,no,no,,,,,no,no,0,,no,0,,no,0,,,,not_needed,
docs/_style/prism-master/plugins/file-highlight/index.html,code,.html,2955,no,no,no,no,,,,,no,no,0,,no,0,,no,0,,,,not_needed,
docs/_style/prism-master/plugins/file-highlight/prism-file-highlight.js,code,.js,2599,no,no,no,no,,,,,no,no,0,,no,0,,no,0,,,,not_needed,
docs/_style/prism-master/plugins/file-highlight/prism-file-highlight.min.js,code,.js,1572,no,no,no,no,,,,,no,no,0,,no,0,,no,0,,,,not_needed,
docs/_style/prism-master/plugins/highlight-keywords/index.html,code,.html,1585,no,no,no,no,,,,,no,no,0,,no,0,,no,0,,,,not_needed,
docs/_style/prism-master/plugins/highlight-keywords/prism-highlight-keywords.js,code,.js,270,no,no,no,no,,,,,no,no,0,,no,0,,no,0,,,,not_needed,
docs/_style/prism-master/plugins/highlight-keywords/prism-highlight-keywords.min.js,code,.js,191,no,no,no,no,,,,,no,no,0,,no,0,,no,0,,,,not_needed,
docs/_style/prism-master/plugins/index.html,code,.html,1230,no,no,no,no,,,,,no,no,0,,no,0,,no,0,,,,not_needed,
docs/_style/prism-master/plugins/jsonp-highlight/index.html,code,.html,7154,no,no,no,no,,,,,no,no,0,,no,0,,no,0,,,,not_needed,
docs/_style/prism-master/plugins/jsonp-highlight/prism-jsonp-highlight.js,code,.js,4203,no,no,no,no,,,,,no,no,0,,no,0,,no,0,,,,not_needed,
docs/_style/prism-master/plugins/jsonp-highlight/prism-jsonp-highlight.min.js,code,.js,2245,no,no,no,no,,,,,no,no,0,,no,0,,no,0,,,,not_needed,
docs/_style/prism-master/plugins/keep-markup/index.html,code,.html,2172,no,no,no,no,,,,,no,no,0,,no,0,,no,0,,,,not_needed,
docs/_style/prism-master/plugins/keep-markup/prism-keep-markup.js,code,.js,2650,no,no,no,no,,,,,no,no,0,,no,0,,no,0,,,,not_needed,
docs/_style/prism-master/plugins/keep-markup/prism-keep-markup.min.js,code,.js,1265,no,no,no,no,,,,,no,no,0,,no,0,,no,0,,,,not_needed,
docs/_style/prism-master/plugins/line-highlight/index.html,code,.html,3317,no,no,no,no,,,,,no,no,0,,no,0,,no,0,,,,not_needed,
docs/_style/prism-master/plugins/line-highlight/prism-line-highlight.css,code,.css,989,no,no,no,no,,,,,no,no,0,,no,0,,no,0,,,,not_needed,
docs/_style/prism-master/plugins/line-highlight/prism-line-highlight.js,code,.js,5231,no,no,no,no,,,,,no,no,0,,no,0,,no,0,,,,not_needed,
docs/_style/prism-master/plugins/line-highlight/prism-line-highlight.min.js,code,.js,2731,no,no,no,no,,,,,no,no,0,,no,0,,no,0,,,,not_needed,
docs/_style/prism-master/plugins/line-numbers/index.html,code,.html,2446,no,no,no,no,,,,,no,no,0,,no,0,,no,0,,,,not_needed,
docs/_style/prism-master/plugins/line-numbers/prism-line-numbers.css,code,.css,806,no,no,no,no,,,,,no,no,0,,no,0,,no,0,,,,not_needed,
docs/_style/prism-master/plugins/line-numbers/prism-line-numbers.js,code,.js,4398,no,no,no,no,,,,,no,no,0,,no,0,,no,0,,,,not_needed,
docs/_style/prism-master/plugins/line-numbers/prism-line-numbers.min.js,code,.js,1921,no,no,no,no,,,,,no,no,0,,no,0,,no,0,,,,not_needed,
docs/_style/prism-master/plugins/normalize-whitespace/demo.html,code,.html,477,no,no,no,no,,,,,no,no,0,,no,0,,no,0,,,,not_needed,
docs/_style/prism-master/plugins/normalize-whitespace/index.html,code,.html,4977,no,no,no,no,,,,,no,no,0,,no,0,,no,0,,,,not_needed,
docs/_style/prism-master/plugins/normalize-whitespace/prism-normalize-whitespace.js,code,.js,4668,no,no,no,no,,,,,no,no,0,,no,0,,no,0,,,,not_needed,
docs/_style/prism-master/plugins/normalize-whitespace/prism-normalize-whitespace.min.js,code,.js,2495,no,no,no,no,,,,,no,no,0,,no,0,,no,0,,,,not_needed,
docs/_style/prism-master/plugins/previewers/index.html,code,.html,8405,no,no,no,no,,,,,no,no,0,,no,0,,no,0,,,,not_needed,
docs/_style/prism-master/plugins/previewers/prism-previewers.css,code,.css,5025,no,no,no,no,,,,,no,no,0,,no,0,,no,0,,,,not_needed,
docs/_style/prism-master/plugins/previewers/prism-previewers.js,code,.js,21704,no,no,no,no,,,,,no,no,0,,no,0,,no,0,,,,not_needed,
docs/_style/prism-master/plugins/previewers/prism-previewers.min.js,code,.js,12317,no,no,no,no,,,,,no,no,0,,no,0,,no,0,,,,not_needed,
docs/_style/prism-master/plugins/remove-initial-line-feed/index.html,code,.html,1890,no,no,no,no,,,,,no,no,0,,no,0,,no,0,,,,not_needed,
docs/_style/prism-master/plugins/remove-initial-line-feed/prism-remove-initial-line-feed.js,code,.js,523,no,no,no,no,,,,,no,no,0,,no,0,,no,0,,,,not_needed,
docs/_style/prism-master/plugins/remove-initial-line-feed/prism-remove-initial-line-feed.min.js,code,.js,328,no,no,no,no,,,,,no,no,0,,no,0,,no,0,,,,not_needed,
docs/_style/prism-master/plugins/show-invisibles/index.html,code,.html,1345,no,no,no,no,,,,,no,no,0,,no,0,,no,0,,,,not_needed,
docs/_style/prism-master/plugins/show-invisibles/prism-show-invisibles.css,code,.css,456,no,no,no,no,,,,,no,no,0,,no,0,,no,0,,,,not_needed,
docs/_style/prism-master/plugins/show-invisibles/prism-show-invisibles.js,code,.js,350,no,no,no,no,,,,,no,no,0,,no,0,,no,0,,,,not_needed,
docs/_style/prism-master/plugins/show-invisibles/prism-show-invisibles.min.js,code,.js,229,no,no,no,no,,,,,no,no,0,,no,0,,no,0,,,,not_needed,
docs/_style/prism-master/plugins/show-language/index.html,code,.html,1681,no,no,no,no,,,,,no,no,0,,no,0,,no,0,,,,not_needed,
docs/_style/prism-master/plugins/show-language/prism-show-language.js,code,.js,2567,no,no,no,no,,,,,no,no,0,,no,0,,no,0,,,,not_needed,
docs/_style/prism-master/plugins/show-language/prism-show-language.min.js,code,.js,2130,no,no,no,no,,,,,no,no,0,,no,0,,no,0,,,,not_needed,
docs/_style/prism-master/plugins/toolbar/index.html,code,.html,5923,no,no,no,no,,,,,no,no,0,,no,0,,no,0,,,,not_needed,
docs/_style/prism-master/plugins/toolbar/prism-toolbar.css,code,.css,1164,no,no,no,no,,,,,no,no,0,,no,0,,no,0,,,,not_needed,
docs/_style/prism-master/plugins/toolbar/prism-toolbar.js,code,.js,3180,no,no,no,no,,,,,no,no,0,,no,0,,no,0,,,,not_needed,
docs/_style/prism-master/plugins/toolbar/prism-toolbar.min.js,code,.js,1565,no,no,no,no,,,,,no,no,0,,no,0,,no,0,,,,not_needed,
docs/_style/prism-master/plugins/unescaped-markup/index.html,code,.html,6356,no,no,no,no,,,,,no,no,0,,no,0,,no,0,,,,not_needed,
docs/_style/prism-master/plugins/unescaped-markup/prism-unescaped-markup.css,code,.css,359,no,no,no,no,,,,,no,no,0,,no,0,,no,0,,,,not_needed,
docs/_style/prism-master/plugins/unescaped-markup/prism-unescaped-markup.js,code,.js,1530,no,no,no,no,,,,,no,no,0,,no,0,,no,0,,,,not_needed,
docs/_style/prism-master/plugins/unescaped-markup/prism-unescaped-markup.min.js,code,.js,1190,no,no,no,no,,,,,no,no,0,,no,0,,no,0,,,,not_needed,
docs/_style/prism-master/plugins/wpd/index.html,code,.html,2087,no,no,no,no,,,,,no,no,0,,no,0,,no,0,,,,not_needed,
docs/_style/prism-master/plugins/wpd/prism-wpd.css,code,.css,235,no,no,no,no,,,,,no,no,0,,no,0,,no,0,,,,not_needed,
docs/_style/prism-master/plugins/wpd/prism-wpd.js,code,.js,5095,no,no,no,no,,,,,no,no,0,,no,0,,no,0,,,,not_needed,
docs/_style/prism-master/plugins/wpd/prism-wpd.min.js,code,.js,3217,no,no,no,no,,,,,no,no,0,,no,0,,no,0,,,,not_needed,
docs/_style/prism-master/prefixfree.min.js,code,.js,5892,no,no,no,no,,,,,no,no,0,,no,0,,no,0,,,,not_needed,
docs/_style/prism-master/prism.js,code,.js,23482,no,no,no,no,,,,,no,no,0,,no,0,,no,0,,,,not_needed,
docs/_style/prism-master/style.css,code,.css,6251,no,no,no,no,,,,,no,no,0,,no,0,,no,0,,,,not_needed,
docs/_style/prism-master/templates/footer.html,code,.html,708,no,no,no,no,,,,,no,no,0,,no,0,,no,0,,,,not_needed,
docs/_style/prism-master/templates/header-download.html,code,.html,191,no,no,no,no,,,,,no,no,0,,no,0,,no,0,,,,not_needed,
docs/_style/prism-master/templates/header-main.html,code,.html,747,no,no,no,no,,,,,no,no,0,,no,0,,no,0,,,,not_needed,
docs/_style/prism-master/templates/header-plugins.html,code,.html,327,no,no,no,no,,,,,no,no,0,,no,0,,no,0,,,,not_needed,
docs/_style/prism-master/test-suite.html,code,.html,9091,no,no,no,no,,,,,no,no,0,,no,0,,no,0,,,,not_needed,
docs/_style/prism-master/test.html,code,.html,4613,no,no,no,no,,,,,no,no,0,,no,0,,no,0,,,,not_needed,
docs/_style/prism-master/tests/helper/prism-loader.js,code,.js,3057,no,no,no,no,,,,,no,no,0,,no,0,,no,0,,,,not_needed,
docs/_style/prism-master/tests/helper/test-case.js,code,.js,6166,no,no,no,no,,,,,no,no,0,,no,0,,no,0,,,,not_needed,
docs/_style/prism-master/tests/helper/test-discovery.js,code,.js,2613,no,no,no,no,,,,,no,no,0,,no,0,,no,0,,,,not_needed,
docs/_style/prism-master/tests/helper/token-stream-transformer.js,code,.js,820,no,no,no,no,,,,,no,no,0,,no,0,,no,0,,,,not_needed,
docs/_style/prism-master/tests/languages/abap/comment_feature.test,code,.test,201,no,no,no,no,,,,,no,no,0,,no,0,,no,0,,,,not_needed,
docs/_style/prism-master/tests/languages/abap/eol-comment_feature.test,code,.test,215,no,no,no,no,,,,,no,no,0,,no,0,,no,0,,,,not_needed,
docs/_style/prism-master/tests/languages/abap/keyword_feature.test,code,.test,31764,no,no,no,no,,,,,no,no,0,,no,0,,no,0,,,,not_needed,
docs/_style/prism-master/tests/languages/abap/number_feature.test,code,.test,224,no,no,no,no,,,,,no,no,0,,no,0,,no,0,,,,not_needed,
docs/_style/prism-master/tests/languages/abap/operator_feature.test,code,.test,902,no,no,no,no,,,,,no,no,0,,no,0,,no,0,,,,not_needed,
docs/_style/prism-master/tests/languages/abap/string-template_feature.test,code,.test,539,no,no,no,no,,,,,no,no,0,,no,0,,no,0,,,,not_needed,
docs/_style/prism-master/tests/languages/abap/string_feature.test,code,.test,330,no,no,no,no,,,,,no,no,0,,no,0,,no,0,,,,not_needed,
docs/_style/prism-master/tests/languages/actionscript/keyword_feature.test,code,.test,2895,no,no,no,no,,,,,no,no,0,,no,0,,no,0,,,,not_needed,
docs/_style/prism-master/tests/languages/actionscript/operator_feature.test,code,.test,1107,no,no,no,no,,,,,no,no,0,,no,0,,no,0,,,,not_needed,
docs/_style/prism-master/tests/languages/ada/attr-name_feature.test,code,.test,275,no,no,no,no,,,,,no,no,0,,no,0,,no,0,,,,not_needed,
docs/_style/prism-master/tests/languages/ada/boolean_feature.test,code,.test,201,no,no,no,no,,,,,no,no,0,,no,0,,no,0,,,,not_needed,
docs/_style/prism-master/tests/languages/ada/char_feature.test,code,.test,186,no,no,no,no,,,,,no,no,0,,no,0,,no,0,,,,not_needed,
docs/_style/prism-master/tests/languages/ada/comment_feature.test,code,.test,207,no,no,no,no,,,,,no,no,0,,no,0,,no,0,,,,not_needed,
docs/_style/prism-master/tests/languages/ada/keyword_feature.test,code,.test,2409,no,no,no,no,,,,,no,no,0,,no,0,,no,0,,,,not_needed,
docs/_style/prism-master/tests/languages/ada/number_feature.test,code,.test,368,no,no,no,no,,,,,no,no,0,,no,0,,no,0,,,,not_needed,
docs/_style/prism-master/tests/languages/ada/operator_feature.test,code,.test,492,no,no,no,no,,,,,no,no,0,,no,0,,no,0,,,,not_needed,
docs/_style/prism-master/tests/languages/ada/string_feature.test,code,.test,216,no,no,no,no,,,,,no,no,0,,no,0,,no,0,,,,not_needed,
docs/_style/prism-master/tests/languages/ada/variable_feature.test,code,.test,212,no,no,no,no,,,,,no,no,0,,no,0,,no,0,,,,not_needed,
docs/_style/prism-master/tests/languages/apacheconf/comment_feature.test,code,.test,370,no,no,no,no,,,,,no,no,0,,no,0,,no,0,,,,not_needed,
docs/_style/prism-master/tests/languages/apacheconf/directive-block_feature.test,code,.test,9557,no,no,no,no,,,,,no,no,0,,no,0,,no,0,,,,not_needed,
docs/_style/prism-master/tests/languages/apacheconf/directive-flags_feature.test,code,.test,228,no,no,no,no,,,,,no,no,0,,no,0,,no,0,,,,not_needed,
docs/_style/prism-master/tests/languages/apacheconf/directive-inline_feature.test,code,.test,35174,no,no,no,no,,,,,no,no,0,,no,0,,no,0,,,,not_needed,
docs/_style/prism-master/tests/languages/apacheconf/regex_feature.test,code,.test,223,no,no,no,no,,,,,no,no,0,,no,0,,no,0,,,,not_needed,
docs/_style/prism-master/tests/languages/apacheconf/string_feature.test,code,.test,370,no,no,no,no,,,,,no,no,0,,no,0,,no,0,,,,not_needed,
docs/_style/prism-master/tests/languages/apacheconf/variable_feature.test,code,.test,266,no,no,no,no,,,,,no,no,0,,no,0,,no,0,,,,not_needed,
docs/_style/prism-master/tests/languages/apl/assignment_feature.test,code,.test,239,no,no,no,no,,,,,no,no,0,,no,0,,no,0,,,,not_needed,
docs/_style/prism-master/tests/languages/apl/comment_feature.test,code,.test,272,no,no,no,no,,,,,no,no,0,,no,0,,no,0,,,,not_needed,
docs/_style/prism-master/tests/languages/apl/constant_feature.test,code,.test,278,no,no,no,no,,,,,no,no,0,,no,0,,no,0,,,,not_needed,
docs/_style/prism-master/tests/languages/apl/dfn_feature.test,code,.test,442,no,no,no,no,,,,,no,no,0,,no,0,,no,0,,,,not_needed,
docs/_style/prism-master/tests/languages/apl/dyadic-operator_feature.test,code,.test,406,no,no,no,no,,,,,no,no,0,,no,0,,no,0,,,,not_needed,
docs/_style/prism-master/tests/languages/apl/function_feature.test,code,.test,1668,no,no,no,no,,,,,no,no,0,,no,0,,no,0,,,,not_needed,
docs/_style/prism-master/tests/languages/apl/monadic-operator_feature.test,code,.test,443,no,no,no,no,,,,,no,no,0,,no,0,,no,0,,,,not_needed,
docs/_style/prism-master/tests/languages/apl/number_feature.test,code,.test,420,no,no,no,no,,,,,no,no,0,,no,0,,no,0,,,,not_needed,
docs/_style/prism-master/tests/languages/apl/statement_feature.test,code,.test,209,no,no,no,no,,,,,no,no,0,,no,0,,no,0,,,,not_needed,
docs/_style/prism-master/tests/languages/apl/string_feature.test,code,.test,240,no,no,no,no,,,,,no,no,0,,no,0,,no,0,,,,not_needed,
docs/_style/prism-master/tests/languages/apl/system-function_feature.test,code,.test,309,no,no,no,no,,,,,no,no,0,,no,0,,no,0,,,,not_needed,
docs/_style/prism-master/tests/languages/applescript/class_feature.test,code,.test,1955,no,no,no,no,,,,,no,no,0,,no,0,,no,0,,,,not_needed,
docs/_style/prism-master/tests/languages/applescript/comment_feature.test,code,.test,405,no,no,no,no,,,,,no,no,0,,no,0,,no,0,,,,not_needed,
docs/_style/prism-master/tests/languages/applescript/keyword_feature.test,code,.test,2742,no,no,no,no,,,,,no,no,0,,no,0,,no,0,,,,not_needed,
docs/_style/prism-master/tests/languages/applescript/number_feature.test,code,.test,258,no,no,no,no,,,,,no,no,0,,no,0,,no,0,,,,not_needed,
docs/_style/prism-master/tests/languages/applescript/operator_feature.test,code,.test,2536,no,no,no,no,,,,,no,no,0,,no,0,,no,0,,,,not_needed,
docs/_style/prism-master/tests/languages/applescript/string_feature.test,code,.test,206,no,no,no,no,,,,,no,no,0,,no,0,,no,0,,,,not_needed,
docs/_style/prism-master/tests/languages/arff/comment_feature.test,code,.test,285,no,no,no,no,,,,,no,no,0,,no,0,,no,0,,,,not_needed,
docs/_style/prism-master/tests/languages/arff/keyword_feature.test,code,.test,285,no,no,no,no,,,,,no,no,0,,no,0,,no,0,,,,not_needed,
docs/_style/prism-master/tests/languages/arff/number_feature.test,code,.test,192,no,no,no,no,,,,,no,no,0,,no,0,,no,0,,,,not_needed,
docs/_style/prism-master/tests/languages/arff/string_feature.test,code,.test,294,no,no,no,no,,,,,no,no,0,,no,0,,no,0,,,,not_needed,
docs/_style/prism-master/tests/languages/asciidoc/admonition_feature.test,code,.test,460,no,no,no,no,,,,,no,no,0,,no,0,,no,0,,,,not_needed,
docs/_style/prism-master/tests/languages/asciidoc/attribute-entry_feature.test,code,.test,1006,no,no,no,no,,,,,no,no,0,,no,0,,no,0,,,,not_needed,
docs/_style/prism-master/tests/languages/asciidoc/attributes_feature.test,code,.test,9311,no,no,no,no,,,,,no,no,0,,no,0,,no,0,,,,not_needed,
docs/_style/prism-master/tests/languages/asciidoc/callout_feature.test,code,.test,608,no,no,no,no,,,,,no,no,0,,no,0,,no,0,,,,not_needed,
docs/_style/prism-master/tests/languages/asciidoc/comment-block_feature.test,code,.test,283,no,no,no,no,,,,,no,no,0,,no,0,,no,0,,,,not_needed,
docs/_style/prism-master/tests/languages/asciidoc/comment_feature.test,code,.test,601,no,no,no,no,,,,,no,no,0,,no,0,,no,0,,,,not_needed,
docs/_style/prism-master/tests/languages/asciidoc/entity_feature.js,code,.js,174,no,no,no,no,,,,,no,no,0,,no,0,,no,0,,,,not_needed,
docs/_style/prism-master/tests/languages/asciidoc/entity_feature.test,code,.test,916,no,no,no,no,,,,,no,no,0,,no,0,,no,0,,,,not_needed,
docs/_style/prism-master/tests/languages/asciidoc/hr_feature.test,code,.test,195,no,no,no,no,,,,,no,no,0,,no,0,,no,0,,,,not_needed,
docs/_style/prism-master/tests/languages/asciidoc/indented-block_feature.test,code,.test,599,no,no,no,no,,,,,no,no,0,,no,0,,no,0,,,,not_needed,
docs/_style/prism-master/tests/languages/asciidoc/inline_feature.test,code,.test,11872,no,no,no,no,,,,,no,no,0,,no,0,,no,0,,,,not_needed,
docs/_style/prism-master/tests/languages/asciidoc/line-continuation_feature.test,code,.test,319,no,no,no,no,,,,,no,no,0,,no,0,,no,0,,,,not_needed,
docs/_style/prism-master/tests/languages/asciidoc/list-label_feature.test,code,.test,1240,no,no,no,no,,,,,no,no,0,,no,0,,no,0,,,,not_needed,
docs/_style/prism-master/tests/languages/asciidoc/list-punctuation_feature.test,code,.test,1673,no,no,no,no,,,,,no,no,0,,no,0,,no,0,,,,not_needed,
docs/_style/prism-master/tests/languages/asciidoc/literal-block_feature.test,code,.test,959,no,no,no,no,,,,,no,no,0,,no,0,,no,0,,,,not_needed,
docs/_style/prism-master/tests/languages/asciidoc/macro_feature.test,code,.test,5621,no,no,no,no,,,,,no,no,0,,no,0,,no,0,,,,not_needed,
docs/_style/prism-master/tests/languages/asciidoc/other-block_feature.test,code,.test,829,no,no,no,no,,,,,no,no,0,,no,0,,no,0,,,,not_needed,
docs/_style/prism-master/tests/languages/asciidoc/page-break_feature.test,code,.test,226,no,no,no,no,,,,,no,no,0,,no,0,,no,0,,,,not_needed,
docs/_style/prism-master/tests/languages/asciidoc/passthrough-block_feature.test,code,.test,633,no,no,no,no,,,,,no,no,0,,no,0,,no,0,,,,not_needed,
docs/_style/prism-master/tests/languages/asciidoc/replacement_feature.test,code,.test,1040,no,no,no,no,,,,,no,no,0,,no,0,,no,0,,,,not_needed,
docs/_style/prism-master/tests/languages/asciidoc/table_feature.test,code,.test,1778,no,no,no,no,,,,,no,no,0,,no,0,,no,0,,,,not_needed,
docs/_style/prism-master/tests/languages/asciidoc/title_feature.test,code,.test,1135,no,no,no,no,,,,,no,no,0,,no,0,,no,0,,,,not_needed,
docs/_style/prism-master/tests/languages/asm6502/comment_feature.test,code,.test,146,no,no,no,no,,,,,no,no,0,,no,0,,no,0,,,,not_needed,
docs/_style/prism-master/tests/languages/asm6502/directive_feature.test,code,.test,134,no,no,no,no,,,,,no,no,0,,no,0,,no,0,,,,not_needed,
docs/_style/prism-master/tests/languages/asm6502/number_feature.test,code,.test,263,no,no,no,no,,,,,no,no,0,,no,0,,no,0,,,,not_needed,
docs/_style/prism-master/tests/languages/asm6502/opcode_feature.test,code,.test,201,no,no,no,no,,,,,no,no,0,,no,0,,no,0,,,,not_needed,
docs/_style/prism-master/tests/languages/asm6502/register_feature.test,code,.test,214,no,no,no,no,,,,,no,no,0,,no,0,,no,0,,,,not_needed,
docs/_style/prism-master/tests/languages/asm6502/string_feature.test,code,.test,160,no,no,no,no,,,,,no,no,0,,no,0,,no,0,,,,not_needed,
docs/_style/prism-master/tests/languages/aspnet/comment_feature.test,code,.test,292,no,no,no,no,,,,,no,no,0,,no,0,,no,0,,,,not_needed,
docs/_style/prism-master/tests/languages/aspnet/page-directive_feature.test,code,.test,2105,no,no,no,no,,,,,no,no,0,,no,0,,no,0,,,,not_needed,
docs/_style/prism-master/tests/languages/autohotkey/boolean_feature.test,code,.test,200,no,no,no,no,,,,,no,no,0,,no,0,,no,0,,,,not_needed,
docs/_style/prism-master/tests/languages/autohotkey/builtin_feature.test,code,.test,2644,no,no,no,no,,,,,no,no,0,,no,0,,no,0,,,,not_needed,
docs/_style/prism-master/tests/languages/autohotkey/comment_feature.test,code,.test,201,no,no,no,no,,,,,no,no,0,,no,0,,no,0,,,,not_needed,
docs/_style/prism-master/tests/languages/autohotkey/constant_feature.test,code,.test,6174,no,no,no,no,,,,,no,no,0,,no,0,,no,0,,,,not_needed,
docs/_style/prism-master/tests/languages/autohotkey/function_feature.test,code,.test,256,no,no,no,no,,,,,no,no,0,,no,0,,no,0,,,,not_needed,
docs/_style/prism-master/tests/languages/autohotkey/important_feature.test,code,.test,1602,no,no,no,no,,,,,no,no,0,,no,0,,no,0,,,,not_needed,
docs/_style/prism-master/tests/languages/autohotkey/keyword_feature.test,code,.test,9397,no,no,no,no,,,,,no,no,0,,no,0,,no,0,,,,not_needed,
docs/_style/prism-master/tests/languages/autohotkey/number_feature.test,code,.test,326,no,no,no,no,,,,,no,no,0,,no,0,,no,0,,,,not_needed,
docs/_style/prism-master/tests/languages/autohotkey/operator_feature.test,code,.test,1153,no,no,no,no,,,,,no,no,0,,no,0,,no,0,,,,not_needed,
docs/_style/prism-master/tests/languages/autohotkey/selector_feature.test,code,.test,8038,no,no,no,no,,,,,no,no,0,,no,0,,no,0,,,,not_needed,
docs/_style/prism-master/tests/languages/autohotkey/string_feature.test,code,.test,242,no,no,no,no,,,,,no,no,0,,no,0,,no,0,,,,not_needed,
docs/_style/prism-master/tests/languages/autohotkey/symbol_feature.test,code,.test,5662,no,no,no,no,,,,,no,no,0,,no,0,,no,0,,,,not_needed,
docs/_style/prism-master/tests/languages/autohotkey/tag_feature.test,code,.test,250,no,no,no,no,,,,,no,no,0,,no,0,,no,0,,,,not_needed,
docs/_style/prism-master/tests/languages/autohotkey/variable_feature.test,code,.test,214,no,no,no,no,,,,,no,no,0,,no,0,,no,0,,,,not_needed,
docs/_style/prism-master/tests/languages/autoit/boolean_feature.test,code,.test,201,no,no,no,no,,,,,no,no,0,,no,0,,no,0,,,,not_needed,
docs/_style/prism-master/tests/languages/autoit/comment_feature.test,code,.test,689,no,no,no,no,,,,,no,no,0,,no,0,,no,0,,,,not_needed,
docs/_style/prism-master/tests/languages/autoit/directive_feature.test,code,.test,294,no,no,no,no,,,,,no,no,0,,no,0,,no,0,,,,not_needed,
docs/_style/prism-master/tests/languages/autoit/function_feature.test,code,.test,386,no,no,no,no,,,,,no,no,0,,no,0,,no,0,,,,not_needed,
docs/_style/prism-master/tests/languages/autoit/keyword_feature.test,code,.test,1312,no,no,no,no,,,,,no,no,0,,no,0,,no,0,,,,not_needed,
docs/_style/prism-master/tests/languages/autoit/number_feature.test,code,.test,328,no,no,no,no,,,,,no,no,0,,no,0,,no,0,,,,not_needed,
docs/_style/prism-master/tests/languages/autoit/operator_feature.test,code,.test,609,no,no,no,no,,,,,no,no,0,,no,0,,no,0,,,,not_needed,
docs/_style/prism-master/tests/languages/autoit/string_feature.test,code,.test,652,no,no,no,no,,,,,no,no,0,,no,0,,no,0,,,,not_needed,
docs/_style/prism-master/tests/languages/autoit/url_feature.test,code,.test,298,no,no,no,no,,,,,no,no,0,,no,0,,no,0,,,,not_needed,
docs/_style/prism-master/tests/languages/autoit/variable_feature.test,code,.test,343,no,no,no,no,,,,,no,no,0,,no,0,,no,0,,,,not_needed,
docs/_style/prism-master/tests/languages/bash/arithmetic_environment_feature.test,code,.test,924,no,no,no,no,,,,,no,no,0,,no,0,,no,0,,,,not_needed,
docs/_style/prism-master/tests/languages/bash/command_substitution_feature.test,code,.test,752,no,no,no,no,,,,,no,no,0,,no,0,,no,0,,,,not_needed,
docs/_style/prism-master/tests/languages/bash/comment_feature.test,code,.test,201,no,no,no,no,,,,,no,no,0,,no,0,,no,0,,,,not_needed,
docs/_style/prism-master/tests/languages/bash/function_feature.test,code,.test,7994,no,no,no,no,,,,,no,no,0,,no,0,,no,0,,,,not_needed,
docs/_style/prism-master/tests/languages/bash/keyword_feature.test,code,.test,763,no,no,no,no,,,,,no,no,0,,no,0,,no,0,,,,not_needed,
docs/_style/prism-master/tests/languages/bash/shebang_feature.test,code,.test,183,no,no,no,no,,,,,no,no,0,,no,0,,no,0,,,,not_needed,
docs/_style/prism-master/tests/languages/bash/string_feature.test,code,.test,1300,no,no,no,no,,,,,no,no,0,,no,0,,no,0,,,,not_needed,
docs/_style/prism-master/tests/languages/bash/variable_feature.test,code,.test,240,no,no,no,no,,,,,no,no,0,,no,0,,no,0,,,,not_needed,
docs/_style/prism-master/tests/languages/basic/comment_feature.test,code,.test,240,no,no,no,no,,,,,no,no,0,,no,0,,no,0,,,,not_needed,
docs/_style/prism-master/tests/languages/basic/function_feature.test,code,.test,4922,no,no,no,no,,,,,no,no,0,,no,0,,no,0,,,,not_needed,
docs/_style/prism-master/tests/languages/basic/keyword_feature.test,code,.test,3307,no,no,no,no,,,,,no,no,0,,no,0,,no,0,,,,not_needed,
docs/_style/prism-master/tests/languages/basic/number_feature.test,code,.test,290,no,no,no,no,,,,,no,no,0,,no,0,,no,0,,,,not_needed,
docs/_style/prism-master/tests/languages/basic/operator_feature.test,code,.test,566,no,no,no,no,,,,,no,no,0,,no,0,,no,0,,,,not_needed,
docs/_style/prism-master/tests/languages/basic/string_feature.test,code,.test,210,no,no,no,no,,,,,no,no,0,,no,0,,no,0,,,,not_needed,
docs/_style/prism-master/tests/languages/batch/command_feature.test,code,.test,1992,no,no,no,no,,,,,no,no,0,,no,0,,no,0,,,,not_needed,
docs/_style/prism-master/tests/languages/batch/comment_feature.test,code,.test,295,no,no,no,no,,,,,no,no,0,,no,0,,no,0,,,,not_needed,
docs/_style/prism-master/tests/languages/batch/label_feature.test,code,.test,201,no,no,no,no,,,,,no,no,0,,no,0,,no,0,,,,not_needed,
docs/_style/prism-master/tests/languages/bison/c_feature.test,code,.test,1537,no,no,no,no,,,,,no,no,0,,no,0,,no,0,,,,not_needed,
docs/_style/prism-master/tests/languages/bison/comment_feature.test,code,.test,404,no,no,no,no,,,,,no,no,0,,no,0,,no,0,,,,not_needed,
docs/_style/prism-master/tests/languages/bison/keyword_feature.test,code,.test,373,no,no,no,no,,,,,no,no,0,,no,0,,no,0,,,,not_needed,
docs/_style/prism-master/tests/languages/bison/number_feature.test,code,.test,224,no,no,no,no,,,,,no,no,0,,no,0,,no,0,,,,not_needed,
docs/_style/prism-master/tests/languages/bison/property_feature.test,code,.test,384,no,no,no,no,,,,,no,no,0,,no,0,,no,0,,,,not_needed,
docs/_style/prism-master/tests/languages/bison/string_feature.test,code,.test,486,no,no,no,no,,,,,no,no,0,,no,0,,no,0,,,,not_needed,
docs/_style/prism-master/tests/languages/brainfuck/all_feature.test,code,.test,380,no,no,no,no,,,,,no,no,0,,no,0,,no,0,,,,not_needed,
docs/_style/prism-master/tests/languages/bro/builtin_feature.test,code,.test,478,no,no,no,no,,,,,no,no,0,,no,0,,no,0,,,,not_needed,
docs/_style/prism-master/tests/languages/bro/comment_feature.test,code,.test,344,no,no,no,no,,,,,no,no,0,,no,0,,no,0,,,,not_needed,
docs/_style/prism-master/tests/languages/bro/function_feature.test,code,.test,524,no,no,no,no,,,,,no,no,0,,no,0,,no,0,,,,not_needed,
docs/_style/prism-master/tests/languages/bro/keyword_feature.test,code,.test,1263,no,no,no,no,,,,,no,no,0,,no,0,,no,0,,,,not_needed,
docs/_style/prism-master/tests/languages/bro/string_feature.test,code,.test,386,no,no,no,no,,,,,no,no,0,,no,0,,no,0,,,,not_needed,
docs/_style/prism-master/tests/languages/bro/variable_feature.test,code,.test,577,no,no,no,no,,,,,no,no,0,,no,0,,no,0,,,,not_needed,
docs/_style/prism-master/tests/languages/c+pure/c_inclusion.test,code,.test,543,no,no,no,no,,,,,no,no,0,,no,0,,no,0,,,,not_needed,
docs/_style/prism-master/tests/languages/c/constant_feature.test,code,.test,656,no,no,no,no,,,,,no,no,0,,no,0,,no,0,,,,not_needed,
docs/_style/prism-master/tests/languages/c/keyword_feature.test,code,.test,1533,no,no,no,no,,,,,no,no,0,,no,0,,no,0,,,,not_needed,
docs/_style/prism-master/tests/languages/c/macro_feature.test,code,.test,1127,no,no,no,no,,,,,no,no,0,,no,0,,no,0,,,,not_needed,
docs/_style/prism-master/tests/languages/c/number_feature.test,code,.test,544,no,no,no,no,,,,,no,no,0,,no,0,,no,0,,,,not_needed,
docs/_style/prism-master/tests/languages/c/operator_feature.test,code,.test,1068,no,no,no,no,,,,,no,no,0,,no,0,,no,0,,,,not_needed,
docs/_style/prism-master/tests/languages/cil/asm_reference.test,code,.test,189,no,no,no,no,,,,,no,no,0,,no,0,,no,0,,,,not_needed,
docs/_style/prism-master/tests/languages/cil/boolean.test,code,.test,186,no,no,no,no,,,,,no,no,0,,no,0,,no,0,,,,not_needed,
docs/_style/prism-master/tests/languages/cil/comment.test,code,.test,191,no,no,no,no,,,,,no,no,0,,no,0,,no,0,,,,not_needed,
docs/_style/prism-master/tests/languages/cil/instructions.test,code,.test,7817,no,no,no,no,,,,,no,no,0,,no,0,,no,0,,,,not_needed,
docs/_style/prism-master/tests/languages/cil/keywords.test,code,.test,2787,no,no,no,no,,,,,no,no,0,,no,0,,no,0,,,,not_needed,
docs/_style/prism-master/tests/languages/cil/strings.test,code,.test,184,no,no,no,no,,,,,no,no,0,,no,0,,no,0,,,,not_needed,
docs/_style/prism-master/tests/languages/clike/boolean_feature.test,code,.test,246,no,no,no,no,,,,,no,no,0,,no,0,,no,0,,,,not_needed,
docs/_style/prism-master/tests/languages/clike/class-name_feature.test,code,.test,784,no,no,no,no,,,,,no,no,0,,no,0,,no,0,,,,not_needed,
docs/_style/prism-master/tests/languages/clike/comment_feature.test,code,.test,287,no,no,no,no,,,,,no,no,0,,no,0,,no,0,,,,not_needed,
docs/_style/prism-master/tests/languages/clike/function_feature.test,code,.test,388,no,no,no,no,,,,,no,no,0,,no,0,,no,0,,,,not_needed,
docs/_style/prism-master/tests/languages/clike/issue1340.test,code,.test,242,no,no,no,no,,,,,no,no,0,,no,0,,no,0,,,,not_needed,
docs/_style/prism-master/tests/languages/clike/keyword_feature.test,code,.test,1044,no,no,no,no,,,,,no,no,0,,no,0,,no,0,,,,not_needed,
docs/_style/prism-master/tests/languages/clike/number_feature.test,code,.test,388,no,no,no,no,,,,,no,no,0,,no,0,,no,0,,,,not_needed,
docs/_style/prism-master/tests/languages/clike/operator_feature.test,code,.test,692,no,no,no,no,,,,,no,no,0,,no,0,,no,0,,,,not_needed,
docs/_style/prism-master/tests/languages/clike/string_feature.test,code,.test,638,no,no,no,no,,,,,no,no,0,,no,0,,no,0,,,,not_needed,
docs/_style/prism-master/tests/languages/clojure/boolean_feature.test,code,.test,214,no,no,no,no,,,,,no,no,0,,no,0,,no,0,,,,not_needed,
docs/_style/prism-master/tests/languages/clojure/comment_feature.test,code,.test,257,no,no,no,no,,,,,no,no,0,,no,0,,no,0,,,,not_needed,
docs/_style/prism-master/tests/languages/clojure/keyword_feature.test,code,.test,7093,no,no,no,no,,,,,no,no,0,,no,0,,no,0,,,,not_needed,
docs/_style/prism-master/tests/languages/clojure/operator_and_punctuation.test,code,.test,399,no,no,no,no,,,,,no,no,0,,no,0,,no,0,,,,not_needed,
docs/_style/prism-master/tests/languages/clojure/string_feature.test,code,.test,198,no,no,no,no,,,,,no,no,0,,no,0,,no,0,,,,not_needed,
docs/_style/prism-master/tests/languages/coffeescript+haml/coffeescript_inclusion.test,code,.test,515,no,no,no,no,,,,,no,no,0,,no,0,,no,0,,,,not_needed,
docs/_style/prism-master/tests/languages/coffeescript+pug/coffeescript_inclusion.test,code,.test,322,no,no,no,no,,,,,no,no,0,,no,0,,no,0,,,,not_needed,
docs/_style/prism-master/tests/languages/coffeescript/block-regex_feature.test,code,.test,618,no,no,no,no,,,,,no,no,0,,no,0,,no,0,,,,not_needed,
docs/_style/prism-master/tests/languages/coffeescript/class-member_feature.test,code,.test,224,no,no,no,no,,,,,no,no,0,,no,0,,no,0,,,,not_needed,
docs/_style/prism-master/tests/languages/coffeescript/comment_feature.test,code,.test,309,no,no,no,no,,,,,no,no,0,,no,0,,no,0,,,,not_needed,
docs/_style/prism-master/tests/languages/coffeescript/inline-javascript_feature.test,code,.test,429,no,no,no,no,,,,,no,no,0,,no,0,,no,0,,,,not_needed,
docs/_style/prism-master/tests/languages/coffeescript/keyword_feature.test,code,.test,1663,no,no,no,no,,,,,no,no,0,,no,0,,no,0,,,,not_needed,
docs/_style/prism-master/tests/languages/coffeescript/property_feature.test,code,.test,265,no,no,no,no,,,,,no,no,0,,no,0,,no,0,,,,not_needed,
docs/_style/prism-master/tests/languages/coffeescript/string_feature.test,code,.test,1321,no,no,no,no,,,,,no,no,0,,no,0,,no,0,,,,not_needed,
docs/_style/prism-master/tests/languages/cpp+pure/cpp_inclusion.test,code,.test,306,no,no,no,no,,,,,no,no,0,,no,0,,no,0,,,,not_needed,
docs/_style/prism-master/tests/languages/cpp/boolean_feature.test,code,.test,201,no,no,no,no,,,,,no,no,0,,no,0,,no,0,,,,not_needed,
docs/_style/prism-master/tests/languages/cpp/class-name_feature.test,code,.test,268,no,no,no,no,,,,,no,no,0,,no,0,,no,0,,,,not_needed,
docs/_style/prism-master/tests/languages/cpp/keyword_feature.test,code,.test,2699,no,no,no,no,,,,,no,no,0,,no,0,,no,0,,,,not_needed,
docs/_style/prism-master/tests/languages/cpp/operator_feature.test,code,.test,1299,no,no,no,no,,,,,no,no,0,,no,0,,no,0,,,,not_needed,
docs/_style/prism-master/tests/languages/cpp/raw_string_feature.test,code,.test,370,no,no,no,no,,,,,no,no,0,,no,0,,no,0,,,,not_needed,
docs/_style/prism-master/tests/languages/crystal/attribute_feature.test,code,.test,462,no,no,no,no,,,,,no,no,0,,no,0,,no,0,,,,not_needed,
docs/_style/prism-master/tests/languages/crystal/expansion_feature.test,code,.test,648,no,no,no,no,,,,,no,no,0,,no,0,,no,0,,,,not_needed,
docs/_style/prism-master/tests/languages/crystal/keyword_feature.test,code,.test,1886,no,no,no,no,,,,,no,no,0,,no,0,,no,0,,,,not_needed,
docs/_style/prism-master/tests/languages/crystal/number_feature.test,code,.test,389,no,no,no,no,,,,,no,no,0,,no,0,,no,0,,,,not_needed,
docs/_style/prism-master/tests/languages/csharp+aspnet/directive_feature.test,code,.test,1586,no,no,no,no,,,,,no,no,0,,no,0,,no,0,,,,not_needed,
docs/_style/prism-master/tests/languages/csharp/class-name_feature.test,code,.test,709,no,no,no,no,,,,,no,no,0,,no,0,,no,0,,,,not_needed,
docs/_style/prism-master/tests/languages/csharp/generic_feature.test,code,.test,717,no,no,no,no,,,,,no,no,0,,no,0,,no,0,,,,not_needed,
docs/_style/prism-master/tests/languages/csharp/issue1091.test,code,.test,245,no,no,no,no,,,,,no,no,0,,no,0,,no,0,,,,not_needed,
docs/_style/prism-master/tests/languages/csharp/issue1365.test,code,.test,899,no,no,no,no,,,,,no,no,0,,no,0,,no,0,,,,not_needed,
docs/_style/prism-master/tests/languages/csharp/issue1371.test,code,.test,3408,no,no,no,no,,,,,no,no,0,,no,0,,no,0,,,,not_needed,
docs/_style/prism-master/tests/languages/csharp/issue806.test,code,.test,229,no,no,no,no,,,,,no,no,0,,no,0,,no,0,,,,not_needed,
docs/_style/prism-master/tests/languages/csharp/keyword_feature.test,code,.test,3400,no,no,no,no,,,,,no,no,0,,no,0,,no,0,,,,not_needed,
docs/_style/prism-master/tests/languages/csharp/number_feature.test,code,.test,286,no,no,no,no,,,,,no,no,0,,no,0,,no,0,,,,not_needed,
docs/_style/prism-master/tests/languages/csharp/operator_feature.test,code,.test,1048,no,no,no,no,,,,,no,no,0,,no,0,,no,0,,,,not_needed,
docs/_style/prism-master/tests/languages/csharp/preprocessor_feature.test,code,.test,931,no,no,no,no,,,,,no,no,0,,no,0,,no,0,,,,not_needed,
docs/_style/prism-master/tests/languages/csharp/punctuation_feature.test,code,.test,468,no,no,no,no,,,,,no,no,0,,no,0,,no,0,,,,not_needed,
docs/_style/prism-master/tests/languages/csharp/string_feature.test,code,.test,506,no,no,no,no,,,,,no,no,0,,no,0,,no,0,,,,not_needed,
docs/_style/prism-master/tests/languages/csp/directive_no_value_feature.test,code,.test,254,no,no,no,no,,,,,no,no,0,,no,0,,no,0,,,,not_needed,
docs/_style/prism-master/tests/languages/csp/directive_with_source_expression_feature.test,code,.test,255,no,no,no,no,,,,,no,no,0,,no,0,,no,0,,,,not_needed,
docs/_style/prism-master/tests/languages/csp/safe_feature.test,code,.test,547,no,no,no,no,,,,,no,no,0,,no,0,,no,0,,,,not_needed,
docs/_style/prism-master/tests/languages/csp/unsafe_feature.test,code,.test,391,no,no,no,no,,,,,no,no,0,,no,0,,no,0,,,,not_needed,
docs/_style/prism-master/tests/languages/css!+css-extras/entity_feature.test,code,.test,203,no,no,no,no,,,,,no,no,0,,no,0,,no,0,,,,not_needed,
docs/_style/prism-master/tests/languages/css!+css-extras/hexcode_feature.test,code,.test,279,no,no,no,no,,,,,no,no,0,,no,0,,no,0,,,,not_needed,
docs/_style/prism-master/tests/languages/css!+css-extras/number_feature.test,code,.test,256,no,no,no,no,,,,,no,no,0,,no,0,,no,0,,,,not_needed,
docs/_style/prism-master/tests/languages/css!+css-extras/operator_feature.test,code,.test,1472,no,no,no,no,,,,,no,no,0,,no,0,,no,0,,,,not_needed,
docs/_style/prism-master/tests/languages/css!+css-extras/selector_feature.test,code,.test,1024,no,no,no,no,,,,,no,no,0,,no,0,,no,0,,,,not_needed,
docs/_style/prism-master/tests/languages/css!+css-extras/unit_feature.test,code,.test,400,no,no,no,no,,,,,no,no,0,,no,0,,no,0,,,,not_needed,
docs/_style/prism-master/tests/languages/css!+css-extras/variable_feature.test,code,.test,1049,no,no,no,no,,,,,no,no,0,,no,0,,no,0,,,,not_needed,
docs/_style/prism-master/tests/languages/css+haml/css+haml_usage.test,code,.test,538,no,no,no,no,,,,,no,no,0,,no,0,,no,0,,,,not_needed,
docs/_style/prism-master/tests/languages/css+http/css_inclusion.test,code,.test,461,no,no,no,no,,,,,no,no,0,,no,0,,no,0,,,,not_needed,
docs/_style/prism-master/tests/languages/css+textile/css_inclusion.test,code,.test,3711,no,no,no,no,,,,,no,no,0,,no,0,,no,0,,,,not_needed,
docs/_style/prism-master/tests/languages/css/atrule_feature.test,code,.test,966,no,no,no,no,,,,,no,no,0,,no,0,,no,0,,,,not_needed,
docs/_style/prism-master/tests/languages/css/comment_feature.test,code,.test,309,no,no,no,no,,,,,no,no,0,,no,0,,no,0,,,,not_needed,
docs/_style/prism-master/tests/languages/css/function_feature.test,code,.test,816,no,no,no,no,,,,,no,no,0,,no,0,,no,0,,,,not_needed,
docs/_style/prism-master/tests/languages/css/important_feature.test,code,.test,605,no,no,no,no,,,,,no,no,0,,no,0,,no,0,,,,not_needed,
docs/_style/prism-master/tests/languages/css/property_feature.test,code,.test,585,no,no,no,no,,,,,no,no,0,,no,0,,no,0,,,,not_needed,
docs/_style/prism-master/tests/languages/css/selector_feature.test,code,.test,495,no,no,no,no,,,,,no,no,0,,no,0,,no,0,,,,not_needed,
docs/_style/prism-master/tests/languages/css/string_feature.test,code,.test,438,no,no,no,no,,,,,no,no,0,,no,0,,no,0,,,,not_needed,
docs/_style/prism-master/tests/languages/css/url_feature.test,code,.test,436,no,no,no,no,,,,,no,no,0,,no,0,,no,0,,,,not_needed,
docs/_style/prism-master/tests/languages/d/comment_feature.test,code,.test,576,no,no,no,no,,,,,no,no,0,,no,0,,no,0,,,,not_needed,
docs/_style/prism-master/tests/languages/d/keyword_feature.test,code,.test,4293,no,no,no,no,,,,,no,no,0,,no,0,,no,0,,,,not_needed,
docs/_style/prism-master/tests/languages/d/number_feature.test,code,.test,788,no,no,no,no,,,,,no,no,0,,no,0,,no,0,,,,not_needed,
docs/_style/prism-master/tests/languages/d/operator_feature.test,code,.test,1446,no,no,no,no,,,,,no,no,0,,no,0,,no,0,,,,not_needed,
docs/_style/prism-master/tests/languages/d/property_feature.test,code,.test,420,no,no,no,no,,,,,no,no,0,,no,0,,no,0,,,,not_needed,
docs/_style/prism-master/tests/languages/d/register_feature.test,code,.test,3853,no,no,no,no,,,,,no,no,0,,no,0,,no,0,,,,not_needed,
docs/_style/prism-master/tests/languages/d/string_feature.test,code,.test,1007,no,no,no,no,,,,,no,no,0,,no,0,,no,0,,,,not_needed,
docs/_style/prism-master/tests/languages/d/token-string_feature.test,code,.test,232,no,no,no,no,,,,,no,no,0,,no,0,,no,0,,,,not_needed,
docs/_style/prism-master/tests/languages/dart/keyword_feature.test,code,.test,1755,no,no,no,no,,,,,no,no,0,,no,0,,no,0,,,,not_needed,
docs/_style/prism-master/tests/languages/dart/metadata_feature.test,code,.test,429,no,no,no,no,,,,,no,no,0,,no,0,,no,0,,,,not_needed,
docs/_style/prism-master/tests/languages/dart/operator_feature.test,code,.test,1059,no,no,no,no,,,,,no,no,0,,no,0,,no,0,,,,not_needed,
docs/_style/prism-master/tests/languages/dart/string_feature.test,code,.test,621,no,no,no,no,,,,,no,no,0,,no,0,,no,0,,,,not_needed,
docs/_style/prism-master/tests/languages/diff/coord_feature.test,code,.test,307,no,no,no,no,,,,,no,no,0,,no,0,,no,0,,,,not_needed,
docs/_style/prism-master/tests/languages/diff/diff_feature.test,code,.test,418,no,no,no,no,,,,,no,no,0,,no,0,,no,0,,,,not_needed,
docs/_style/prism-master/tests/languages/django/comment_feature.test,code,.test,336,no,no,no,no,,,,,no,no,0,,no,0,,no,0,,,,not_needed,
docs/_style/prism-master/tests/languages/django/property_feature.test,code,.test,1177,no,no,no,no,,,,,no,no,0,,no,0,,no,0,,,,not_needed,
docs/_style/prism-master/tests/languages/docker/comment_feature.test,code,.test,201,no,no,no,no,,,,,no,no,0,,no,0,,no,0,,,,not_needed,
docs/_style/prism-master/tests/languages/docker/keyword_feature.test,code,.test,1433,no,no,no,no,,,,,no,no,0,,no,0,,no,0,,,,not_needed,
docs/_style/prism-master/tests/languages/docker/string_feature.test,code,.test,367,no,no,no,no,,,,,no,no,0,,no,0,,no,0,,,,not_needed,
docs/_style/prism-master/tests/languages/eiffel/boolean_feature.test,code,.test,201,no,no,no,no,,,,,no,no,0,,no,0,,no,0,,,,not_needed,
docs/_style/prism-master/tests/languages/eiffel/char_feature.test,code,.test,222,no,no,no,no,,,,,no,no,0,,no,0,,no,0,,,,not_needed,
docs/_style/prism-master/tests/languages/eiffel/class-name_feature.test,code,.test,240,no,no,no,no,,,,,no,no,0,,no,0,,no,0,,,,not_needed,
docs/_style/prism-master/tests/languages/eiffel/comment_feature.test,code,.test,254,no,no,no,no,,,,,no,no,0,,no,0,,no,0,,,,not_needed,
docs/_style/prism-master/tests/languages/eiffel/keyword_feature.test,code,.test,1909,no,no,no,no,,,,,no,no,0,,no,0,,no,0,,,,not_needed,
docs/_style/prism-master/tests/languages/eiffel/number_feature.test,code,.test,545,no,no,no,no,,,,,no,no,0,,no,0,,no,0,,,,not_needed,
docs/_style/prism-master/tests/languages/eiffel/operator_feature.test,code,.test,539,no,no,no,no,,,,,no,no,0,,no,0,,no,0,,,,not_needed,
docs/_style/prism-master/tests/languages/eiffel/string_feature.test,code,.test,609,no,no,no,no,,,,,no,no,0,,no,0,,no,0,,,,not_needed,
docs/_style/prism-master/tests/languages/elixir/atom_feature.test,code,.test,232,no,no,no,no,,,,,no,no,0,,no,0,,no,0,,,,not_needed,
docs/_style/prism-master/tests/languages/elixir/attr-name_feature.test,code,.test,573,no,no,no,no,,,,,no,no,0,,no,0,,no,0,,,,not_needed,
docs/_style/prism-master/tests/languages/elixir/attribute_feature.test,code,.test,375,no,no,no,no,,,,,no,no,0,,no,0,,no,0,,,,not_needed,
docs/_style/prism-master/tests/languages/elixir/boolean_feature.test,code,.test,236,no,no,no,no,,,,,no,no,0,,no,0,,no,0,,,,not_needed,
docs/_style/prism-master/tests/languages/elixir/capture_feature.test,code,.test,770,no,no,no,no,,,,,no,no,0,,no,0,,no,0,,,,not_needed,
docs/_style/prism-master/tests/languages/elixir/comment_feature.test,code,.test,262,no,no,no,no,,,,,no,no,0,,no,0,,no,0,,,,not_needed,
docs/_style/prism-master/tests/languages/elixir/issue1392.test,code,.test,318,no,no,no,no,,,,,no,no,0,,no,0,,no,0,,,,not_needed,
docs/_style/prism-master/tests/languages/elixir/issue775.test,code,.test,336,no,no,no,no,,,,,no,no,0,,no,0,,no,0,,,,not_needed,
docs/_style/prism-master/tests/languages/elixir/keyword_feature.test,code,.test,996,no,no,no,no,,,,,no,no,0,,no,0,,no,0,,,,not_needed,
docs/_style/prism-master/tests/languages/elixir/number_feature.test,code,.test,491,no,no,no,no,,,,,no,no,0,,no,0,,no,0,,,,not_needed,
docs/_style/prism-master/tests/languages/elixir/operator_feature.test,code,.test,918,no,no,no,no,,,,,no,no,0,,no,0,,no,0,,,,not_needed,
docs/_style/prism-master/tests/languages/elixir/regex_feature.test,code,.test,629,no,no,no,no,,,,,no,no,0,,no,0,,no,0,,,,not_needed,
docs/_style/prism-master/tests/languages/elixir/string_feature.test,code,.test,1828,no,no,no,no,,,,,no,no,0,,no,0,,no,0,,,,not_needed,
docs/_style/prism-master/tests/languages/elm/builtin_feature.test,code,.test,1273,no,no,no,no,,,,,no,no,0,,no,0,,no,0,,,,not_needed,
docs/_style/prism-master/tests/languages/elm/char_feature.test,code,.test,276,no,no,no,no,,,,,no,no,0,,no,0,,no,0,,,,not_needed,
docs/_style/prism-master/tests/languages/elm/comment_feature.test,code,.test,252,no,no,no,no,,,,,no,no,0,,no,0,,no,0,,,,not_needed,
docs/_style/prism-master/tests/languages/elm/constant_feature.test,code,.test,254,no,no,no,no,,,,,no,no,0,,no,0,,no,0,,,,not_needed,
docs/_style/prism-master/tests/languages/elm/hvariable_feature.test,code,.test,258,no,no,no,no,,,,,no,no,0,,no,0,,no,0,,,,not_needed,
docs/_style/prism-master/tests/languages/elm/import_statement_feature.test,code,.test,964,no,no,no,no,,,,,no,no,0,,no,0,,no,0,,,,not_needed,
docs/_style/prism-master/tests/languages/elm/keyword_feature.test,code,.test,530,no,no,no,no,,,,,no,no,0,,no,0,,no,0,,,,not_needed,
docs/_style/prism-master/tests/languages/elm/number_feature.test,code,.test,352,no,no,no,no,,,,,no,no,0,,no,0,,no,0,,,,not_needed,
docs/_style/prism-master/tests/languages/elm/operator_feature.test,code,.test,956,no,no,no,no,,,,,no,no,0,,no,0,,no,0,,,,not_needed,
docs/_style/prism-master/tests/languages/elm/string_feature.test,code,.test,404,no,no,no,no,,,,,no,no,0,,no,0,,no,0,,,,not_needed,
docs/_style/prism-master/tests/languages/erb/erb_feature.test,code,.test,709,no,no,no,no,,,,,no,no,0,,no,0,,no,0,,,,not_needed,
docs/_style/prism-master/tests/languages/erb/erb_in_markup_feature.test,code,.test,940,no,no,no,no,,,,,no,no,0,,no,0,,no,0,,,,not_needed,
docs/_style/prism-master/tests/languages/erlang/atom_feature.test,code,.test,299,no,no,no,no,,,,,no,no,0,,no,0,,no,0,,,,not_needed,
docs/_style/prism-master/tests/languages/erlang/boolean_feature.test,code,.test,201,no,no,no,no,,,,,no,no,0,,no,0,,no,0,,,,not_needed,
docs/_style/prism-master/tests/languages/erlang/comment_feature.test,code,.test,180,no,no,no,no,,,,,no,no,0,,no,0,,no,0,,,,not_needed,
docs/_style/prism-master/tests/languages/erlang/function_feature.test,code,.test,416,no,no,no,no,,,,,no,no,0,,no,0,,no,0,,,,not_needed,
docs/_style/prism-master/tests/languages/erlang/keyword_feature.test,code,.test,410,no,no,no,no,,,,,no,no,0,,no,0,,no,0,,,,not_needed,
docs/_style/prism-master/tests/languages/erlang/number_feature.test,code,.test,383,no,no,no,no,,,,,no,no,0,,no,0,,no,0,,,,not_needed,
docs/_style/prism-master/tests/languages/erlang/operator_feature.test,code,.test,920,no,no,no,no,,,,,no,no,0,,no,0,,no,0,,,,not_needed,
docs/_style/prism-master/tests/languages/erlang/string_feature.test,code,.test,206,no,no,no,no,,,,,no,no,0,,no,0,,no,0,,,,not_needed,
docs/_style/prism-master/tests/languages/erlang/variable_feature.test,code,.test,262,no,no,no,no,,,,,no,no,0,,no,0,,no,0,,,,not_needed,
docs/_style/prism-master/tests/languages/flow/flow-punctuation_feature.test,code,.test,289,no,no,no,no,,,,,no,no,0,,no,0,,no,0,,,,not_needed,
docs/_style/prism-master/tests/languages/flow/function-variable_feature.test,code,.test,690,no,no,no,no,,,,,no,no,0,,no,0,,no,0,,,,not_needed,
docs/_style/prism-master/tests/languages/flow/keyword_feature.test,code,.test,656,no,no,no,no,,,,,no,no,0,,no,0,,no,0,,,,not_needed,
docs/_style/prism-master/tests/languages/flow/type_feature.test,code,.test,460,no,no,no,no,,,,,no,no,0,,no,0,,no,0,,,,not_needed,
docs/_style/prism-master/tests/languages/fortran+pure/fortran_inclusion.test,code,.test,327,no,no,no,no,,,,,no,no,0,,no,0,,no,0,,,,not_needed,
docs/_style/prism-master/tests/languages/fortran/boolean_feature.test,code,.test,208,no,no,no,no,,,,,no,no,0,,no,0,,no,0,,,,not_needed,
docs/_style/prism-master/tests/languages/fortran/comment_feature.test,code,.test,306,no,no,no,no,,,,,no,no,0,,no,0,,no,0,,,,not_needed,
docs/_style/prism-master/tests/languages/fortran/keyword_feature.test,code,.test,3315,no,no,no,no,,,,,no,no,0,,no,0,,no,0,,,,not_needed,
docs/_style/prism-master/tests/languages/fortran/number_feature.test,code,.test,702,no,no,no,no,,,,,no,no,0,,no,0,,no,0,,,,not_needed,
docs/_style/prism-master/tests/languages/fortran/operator_feature.test,code,.test,864,no,no,no,no,,,,,no,no,0,,no,0,,no,0,,,,not_needed,
docs/_style/prism-master/tests/languages/fortran/string_feature.test,code,.test,601,no,no,no,no,,,,,no,no,0,,no,0,,no,0,,,,not_needed,
docs/_style/prism-master/tests/languages/fsharp/annotation_feature.test,code,.test,670,no,no,no,no,,,,,no,no,0,,no,0,,no,0,,,,not_needed,
docs/_style/prism-master/tests/languages/fsharp/class-name_feature.test,code,.test,3602,no,no,no,no,,,,,no,no,0,,no,0,,no,0,,,,not_needed,
docs/_style/prism-master/tests/languages/fsharp/comment_feature.test,code,.test,287,no,no,no,no,,,,,no,no,0,,no,0,,no,0,,,,not_needed,
docs/_style/prism-master/tests/languages/fsharp/computation-expression_feature.test,code,.test,503,no,no,no,no,,,,,no,no,0,,no,0,,no,0,,,,not_needed,
docs/_style/prism-master/tests/languages/fsharp/issue1480.test,code,.test,837,no,no,no,no,,,,,no,no,0,,no,0,,no,0,,,,not_needed,
docs/_style/prism-master/tests/languages/fsharp/keyword_feature.test,code,.test,3345,no,no,no,no,,,,,no,no,0,,no,0,,no,0,,,,not_needed,
docs/_style/prism-master/tests/languages/fsharp/number_feature.test,code,.test,1008,no,no,no,no,,,,,no,no,0,,no,0,,no,0,,,,not_needed,
docs/_style/prism-master/tests/languages/fsharp/operator_feature.test,code,.test,2059,no,no,no,no,,,,,no,no,0,,no,0,,no,0,,,,not_needed,
docs/_style/prism-master/tests/languages/fsharp/preprocessor_feature.test,code,.test,516,no,no,no,no,,,,,no,no,0,,no,0,,no,0,,,,not_needed,
docs/_style/prism-master/tests/languages/fsharp/string_feature.test,code,.test,768,no,no,no,no,,,,,no,no,0,,no,0,,no,0,,,,not_needed,
docs/_style/prism-master/tests/languages/gcode/checksum_feature.test,code,.test,185,no,no,no,no,,,,,no,no,0,,no,0,,no,0,,,,not_needed,
docs/_style/prism-master/tests/languages/gcode/comment_feature.test,code,.test,347,no,no,no,no,,,,,no,no,0,,no,0,,no,0,,,,not_needed,
docs/_style/prism-master/tests/languages/gcode/keyword_feature.test,code,.test,304,no,no,no,no,,,,,no,no,0,,no,0,,no,0,,,,not_needed,
docs/_style/prism-master/tests/languages/gcode/property_feature.test,code,.test,338,no,no,no,no,,,,,no,no,0,,no,0,,no,0,,,,not_needed,
docs/_style/prism-master/tests/languages/gcode/string_feature.test,code,.test,296,no,no,no,no,,,,,no,no,0,,no,0,,no,0,,,,not_needed,
docs/_style/prism-master/tests/languages/gedcom/level_feature.test,code,.test,340,no,no,no,no,,,,,no,no,0,,no,0,,no,0,,,,not_needed,
docs/_style/prism-master/tests/languages/gedcom/line-value_feature.test,code,.test,839,no,no,no,no,,,,,no,no,0,,no,0,,no,0,,,,not_needed,
docs/_style/prism-master/tests/languages/gedcom/pointer_feature.test,code,.test,500,no,no,no,no,,,,,no,no,0,,no,0,,no,0,,,,not_needed,
docs/_style/prism-master/tests/languages/gedcom/tag_feature.test,code,.test,410,no,no,no,no,,,,,no,no,0,,no,0,,no,0,,,,not_needed,
docs/_style/prism-master/tests/languages/gherkin/atrule_feature.test,code,.test,24704,no,no,no,no,,,,,no,no,0,,no,0,,no,0,,,,not_needed,
docs/_style/prism-master/tests/languages/gherkin/comment_feature.test,code,.test,241,no,no,no,no,,,,,no,no,0,,no,0,,no,0,,,,not_needed,
docs/_style/prism-master/tests/languages/gherkin/feature_feature.test,code,.test,9142,no,no,no,no,,,,,no,no,0,,no,0,,no,0,,,,not_needed,
docs/_style/prism-master/tests/languages/gherkin/outline_feature.test,code,.test,185,no,no,no,no,,,,,no,no,0,,no,0,,no,0,,,,not_needed,
docs/_style/prism-master/tests/languages/gherkin/pystring_feature.test,code,.test,278,no,no,no,no,,,,,no,no,0,,no,0,,no,0,,,,not_needed,
docs/_style/prism-master/tests/languages/gherkin/scenario_feature.test,code,.test,28671,no,no,no,no,,,,,no,no,0,,no,0,,no,0,,,,not_needed,
docs/_style/prism-master/tests/languages/gherkin/string_feature.test,code,.test,491,no,no,no,no,,,,,no,no,0,,no,0,,no,0,,,,not_needed,
docs/_style/prism-master/tests/languages/gherkin/table_feature.test,code,.test,950,no,no,no,no,,,,,no,no,0,,no,0,,no,0,,,,not_needed,
docs/_style/prism-master/tests/languages/gherkin/tag_feature.test,code,.test,291,no,no,no,no,,,,,no,no,0,,no,0,,no,0,,,,not_needed,
docs/_style/prism-master/tests/languages/git/command_feature.test,code,.test,430,no,no,no,no,,,,,no,no,0,,no,0,,no,0,,,,not_needed,
docs/_style/prism-master/tests/languages/git/comment_feature.test,code,.test,415,no,no,no,no,,,,,no,no,0,,no,0,,no,0,,,,not_needed,
docs/_style/prism-master/tests/languages/git/commit_sha1_feature.test,code,.test,501,no,no,no,no,,,,,no,no,0,,no,0,,no,0,,,,not_needed,
docs/_style/prism-master/tests/languages/git/coord_feature.test,code,.test,259,no,no,no,no,,,,,no,no,0,,no,0,,no,0,,,,not_needed,
docs/_style/prism-master/tests/languages/git/diff_feature.test,code,.test,957,no,no,no,no,,,,,no,no,0,,no,0,,no,0,,,,not_needed,
docs/_style/prism-master/tests/languages/git/string_feature.test,code,.test,284,no,no,no,no,,,,,no,no,0,,no,0,,no,0,,,,not_needed,
docs/_style/prism-master/tests/languages/glsl/comment_feature.test,code,.test,327,no,no,no,no,,,,,no,no,0,,no,0,,no,0,,,,not_needed,
docs/_style/prism-master/tests/languages/glsl/keyword_feature.test,code,.test,7520,no,no,no,no,,,,,no,no,0,,no,0,,no,0,,,,not_needed,
docs/_style/prism-master/tests/languages/glsl/number_feature.test,code,.test,462,no,no,no,no,,,,,no,no,0,,no,0,,no,0,,,,not_needed,
docs/_style/prism-master/tests/languages/glsl/preprocessor_feature.test,code,.test,658,no,no,no,no,,,,,no,no,0,,no,0,,no,0,,,,not_needed,
docs/_style/prism-master/tests/languages/go/boolean_feature.test,code,.test,290,no,no,no,no,,,,,no,no,0,,no,0,,no,0,,,,not_needed,
docs/_style/prism-master/tests/languages/go/builtin_feature.test,code,.test,1250,no,no,no,no,,,,,no,no,0,,no,0,,no,0,,,,not_needed,
docs/_style/prism-master/tests/languages/go/keyword_feature.test,code,.test,927,no,no,no,no,,,,,no,no,0,,no,0,,no,0,,,,not_needed,
docs/_style/prism-master/tests/languages/go/number_feature.test,code,.test,771,no,no,no,no,,,,,no,no,0,,no,0,,no,0,,,,not_needed,
docs/_style/prism-master/tests/languages/go/operator_feature.test,code,.test,1008,no,no,no,no,,,,,no,no,0,,no,0,,no,0,,,,not_needed,
docs/_style/prism-master/tests/languages/go/string_feature.test,code,.test,617,no,no,no,no,,,,,no,no,0,,no,0,,yes,1,L3:'本',Chinese code comments,,not_started,
docs/_style/prism-master/tests/languages/graphql/attr-name_feature.test,code,.test,496,no,no,no,no,,,,,no,no,0,,no,0,,no,0,,,,not_needed,
docs/_style/prism-master/tests/languages/graphql/boolean_feature.test,code,.test,201,no,no,no,no,,,,,no,no,0,,no,0,,no,0,,,,not_needed,
docs/_style/prism-master/tests/languages/graphql/comment_feature.test,code,.test,201,no,no,no,no,,,,,no,no,0,,no,0,,no,0,,,,not_needed,
docs/_style/prism-master/tests/languages/graphql/directive_feature.test,code,.test,214,no,no,no,no,,,,,no,no,0,,no,0,,no,0,,,,not_needed,
docs/_style/prism-master/tests/languages/graphql/keyword_feature.test,code,.test,406,no,no,no,no,,,,,no,no,0,,no,0,,no,0,,,,not_needed,
docs/_style/prism-master/tests/languages/graphql/number_feature.test,code,.test,332,no,no,no,no,,,,,no,no,0,,no,0,,no,0,,,,not_needed,
docs/_style/prism-master/tests/languages/graphql/string_feature.test,code,.test,262,no,no,no,no,,,,,no,no,0,,no,0,,no,0,,,,not_needed,
docs/_style/prism-master/tests/languages/graphql/variable_feature.test,code,.test,214,no,no,no,no,,,,,no,no,0,,no,0,,no,0,,,,not_needed,
docs/_style/prism-master/tests/languages/groovy/annotation_feature.test,code,.test,368,no,no,no,no,,,,,no,no,0,,no,0,,no,0,,,,not_needed,
docs/_style/prism-master/tests/languages/groovy/issue1049.js,code,.js,462,no,no,no,no,,,,,no,no,0,,no,0,,no,0,,,,not_needed,
docs/_style/prism-master/tests/languages/groovy/keyword_feature.test,code,.test,1958,no,no,no,no,,,,,no,no,0,,no,0,,no,0,,,,not_needed,
docs/_style/prism-master/tests/languages/groovy/number_feature.test,code,.test,824,no,no,no,no,,,,,no,no,0,,no,0,,no,0,,,,not_needed,
docs/_style/prism-master/tests/languages/groovy/operator_feature.test,code,.test,1410,no,no,no,no,,,,,no,no,0,,no,0,,no,0,,,,not_needed,
docs/_style/prism-master/tests/languages/groovy/shebang_feature.test,code,.test,248,no,no,no,no,,,,,no,no,0,,no,0,,no,0,,,,not_needed,
docs/_style/prism-master/tests/languages/groovy/spock-block_feature.test,code,.test,443,no,no,no,no,,,,,no,no,0,,no,0,,no,0,,,,not_needed,
docs/_style/prism-master/tests/languages/groovy/string-interpolation_feature.js,code,.js,2551,no,no,no,no,,,,,no,no,0,,no,0,,no,0,,,,not_needed,
docs/_style/prism-master/tests/languages/groovy/string_feature.test,code,.test,1062,no,no,no,no,,,,,no,no,0,,no,0,,no,0,,,,not_needed,
docs/_style/prism-master/tests/languages/haml/code_feature.test,code,.test,453,no,no,no,no,,,,,no,no,0,,no,0,,no,0,,,,not_needed,
docs/_style/prism-master/tests/languages/haml/doctype_feature.test,code,.test,242,no,no,no,no,,,,,no,no,0,,no,0,,no,0,,,,not_needed,
docs/_style/prism-master/tests/languages/haml/interpolation_feature.test,code,.test,384,no,no,no,no,,,,,no,no,0,,no,0,,no,0,,,,not_needed,
docs/_style/prism-master/tests/languages/haml/multiline-code_feature.test,code,.test,1988,no,no,no,no,,,,,no,no,0,,no,0,,no,0,,,,not_needed,
docs/_style/prism-master/tests/languages/haml/multiline-comment_feature.test,code,.test,747,no,no,no,no,,,,,no,no,0,,no,0,,no,0,,,,not_needed,
docs/_style/prism-master/tests/languages/haml/tag_feature.test,code,.test,3134,no,no,no,no,,,,,no,no,0,,no,0,,no,0,,,,not_needed,
docs/_style/prism-master/tests/languages/handlebars+pug/handlebars_inclusion.test,code,.test,284,no,no,no,no,,,,,no,no,0,,no,0,,no,0,,,,not_needed,
docs/_style/prism-master/tests/languages/handlebars/block_feature.test,code,.test,696,no,no,no,no,,,,,no,no,0,,no,0,,no,0,,,,not_needed,
docs/_style/prism-master/tests/languages/handlebars/boolean_feature.test,code,.test,355,no,no,no,no,,,,,no,no,0,,no,0,,no,0,,,,not_needed,
docs/_style/prism-master/tests/languages/handlebars/comment_feature.test,code,.test,437,no,no,no,no,,,,,no,no,0,,no,0,,no,0,,,,not_needed,
docs/_style/prism-master/tests/languages/handlebars/handlebars_in_markup_feature.test,code,.test,1071,no,no,no,no,,,,,no,no,0,,no,0,,no,0,,,,not_needed,
docs/_style/prism-master/tests/languages/handlebars/number_feature.test,code,.test,691,no,no,no,no,,,,,no,no,0,,no,0,,no,0,,,,not_needed,
docs/_style/prism-master/tests/languages/handlebars/string_feature.test,code,.test,559,no,no,no,no,,,,,no,no,0,,no,0,,no,0,,,,not_needed,
docs/_style/prism-master/tests/languages/haskell/builtin_feature.test,code,.test,7150,no,no,no,no,,,,,no,no,0,,no,0,,no,0,,,,not_needed,
docs/_style/prism-master/tests/languages/haskell/char_feature.test,code,.test,249,no,no,no,no,,,,,no,no,0,,no,0,,no,0,,,,not_needed,
docs/_style/prism-master/tests/languages/haskell/comment_feature.test,code,.test,252,no,no,no,no,,,,,no,no,0,,no,0,,no,0,,,,not_needed,
docs/_style/prism-master/tests/languages/haskell/constant_feature.test,code,.test,254,no,no,no,no,,,,,no,no,0,,no,0,,no,0,,,,not_needed,
docs/_style/prism-master/tests/languages/haskell/hvariable_feature.test,code,.test,258,no,no,no,no,,,,,no,no,0,,no,0,,no,0,,,,not_needed,
docs/_style/prism-master/tests/languages/haskell/import_statement_feature.test,code,.test,662,no,no,no,no,,,,,no,no,0,,no,0,,no,0,,,,not_needed,
docs/_style/prism-master/tests/languages/haskell/keyword_feature.test,code,.test,684,no,no,no,no,,,,,no,no,0,,no,0,,no,0,,,,not_needed,
docs/_style/prism-master/tests/languages/haskell/number_feature.test,code,.test,385,no,no,no,no,,,,,no,no,0,,no,0,,no,0,,,,not_needed,
docs/_style/prism-master/tests/languages/haskell/operator_feature.test,code,.test,1069,no,no,no,no,,,,,no,no,0,,no,0,,no,0,,,,not_needed,
docs/_style/prism-master/tests/languages/haskell/string_feature.test,code,.test,342,no,no,no,no,,,,,no,no,0,,no,0,,no,0,,,,not_needed,
docs/_style/prism-master/tests/languages/haxe/keyword_feature.test,code,.test,1459,no,no,no,no,,,,,no,no,0,,no,0,,no,0,,,,not_needed,
docs/_style/prism-master/tests/languages/haxe/metadata_feature.test,code,.test,345,no,no,no,no,,,,,no,no,0,,no,0,,no,0,,,,not_needed,
docs/_style/prism-master/tests/languages/haxe/operator_feature.test,code,.test,723,no,no,no,no,,,,,no,no,0,,no,0,,no,0,,,,not_needed,
docs/_style/prism-master/tests/languages/haxe/preprocessor_feature.test,code,.test,298,no,no,no,no,,,,,no,no,0,,no,0,,no,0,,,,not_needed,
docs/_style/prism-master/tests/languages/haxe/regex_feature.test,code,.test,344,no,no,no,no,,,,,no,no,0,,no,0,,no,0,,,,not_needed,
docs/_style/prism-master/tests/languages/haxe/reification_feature.test,code,.test,308,no,no,no,no,,,,,no,no,0,,no,0,,no,0,,,,not_needed,
docs/_style/prism-master/tests/languages/haxe/string_feature.test,code,.test,642,no,no,no,no,,,,,no,no,0,,no,0,,no,0,,,,not_needed,
docs/_style/prism-master/tests/languages/hpkp/safe_maxage_feature.test,code,.test,232,no,no,no,no,,,,,no,no,0,,no,0,,no,0,,,,not_needed,
docs/_style/prism-master/tests/languages/hpkp/sha256_pin_feature.test,code,.test,296,no,no,no,no,,,,,no,no,0,,no,0,,no,0,,,,not_needed,
docs/_style/prism-master/tests/languages/hpkp/unsafe_maxage_feature.test,code,.test,227,no,no,no,no,,,,,no,no,0,,no,0,,no,0,,,,not_needed,
docs/_style/prism-master/tests/languages/hsts/include_subdomains_feature.test,code,.test,233,no,no,no,no,,,,,no,no,0,,no,0,,no,0,,,,not_needed,
docs/_style/prism-master/tests/languages/hsts/preload_feature.test,code,.test,203,no,no,no,no,,,,,no,no,0,,no,0,,no,0,,,,not_needed,
docs/_style/prism-master/tests/languages/hsts/safe_maxage_feature.test,code,.test,232,no,no,no,no,,,,,no,no,0,,no,0,,no,0,,,,not_needed,
docs/_style/prism-master/tests/languages/hsts/unsafe_maxage_feature.test,code,.test,227,no,no,no,no,,,,,no,no,0,,no,0,,no,0,,,,not_needed,
docs/_style/prism-master/tests/languages/http/header-name_feature.test,code,.test,662,no,no,no,no,,,,,no,no,0,,no,0,,no,0,,,,not_needed,
docs/_style/prism-master/tests/languages/http/request-line_feature.test,code,.test,1311,no,no,no,no,,,,,no,no,0,,no,0,,no,0,,,,not_needed,
docs/_style/prism-master/tests/languages/http/response-status_feature.test,code,.test,554,no,no,no,no,,,,,no,no,0,,no,0,,no,0,,,,not_needed,
docs/_style/prism-master/tests/languages/ichigojam/comment_feature.test,code,.test,289,no,no,no,no,,,,,no,no,0,,no,0,,no,0,,,,not_needed,
docs/_style/prism-master/tests/languages/ichigojam/function_feature.test,code,.test,841,no,no,no,no,,,,,no,no,0,,no,0,,no,0,,,,not_needed,
docs/_style/prism-master/tests/languages/ichigojam/keyword_feature.test,code,.test,1615,no,no,no,no,,,,,no,no,0,,no,0,,no,0,,,,not_needed,
docs/_style/prism-master/tests/languages/ichigojam/label_feature.test,code,.test,206,no,no,no,no,,,,,no,no,0,,no,0,,no,0,,,,not_needed,
docs/_style/prism-master/tests/languages/ichigojam/number_feature.test,code,.test,378,no,no,no,no,,,,,no,no,0,,no,0,,no,0,,,,not_needed,
docs/_style/prism-master/tests/languages/ichigojam/operator_feature.test,code,.test,598,no,no,no,no,,,,,no,no,0,,no,0,,no,0,,,,not_needed,
docs/_style/prism-master/tests/languages/ichigojam/string_feature.test,code,.test,210,no,no,no,no,,,,,no,no,0,,no,0,,no,0,,,,not_needed,
docs/_style/prism-master/tests/languages/icon/builtin-keyword_feature.test,code,.test,1890,no,no,no,no,,,,,no,no,0,,no,0,,no,0,,,,not_needed,
docs/_style/prism-master/tests/languages/icon/comment_feature.test,code,.test,201,no,no,no,no,,,,,no,no,0,,no,0,,no,0,,,,not_needed,
docs/_style/prism-master/tests/languages/icon/directive_feature.test,code,.test,372,no,no,no,no,,,,,no,no,0,,no,0,,no,0,,,,not_needed,
docs/_style/prism-master/tests/languages/icon/function_feature.test,code,.test,406,no,no,no,no,,,,,no,no,0,,no,0,,no,0,,,,not_needed,
docs/_style/prism-master/tests/languages/icon/keyword_feature.test,code,.test,1030,no,no,no,no,,,,,no,no,0,,no,0,,no,0,,,,not_needed,
docs/_style/prism-master/tests/languages/icon/number_feature.test,code,.test,476,no,no,no,no,,,,,no,no,0,,no,0,,no,0,,,,not_needed,
docs/_style/prism-master/tests/languages/icon/operator_feature.test,code,.test,1881,no,no,no,no,,,,,no,no,0,,no,0,,no,0,,,,not_needed,
docs/_style/prism-master/tests/languages/icon/string_feature.test,code,.test,347,no,no,no,no,,,,,no,no,0,,no,0,,no,0,,,,not_needed,
docs/_style/prism-master/tests/languages/inform7/comment_feature.test,code,.test,233,no,no,no,no,,,,,no,no,0,,no,0,,no,0,,,,not_needed,
docs/_style/prism-master/tests/languages/inform7/keyword_feature.test,code,.test,1509,no,no,no,no,,,,,no,no,0,,no,0,,no,0,,,,not_needed,
docs/_style/prism-master/tests/languages/inform7/number_feature.test,code,.test,572,no,no,no,no,,,,,no,no,0,,no,0,,no,0,,,,not_needed,
docs/_style/prism-master/tests/languages/inform7/position_feature.test,code,.test,1308,no,no,no,no,,,,,no,no,0,,no,0,,no,0,,,,not_needed,
docs/_style/prism-master/tests/languages/inform7/property_feature.test,code,.test,3063,no,no,no,no,,,,,no,no,0,,no,0,,no,0,,,,not_needed,
docs/_style/prism-master/tests/languages/inform7/string_feature.test,code,.test,1425,no,no,no,no,,,,,no,no,0,,no,0,,no,0,,,,not_needed,
docs/_style/prism-master/tests/languages/inform7/title_feature.test,code,.test,451,no,no,no,no,,,,,no,no,0,,no,0,,no,0,,,,not_needed,
docs/_style/prism-master/tests/languages/inform7/variable_feature.test,code,.test,2188,no,no,no,no,,,,,no,no,0,,no,0,,no,0,,,,not_needed,
docs/_style/prism-master/tests/languages/inform7/verb_feature.test,code,.test,3406,no,no,no,no,,,,,no,no,0,,no,0,,no,0,,,,not_needed,
docs/_style/prism-master/tests/languages/ini/comment_feature.test,code,.test,201,no,no,no,no,,,,,no,no,0,,no,0,,no,0,,,,not_needed,
docs/_style/prism-master/tests/languages/ini/key_value_feature.test,code,.test,342,no,no,no,no,,,,,no,no,0,,no,0,,no,0,,,,not_needed,
docs/_style/prism-master/tests/languages/ini/selector_feature.test,code,.test,221,no,no,no,no,,,,,no,no,0,,no,0,,no,0,,,,not_needed,
docs/_style/prism-master/tests/languages/io/comment_feature.test,code,.test,314,no,no,no,no,,,,,no,no,0,,no,0,,no,0,,,,not_needed,
docs/_style/prism-master/tests/languages/io/number_feature.test,code,.test,321,no,no,no,no,,,,,no,no,0,,no,0,,no,0,,,,not_needed,
docs/_style/prism-master/tests/languages/io/operator_feature.test,code,.test,1158,no,no,no,no,,,,,no,no,0,,no,0,,no,0,,,,not_needed,
docs/_style/prism-master/tests/languages/io/string_feature.test,code,.test,484,no,no,no,no,,,,,no,no,0,,no,0,,no,0,,,,not_needed,
docs/_style/prism-master/tests/languages/j/adverb_feature.test,code,.test,380,no,no,no,no,,,,,no,no,0,,no,0,,no,0,,,,not_needed,
docs/_style/prism-master/tests/languages/j/comment_feature.test,code,.test,211,no,no,no,no,,,,,no,no,0,,no,0,,no,0,,,,not_needed,
docs/_style/prism-master/tests/languages/j/conjunction_feature.test,code,.test,892,no,no,no,no,,,,,no,no,0,,no,0,,no,0,,,,not_needed,
docs/_style/prism-master/tests/languages/j/keyword_feature.test,code,.test,1240,no,no,no,no,,,,,no,no,0,,no,0,,no,0,,,,not_needed,
docs/_style/prism-master/tests/languages/j/number_feature.test,code,.test,1227,no,no,no,no,,,,,no,no,0,,no,0,,no,0,,,,not_needed,
docs/_style/prism-master/tests/languages/j/string_feature.test,code,.test,204,no,no,no,no,,,,,no,no,0,,no,0,,no,0,,,,not_needed,
docs/_style/prism-master/tests/languages/j/verb_feature.test,code,.test,1971,no,no,no,no,,,,,no,no,0,,no,0,,no,0,,,,not_needed,
docs/_style/prism-master/tests/languages/java/function_featrue.test,code,.test,556,no,no,no,no,,,,,no,no,0,,no,0,,no,0,,,,not_needed,
docs/_style/prism-master/tests/languages/java/generics_feature.test,code,.test,1451,no,no,no,no,,,,,no,no,0,,no,0,,no,0,,,,not_needed,
docs/_style/prism-master/tests/languages/java/issue1351.test,code,.test,682,no,no,no,no,,,,,no,no,0,,no,0,,no,0,,,,not_needed,
docs/_style/prism-master/tests/languages/java/keyword_feature.test,code,.test,2045,no,no,no,no,,,,,no,no,0,,no,0,,no,0,,,,not_needed,
docs/_style/prism-master/tests/languages/java/module_feature.test,code,.test,2906,no,no,no,no,,,,,no,no,0,,no,0,,no,0,,,,not_needed,
docs/_style/prism-master/tests/languages/java/number_feature.test,code,.test,836,no,no,no,no,,,,,no,no,0,,no,0,,no,0,,,,not_needed,
docs/_style/prism-master/tests/languages/java/operator_feature.test,code,.test,1044,no,no,no,no,,,,,no,no,0,,no,0,,no,0,,,,not_needed,
docs/_style/prism-master/tests/languages/java/package_feature.test,code,.test,1354,no,no,no,no,,,,,no,no,0,,no,0,,no,0,,,,not_needed,
docs/_style/prism-master/tests/languages/javascript+haml/javascript_inclusion.test,code,.test,466,no,no,no,no,,,,,no,no,0,,no,0,,no,0,,,,not_needed,
docs/_style/prism-master/tests/languages/javascript+http/javascript_inclusion.test,code,.test,419,no,no,no,no,,,,,no,no,0,,no,0,,no,0,,,,not_needed,
docs/_style/prism-master/tests/languages/javascript/boolean_feature.test,code,.test,201,no,no,no,no,,,,,no,no,0,,no,0,,no,0,,,,not_needed,
docs/_style/prism-master/tests/languages/javascript/class-method_feature.test,code,.test,1066,no,no,no,no,,,,,no,no,0,,no,0,,no,0,,,,not_needed,
docs/_style/prism-master/tests/languages/javascript/constant_feature.test,code,.test,399,no,no,no,no,,,,,no,no,0,,no,0,,no,0,,,,not_needed,
docs/_style/prism-master/tests/languages/javascript/function-variable_feature.test,code,.test,2105,no,no,no,no,,,,,no,no,0,,no,0,,no,0,,,,not_needed,
docs/_style/prism-master/tests/languages/javascript/function_feature.test,code,.test,987,no,no,no,no,,,,,no,no,0,,no,0,,no,0,,,,not_needed,
docs/_style/prism-master/tests/languages/javascript/issue1337.test,code,.test,291,no,no,no,no,,,,,no,no,0,,no,0,,no,0,,,,not_needed,
docs/_style/prism-master/tests/languages/javascript/issue1340.test,code,.test,369,no,no,no,no,,,,,no,no,0,,no,0,,no,0,,,,not_needed,
docs/_style/prism-master/tests/languages/javascript/issue1397.test,code,.test,426,no,no,no,no,,,,,no,no,0,,no,0,,no,0,,,,not_needed,
docs/_style/prism-master/tests/languages/javascript/issue1526.test,code,.test,813,no,no,no,no,,,,,no,no,0,,no,0,,no,0,,,,not_needed,
docs/_style/prism-master/tests/languages/javascript/keyword_feature.test,code,.test,2806,no,no,no,no,,,,,no,no,0,,no,0,,no,0,,,,not_needed,
docs/_style/prism-master/tests/languages/javascript/number_feature.test,code,.test,650,no,no,no,no,,,,,no,no,0,,no,0,,no,0,,,,not_needed,
docs/_style/prism-master/tests/languages/javascript/operator_feature.test,code,.test,1138,no,no,no,no,,,,,no,no,0,,no,0,,no,0,,,,not_needed,
docs/_style/prism-master/tests/languages/javascript/regex_feature.test,code,.test,881,no,no,no,no,,,,,no,no,0,,no,0,,no,0,,,,not_needed,
docs/_style/prism-master/tests/languages/javascript/supposed-classes_feature.test,code,.test,574,no,no,no,no,,,,,no,no,0,,no,0,,no,0,,,,not_needed,
docs/_style/prism-master/tests/languages/javascript/supposed-function_feature.test,code,.test,781,no,no,no,no,,,,,no,no,0,,no,0,,no,0,,,,not_needed,
docs/_style/prism-master/tests/languages/javascript/template-string_feature.test,code,.test,1131,no,no,no,no,,,,,no,no,0,,no,0,,no,0,,,,not_needed,
docs/_style/prism-master/tests/languages/javascript/try-catch_feature.test,code,.test,453,no,no,no,no,,,,,no,no,0,,no,0,,no,0,,,,not_needed,
docs/_style/prism-master/tests/languages/javastacktrace/more_feature.test,code,.test,393,no,no,no,no,,,,,no,no,0,,no,0,,no,0,,,,not_needed,
docs/_style/prism-master/tests/languages/javastacktrace/stack-frame_feature.test,code,.test,1484,no,no,no,no,,,,,no,no,0,,no,0,,no,0,,,,not_needed,
docs/_style/prism-master/tests/languages/javastacktrace/summary_feature.test,code,.test,3566,no,no,no,no,,,,,no,no,0,,no,0,,no,0,,,,not_needed,
docs/_style/prism-master/tests/languages/jolie/deployment_features.test,code,.test,1191,no,no,no,no,,,,,no,no,0,,no,0,,no,0,,,,not_needed,
docs/_style/prism-master/tests/languages/jolie/keyword_feature.test,code,.test,2384,no,no,no,no,,,,,no,no,0,,no,0,,no,0,,,,not_needed,
docs/_style/prism-master/tests/languages/jolie/number_feature.test,code,.test,297,no,no,no,no,,,,,no,no,0,,no,0,,no,0,,,,not_needed,
docs/_style/prism-master/tests/languages/jolie/operator_feature.test,code,.test,786,no,no,no,no,,,,,no,no,0,,no,0,,no,0,,,,not_needed,
docs/_style/prism-master/tests/languages/json+http/json-suffix_inclusion.test,code,.test,449,no,no,no,no,,,,,no,no,0,,no,0,,no,0,,,,not_needed,
docs/_style/prism-master/tests/languages/json+http/json_inclusion.test,code,.test,417,no,no,no,no,,,,,no,no,0,,no,0,,no,0,,,,not_needed,
docs/_style/prism-master/tests/languages/json/boolean_feature.test,code,.test,201,no,no,no,no,,,,,no,no,0,,no,0,,no,0,,,,not_needed,
docs/_style/prism-master/tests/languages/json/comment_feature.test,code,.test,531,no,no,no,no,,,,,no,no,0,,no,0,,no,0,,,,not_needed,
docs/_style/prism-master/tests/languages/json/null_feature.test,code,.test,163,no,no,no,no,,,,,no,no,0,,no,0,,no,0,,,,not_needed,
docs/_style/prism-master/tests/languages/json/number_feature.test,code,.test,420,no,no,no,no,,,,,no,no,0,,no,0,,no,0,,,,not_needed,
docs/_style/prism-master/tests/languages/json/operator_feature.test,code,.test,161,no,no,no,no,,,,,no,no,0,,no,0,,no,0,,,,not_needed,
docs/_style/prism-master/tests/languages/json/property_feature.test,code,.test,633,no,no,no,no,,,,,no,no,0,,no,0,,no,0,,,,not_needed,
docs/_style/prism-master/tests/languages/json/punctuation_feature.test,code,.test,407,no,no,no,no,,,,,no,no,0,,no,0,,no,0,,,,not_needed,
docs/_style/prism-master/tests/languages/json/string_feature.test,code,.test,548,no,no,no,no,,,,,no,no,0,,no,0,,no,0,,,,not_needed,
docs/_style/prism-master/tests/languages/jsx/issue1103.test,code,.test,565,no,no,no,no,,,,,no,no,0,,no,0,,no,0,,,,not_needed,
docs/_style/prism-master/tests/languages/jsx/issue1235.test,code,.test,592,no,no,no,no,,,,,no,no,0,,no,0,,no,0,,,,not_needed,
docs/_style/prism-master/tests/languages/jsx/issue1236.test,code,.test,511,no,no,no,no,,,,,no,no,0,,no,0,,no,0,,,,not_needed,
docs/_style/prism-master/tests/languages/jsx/issue1294.test,code,.test,1416,no,no,no,no,,,,,no,no,0,,no,0,,no,0,,,,not_needed,
docs/_style/prism-master/tests/languages/jsx/issue1335.test,code,.test,2728,no,no,no,no,,,,,no,no,0,,no,0,,no,0,,,,not_needed,
docs/_style/prism-master/tests/languages/jsx/issue1342.test,code,.test,1090,no,no,no,no,,,,,no,no,0,,no,0,,no,0,,,,not_needed,
docs/_style/prism-master/tests/languages/jsx/issue1356.test,code,.test,568,no,no,no,no,,,,,no,no,0,,no,0,,no,0,,,,not_needed,
docs/_style/prism-master/tests/languages/jsx/issue1364.test,code,.test,498,no,no,no,no,,,,,no,no,0,,no,0,,no,0,,,,not_needed,
docs/_style/prism-master/tests/languages/jsx/issue1408.test,code,.test,811,no,no,no,no,,,,,no,no,0,,no,0,,no,0,,,,not_needed,
docs/_style/prism-master/tests/languages/jsx/issue1421.test,code,.test,1372,no,no,no,no,,,,,no,no,0,,no,0,,no,0,,,,not_needed,
docs/_style/prism-master/tests/languages/jsx/plain-text_feature.test,code,.test,991,no,no,no,no,,,,,no,no,0,,no,0,,no,0,,,,not_needed,
docs/_style/prism-master/tests/languages/jsx/tag_feature.test,code,.test,1513,no,no,no,no,,,,,no,no,0,,no,0,,no,0,,,,not_needed,
docs/_style/prism-master/tests/languages/julia/boolean_feature.test,code,.test,201,no,no,no,no,,,,,no,no,0,,no,0,,no,0,,,,not_needed,
docs/_style/prism-master/tests/languages/julia/comment_feature.test,code,.test,201,no,no,no,no,,,,,no,no,0,,no,0,,no,0,,,,not_needed,
docs/_style/prism-master/tests/languages/julia/keyword_feature.test,code,.test,1204,no,no,no,no,,,,,no,no,0,,no,0,,no,0,,,,not_needed,
docs/_style/prism-master/tests/languages/julia/number_feature.test,code,.test,551,no,no,no,no,,,,,no,no,0,,no,0,,no,0,,,,not_needed,
docs/_style/prism-master/tests/languages/julia/operator_feature.test,code,.test,1219,no,no,no,no,,,,,no,no,0,,no,0,,no,0,,,,not_needed,
docs/_style/prism-master/tests/languages/julia/string_feature.test,code,.test,504,no,no,no,no,,,,,no,no,0,,no,0,,no,0,,,,not_needed,
docs/_style/prism-master/tests/languages/keyman/atrule_feature.test,code,.test,370,no,no,no,no,,,,,no,no,0,,no,0,,no,0,,,,not_needed,
docs/_style/prism-master/tests/languages/keyman/bold_feature.test,code,.test,1676,no,no,no,no,,,,,no,no,0,,no,0,,no,0,,,,not_needed,
docs/_style/prism-master/tests/languages/keyman/comment_feature.test,code,.test,210,no,no,no,no,,,,,no,no,0,,no,0,,no,0,,,,not_needed,
docs/_style/prism-master/tests/languages/keyman/function_feature.test,code,.test,784,no,no,no,no,,,,,no,no,0,,no,0,,no,0,,,,not_needed,
docs/_style/prism-master/tests/languages/keyman/keyword_feature.test,code,.test,715,no,no,no,no,,,,,no,no,0,,no,0,,no,0,,,,not_needed,
docs/_style/prism-master/tests/languages/keyman/number_feature.test,code,.test,376,no,no,no,no,,,,,no,no,0,,no,0,,no,0,,,,not_needed,
docs/_style/prism-master/tests/languages/keyman/operator_feature.test,code,.test,282,no,no,no,no,,,,,no,no,0,,no,0,,no,0,,,,not_needed,
docs/_style/prism-master/tests/languages/keyman/string_feature.test,code,.test,284,no,no,no,no,,,,,no,no,0,,no,0,,no,0,,,,not_needed,
docs/_style/prism-master/tests/languages/keyman/tag_feature.test,code,.test,320,no,no,no,no,,,,,no,no,0,,no,0,,no,0,,,,not_needed,
docs/_style/prism-master/tests/languages/kotlin/annotation_feature.test,code,.test,538,no,no,no,no,,,,,no,no,0,,no,0,,no,0,,,,not_needed,
docs/_style/prism-master/tests/languages/kotlin/function_feature.test,code,.test,426,no,no,no,no,,,,,no,no,0,,no,0,,no,0,,,,not_needed,
docs/_style/prism-master/tests/languages/kotlin/interpolation_feature.test,code,.test,1038,no,no,no,no,,,,,no,no,0,,no,0,,no,0,,,,not_needed,
docs/_style/prism-master/tests/languages/kotlin/keyword_feature.test,code,.test,2201,no,no,no,no,,,,,no,no,0,,no,0,,no,0,,,,not_needed,
docs/_style/prism-master/tests/languages/kotlin/label_feature.test,code,.test,288,no,no,no,no,,,,,no,no,0,,no,0,,no,0,,,,not_needed,
docs/_style/prism-master/tests/languages/kotlin/number_feature.test,code,.test,658,no,no,no,no,,,,,no,no,0,,no,0,,no,0,,,,not_needed,
docs/_style/prism-master/tests/languages/kotlin/operator_feature.test,code,.test,1045,no,no,no,no,,,,,no,no,0,,no,0,,no,0,,,,not_needed,
docs/_style/prism-master/tests/languages/kotlin/raw-string_feature.test,code,.test,343,no,no,no,no,,,,,no,no,0,,no,0,,no,0,,,,not_needed,
docs/_style/prism-master/tests/languages/latex/cdata_feature.test,code,.test,719,no,no,no,no,,,,,no,no,0,,no,0,,no,0,,,,not_needed,
docs/_style/prism-master/tests/languages/latex/comment_feature.test,code,.test,201,no,no,no,no,,,,,no,no,0,,no,0,,no,0,,,,not_needed,
docs/_style/prism-master/tests/languages/latex/equation_feature.test,code,.test,3826,no,no,no,no,,,,,no,no,0,,no,0,,no,0,,,,not_needed,
docs/_style/prism-master/tests/languages/latex/headline_feature.test,code,.test,1382,no,no,no,no,,,,,no,no,0,,no,0,,no,0,,,,not_needed,
docs/_style/prism-master/tests/languages/latex/keyword_feature.test,code,.test,1035,no,no,no,no,,,,,no,no,0,,no,0,,no,0,,,,not_needed,
docs/_style/prism-master/tests/languages/latex/url_feature.test,code,.test,265,no,no,no,no,,,,,no,no,0,,no,0,,no,0,,,,not_needed,
docs/_style/prism-master/tests/languages/less+haml/less_inclusion.test,code,.test,638,no,no,no,no,,,,,no,no,0,,no,0,,no,0,,,,not_needed,
docs/_style/prism-master/tests/languages/less+pug/less_inclusion.test,code,.test,326,no,no,no,no,,,,,no,no,0,,no,0,,no,0,,,,not_needed,
docs/_style/prism-master/tests/languages/less/atrule_feature.test,code,.test,469,no,no,no,no,,,,,no,no,0,,no,0,,no,0,,,,not_needed,
docs/_style/prism-master/tests/languages/less/comment_feature.test,code,.test,312,no,no,no,no,,,,,no,no,0,,no,0,,no,0,,,,not_needed,
docs/_style/prism-master/tests/languages/less/operator_feature.test,code,.test,235,no,no,no,no,,,,,no,no,0,,no,0,,no,0,,,,not_needed,
docs/_style/prism-master/tests/languages/less/property_feature.test,code,.test,487,no,no,no,no,,,,,no,no,0,,no,0,,no,0,,,,not_needed,
docs/_style/prism-master/tests/languages/less/selector_feature.test,code,.test,539,no,no,no,no,,,,,no,no,0,,no,0,,no,0,,,,not_needed,
docs/_style/prism-master/tests/languages/liquid/function_feature.test,code,.test,1991,no,no,no,no,,,,,no,no,0,,no,0,,no,0,,,,not_needed,
docs/_style/prism-master/tests/languages/liquid/keyword_feature.test,code,.test,985,no,no,no,no,,,,,no,no,0,,no,0,,no,0,,,,not_needed,
docs/_style/prism-master/tests/languages/liquid/number_feature.test,code,.test,470,no,no,no,no,,,,,no,no,0,,no,0,,no,0,,,,not_needed,
docs/_style/prism-master/tests/languages/liquid/operator_feature.test,code,.test,969,no,no,no,no,,,,,no,no,0,,no,0,,no,0,,,,not_needed,
docs/_style/prism-master/tests/languages/lisp/boolean_feature.test,code,.test,444,no,no,no,no,,,,,no,no,0,,no,0,,no,0,,,,not_needed,
docs/_style/prism-master/tests/languages/lisp/car_feature.test,code,.test,282,no,no,no,no,,,,,no,no,0,,no,0,,no,0,,,,not_needed,
docs/_style/prism-master/tests/languages/lisp/comment_feature.test,code,.test,174,no,no,no,no,,,,,no,no,0,,no,0,,no,0,,,,not_needed,
docs/_style/prism-master/tests/languages/lisp/declare_feature.test,code,.test,405,no,no,no,no,,,,,no,no,0,,no,0,,no,0,,,,not_needed,
docs/_style/prism-master/tests/languages/lisp/defun_feature.test,code,.test,2491,no,no,no,no,,,,,no,no,0,,no,0,,no,0,,,,not_needed,
docs/_style/prism-master/tests/languages/lisp/defvar_feature.test,code,.test,1099,no,no,no,no,,,,,no,no,0,,no,0,,no,0,,,,not_needed,
docs/_style/prism-master/tests/languages/lisp/heading_feature.test,code,.test,176,no,no,no,no,,,,,no,no,0,,no,0,,no,0,,,,not_needed,
docs/_style/prism-master/tests/languages/lisp/interactive_feature.test,code,.test,441,no,no,no,no,,,,,no,no,0,,no,0,,no,0,,,,not_needed,
docs/_style/prism-master/tests/languages/lisp/keyword_feature.test,code,.test,2597,no,no,no,no,,,,,no,no,0,,no,0,,no,0,,,,not_needed,
docs/_style/prism-master/tests/languages/lisp/lambda-feature.test,code,.test,547,no,no,no,no,,,,,no,no,0,,no,0,,no,0,,,,not_needed,
docs/_style/prism-master/tests/languages/lisp/lisp-property_feature.test,code,.test,239,no,no,no,no,,,,,no,no,0,,no,0,,no,0,,,,not_needed,
docs/_style/prism-master/tests/languages/lisp/number_boolean.test,code,.test,793,no,no,no,no,,,,,no,no,0,,no,0,,no,0,,,,not_needed,
docs/_style/prism-master/tests/languages/lisp/punctuation_feature.test,code,.test,323,no,no,no,no,,,,,no,no,0,,no,0,,no,0,,,,not_needed,
docs/_style/prism-master/tests/languages/lisp/quoted-symbol_feature.test,code,.test,275,no,no,no,no,,,,,no,no,0,,no,0,,no,0,,,,not_needed,
docs/_style/prism-master/tests/languages/lisp/splice_feature.test,code,.test,253,no,no,no,no,,,,,no,no,0,,no,0,,no,0,,,,not_needed,
docs/_style/prism-master/tests/languages/lisp/string_feature.test,code,.test,505,no,no,no,no,,,,,no,no,0,,no,0,,no,0,,,,not_needed,
docs/_style/prism-master/tests/languages/livescript/argument_feature.test,code,.test,248,no,no,no,no,,,,,no,no,0,,no,0,,no,0,,,,not_needed,
docs/_style/prism-master/tests/languages/livescript/boolean_feature.test,code,.test,316,no,no,no,no,,,,,no,no,0,,no,0,,no,0,,,,not_needed,
docs/_style/prism-master/tests/languages/livescript/comment_feature.test,code,.test,281,no,no,no,no,,,,,no,no,0,,no,0,,no,0,,,,not_needed,
docs/_style/prism-master/tests/languages/livescript/identifier_feature.test,code,.test,456,no,no,no,no,,,,,no,no,0,,no,0,,no,0,,,,not_needed,
docs/_style/prism-master/tests/languages/livescript/interpolated-string.test,code,.test,1393,no,no,no,no,,,,,no,no,0,,no,0,,no,0,,,,not_needed,
docs/_style/prism-master/tests/languages/livescript/keyword-operator_feature.test,code,.test,1064,no,no,no,no,,,,,no,no,0,,no,0,,no,0,,,,not_needed,
docs/_style/prism-master/tests/languages/livescript/keyword_feature.test,code,.test,1360,no,no,no,no,,,,,no,no,0,,no,0,,no,0,,,,not_needed,
docs/_style/prism-master/tests/languages/livescript/number_feature.test,code,.test,486,no,no,no,no,,,,,no,no,0,,no,0,,no,0,,,,not_needed,
docs/_style/prism-master/tests/languages/livescript/operator_feature.test,code,.test,1763,no,no,no,no,,,,,no,no,0,,no,0,,no,0,,,,not_needed,
docs/_style/prism-master/tests/languages/livescript/regex_feature.test,code,.test,418,no,no,no,no,,,,,no,no,0,,no,0,,no,0,,,,not_needed,
docs/_style/prism-master/tests/languages/livescript/string_feature.test,code,.test,546,no,no,no,no,,,,,no,no,0,,no,0,,no,0,,,,not_needed,
docs/_style/prism-master/tests/languages/lolcode/boolean_feature.test,code,.test,197,no,no,no,no,,,,,no,no,0,,no,0,,no,0,,,,not_needed,
docs/_style/prism-master/tests/languages/lolcode/comment_feature.test,code,.test,269,no,no,no,no,,,,,no,no,0,,no,0,,no,0,,,,not_needed,
docs/_style/prism-master/tests/languages/lolcode/function_feature.test,code,.test,333,no,no,no,no,,,,,no,no,0,,no,0,,no,0,,,,not_needed,
docs/_style/prism-master/tests/languages/lolcode/keyword_feature.test,code,.test,1498,no,no,no,no,,,,,no,no,0,,no,0,,no,0,,,,not_needed,
docs/_style/prism-master/tests/languages/lolcode/label_feature.test,code,.test,280,no,no,no,no,,,,,no,no,0,,no,0,,no,0,,,,not_needed,
docs/_style/prism-master/tests/languages/lolcode/number_feature.test,code,.test,198,no,no,no,no,,,,,no,no,0,,no,0,,no,0,,,,not_needed,
docs/_style/prism-master/tests/languages/lolcode/operator_feature.test,code,.test,698,no,no,no,no,,,,,no,no,0,,no,0,,no,0,,,,not_needed,
docs/_style/prism-master/tests/languages/lolcode/string_feature.test,code,.test,608,no,no,no,no,,,,,no,no,0,,no,0,,no,0,,,,not_needed,
docs/_style/prism-master/tests/languages/lolcode/symbol_feature.test,code,.test,673,no,no,no,no,,,,,no,no,0,,no,0,,no,0,,,,not_needed,
docs/_style/prism-master/tests/languages/lolcode/variable_feature.test,code,.test,168,no,no,no,no,,,,,no,no,0,,no,0,,no,0,,,,not_needed,
docs/_style/prism-master/tests/languages/lua/comment_feature.test,code,.test,422,no,no,no,no,,,,,no,no,0,,no,0,,no,0,,,,not_needed,
docs/_style/prism-master/tests/languages/lua/function_feature.test,code,.test,468,no,no,no,no,,,,,no,no,0,,no,0,,no,0,,,,not_needed,
docs/_style/prism-master/tests/languages/lua/keyword_feature.test,code,.test,783,no,no,no,no,,,,,no,no,0,,no,0,,no,0,,,,not_needed,
docs/_style/prism-master/tests/languages/lua/number_feature.test,code,.test,558,no,no,no,no,,,,,no,no,0,,no,0,,no,0,,,,not_needed,
docs/_style/prism-master/tests/languages/lua/operator_feature.test,code,.test,623,no,no,no,no,,,,,no,no,0,,no,0,,no,0,,,,not_needed,
docs/_style/prism-master/tests/languages/lua/string_feature.test,code,.test,635,no,no,no,no,,,,,no,no,0,,no,0,,no,0,,,,not_needed,
docs/_style/prism-master/tests/languages/makefile/builtin_feature.test,code,.test,362,no,no,no,no,,,,,no,no,0,,no,0,,no,0,,,,not_needed,
docs/_style/prism-master/tests/languages/makefile/comment_feature.test,code,.test,249,no,no,no,no,,,,,no,no,0,,no,0,,no,0,,,,not_needed,
docs/_style/prism-master/tests/languages/makefile/keyword_feature.test,code,.test,4019,no,no,no,no,,,,,no,no,0,,no,0,,no,0,,,,not_needed,
docs/_style/prism-master/tests/languages/makefile/operator_feature.test,code,.test,331,no,no,no,no,,,,,no,no,0,,no,0,,no,0,,,,not_needed,
docs/_style/prism-master/tests/languages/makefile/string_feature.test,code,.test,387,no,no,no,no,,,,,no,no,0,,no,0,,no,0,,,,not_needed,
docs/_style/prism-master/tests/languages/makefile/symbol_feature.test,code,.test,368,no,no,no,no,,,,,no,no,0,,no,0,,no,0,,,,not_needed,
docs/_style/prism-master/tests/languages/makefile/variable_feature.test,code,.test,390,no,no,no,no,,,,,no,no,0,,no,0,,no,0,,,,not_needed,
docs/_style/prism-master/tests/languages/markdown+haml/markdown_inclusion.test,code,.test,638,no,no,no,no,,,,,no,no,0,,no,0,,no,0,,,,not_needed,
docs/_style/prism-master/tests/languages/markdown+pug/markdown_inclusion.test,code,.test,301,no,no,no,no,,,,,no,no,0,,no,0,,no,0,,,,not_needed,
docs/_style/prism-master/tests/languages/markdown/blockquote_feature.test,code,.test,272,no,no,no,no,,,,,no,no,0,,no,0,,no,0,,,,not_needed,
docs/_style/prism-master/tests/languages/markdown/bold_feature.test,code,.test,1300,no,no,no,no,,,,,no,no,0,,no,0,,no,0,,,,not_needed,
docs/_style/prism-master/tests/languages/markdown/code_feature.test,code,.test,675,no,no,no,no,,,,,no,no,0,,no,0,,no,0,,,,not_needed,
docs/_style/prism-master/tests/languages/markdown/hr_feature.test,code,.test,211,no,no,no,no,,,,,no,no,0,,no,0,,no,0,,,,not_needed,
docs/_style/prism-master/tests/languages/markdown/italic_feature.test,code,.test,694,no,no,no,no,,,,,no,no,0,,no,0,,no,0,,,,not_needed,
docs/_style/prism-master/tests/languages/markdown/list_feature.test,code,.test,375,no,no,no,no,,,,,no,no,0,,no,0,,no,0,,,,not_needed,
docs/_style/prism-master/tests/languages/markdown/strike_feature.test,code,.test,1104,no,no,no,no,,,,,no,no,0,,no,0,,no,0,,,,not_needed,
docs/_style/prism-master/tests/languages/markdown/title_feature.test,code,.test,917,no,no,no,no,,,,,no,no,0,,no,0,,no,0,,,,not_needed,
docs/_style/prism-master/tests/languages/markdown/url-reference_feature.test,code,.test,1296,no,no,no,no,,,,,no,no,0,,no,0,,no,0,,,,not_needed,
docs/_style/prism-master/tests/languages/markdown/url_feature.test,code,.test,419,no,no,no,no,,,,,no,no,0,,no,0,,no,0,,,,not_needed,
docs/_style/prism-master/tests/languages/markup!+css+javascript/issue1240.test,code,.test,692,no,no,no,no,,,,,no,no,0,,no,0,,no,0,,,,not_needed,
docs/_style/prism-master/tests/languages/markup!+css/css_inclusion.test,code,.test,1188,no,no,no,no,,,,,no,no,0,,no,0,,no,0,,,,not_needed,
docs/_style/prism-master/tests/languages/markup!+javascript/javascript_inclusion.test,code,.test,983,no,no,no,no,,,,,no,no,0,,no,0,,no,0,,,,not_needed,
docs/_style/prism-master/tests/languages/markup+actionscript/xml_feature.test,code,.test,1070,no,no,no,no,,,,,no,no,0,,no,0,,no,0,,,,not_needed,
docs/_style/prism-master/tests/languages/markup+css+wiki/table-tag_feature.test,code,.test,3086,no,no,no,no,,,,,no,no,0,,no,0,,no,0,,,,not_needed,
docs/_style/prism-master/tests/languages/markup+haml/markup_feature.test,code,.test,244,no,no,no,no,,,,,no,no,0,,no,0,,no,0,,,,not_needed,
docs/_style/prism-master/tests/languages/markup+http/html_inclusion.test,code,.test,471,no,no,no,no,,,,,no,no,0,,no,0,,no,0,,,,not_needed,
docs/_style/prism-master/tests/languages/markup+http/xml-suffix_inclusion.test,code,.test,546,no,no,no,no,,,,,no,no,0,,no,0,,no,0,,,,not_needed,
docs/_style/prism-master/tests/languages/markup+http/xml_inclusion.test,code,.test,496,no,no,no,no,,,,,no,no,0,,no,0,,no,0,,,,not_needed,
docs/_style/prism-master/tests/languages/markup+javascript+csharp+aspnet/script_feature.test,code,.test,1047,no,no,no,no,,,,,no,no,0,,no,0,,no,0,,,,not_needed,
docs/_style/prism-master/tests/languages/markup+php/php_in_markup_feature.test,code,.test,2322,no,no,no,no,,,,,no,no,0,,no,0,,no,0,,,,not_needed,
docs/_style/prism-master/tests/languages/markup+pug/markup_feature.test,code,.test,475,no,no,no,no,,,,,no,no,0,,no,0,,no,0,,,,not_needed,
docs/_style/prism-master/tests/languages/markup+tt2/tt2_in_markup_feature.test,code,.test,1475,no,no,no,no,,,,,no,no,0,,no,0,,no,0,,,,not_needed,
docs/_style/prism-master/tests/languages/markup/cdata_feature.test,code,.test,321,no,no,no,no,,,,,no,no,0,,no,0,,no,0,,,,not_needed,
docs/_style/prism-master/tests/languages/markup/comment_feature.test,code,.test,343,no,no,no,no,,,,,no,no,0,,no,0,,no,0,,,,not_needed,
docs/_style/prism-master/tests/languages/markup/doctype_feature.test,code,.test,600,no,no,no,no,,,,,no,no,0,,no,0,,no,0,,,,not_needed,
docs/_style/prism-master/tests/languages/markup/entity_feature.js,code,.js,177,no,no,no,no,,,,,no,no,0,,no,0,,no,0,,,,not_needed,
docs/_style/prism-master/tests/languages/markup/entity_feature.test,code,.test,304,no,no,no,no,,,,,no,no,0,,no,0,,no,0,,,,not_needed,
docs/_style/prism-master/tests/languages/markup/issue585.test,code,.test,1154,no,no,no,no,,,,,no,no,0,,no,0,,no,0,,,,not_needed,
docs/_style/prism-master/tests/languages/markup/issue888.test,code,.test,348,no,no,no,no,,,,,no,no,0,,no,0,,no,0,,,,not_needed,
docs/_style/prism-master/tests/languages/markup/prolog_feature.test,code,.test,482,no,no,no,no,,,,,no,no,0,,no,0,,no,0,,,,not_needed,
docs/_style/prism-master/tests/languages/markup/tag_attribute_feature.test,code,.test,1790,no,no,no,no,,,,,no,no,0,,no,0,,no,0,,,,not_needed,
docs/_style/prism-master/tests/languages/markup/tag_feature.test,code,.test,1255,no,no,no,no,,,,,no,no,0,,no,0,,no,0,,,,not_needed,
docs/_style/prism-master/tests/languages/matlab/comment_feature.test,code,.test,367,no,no,no,no,,,,,no,no,0,,no,0,,no,0,,,,not_needed,
docs/_style/prism-master/tests/languages/matlab/function_feature.test,code,.test,296,no,no,no,no,,,,,no,no,0,,no,0,,no,0,,,,not_needed,
docs/_style/prism-master/tests/languages/matlab/keyword_feature.test,code,.test,715,no,no,no,no,,,,,no,no,0,,no,0,,no,0,,,,not_needed,
docs/_style/prism-master/tests/languages/matlab/number_feature.test,code,.test,384,no,no,no,no,,,,,no,no,0,,no,0,,no,0,,,,not_needed,
docs/_style/prism-master/tests/languages/matlab/operator_feature.test,code,.test,735,no,no,no,no,,,,,no,no,0,,no,0,,no,0,,,,not_needed,
docs/_style/prism-master/tests/languages/matlab/string_feature.test,code,.test,232,no,no,no,no,,,,,no,no,0,,no,0,,no,0,,,,not_needed,
docs/_style/prism-master/tests/languages/mel/code_feature.test,code,.test,268,no,no,no,no,,,,,no,no,0,,no,0,,no,0,,,,not_needed,
docs/_style/prism-master/tests/languages/mel/comment_feature.test,code,.test,205,no,no,no,no,,,,,no,no,0,,no,0,,no,0,,,,not_needed,
docs/_style/prism-master/tests/languages/mel/flag_feature.test,code,.test,216,no,no,no,no,,,,,no,no,0,,no,0,,no,0,,,,not_needed,
docs/_style/prism-master/tests/languages/mel/function_feature.test,code,.test,56864,no,no,no,no,,,,,no,no,0,,no,0,,no,0,,,,not_needed,
docs/_style/prism-master/tests/languages/mel/keyword_feature.test,code,.test,720,no,no,no,no,,,,,no,no,0,,no,0,,no,0,,,,not_needed,
docs/_style/prism-master/tests/languages/mel/number_feature.test,code,.test,236,no,no,no,no,,,,,no,no,0,,no,0,,no,0,,,,not_needed,
docs/_style/prism-master/tests/languages/mel/operator_feature.test,code,.test,664,no,no,no,no,,,,,no,no,0,,no,0,,no,0,,,,not_needed,
docs/_style/prism-master/tests/languages/mel/string_feature.test,code,.test,210,no,no,no,no,,,,,no,no,0,,no,0,,no,0,,,,not_needed,
docs/_style/prism-master/tests/languages/mel/variable_feature.test,code,.test,246,no,no,no,no,,,,,no,no,0,,no,0,,no,0,,,,not_needed,
docs/_style/prism-master/tests/languages/mizar/comment_feature.test,code,.test,180,no,no,no,no,,,,,no,no,0,,no,0,,no,0,,,,not_needed,
docs/_style/prism-master/tests/languages/mizar/keyword_feature.test,code,.test,4149,no,no,no,no,,,,,no,no,0,,no,0,,no,0,,,,not_needed,
docs/_style/prism-master/tests/languages/mizar/number_feature.test,code,.test,210,no,no,no,no,,,,,no,no,0,,no,0,,no,0,,,,not_needed,
docs/_style/prism-master/tests/languages/mizar/operator_feature.test,code,.test,267,no,no,no,no,,,,,no,no,0,,no,0,,no,0,,,,not_needed,
docs/_style/prism-master/tests/languages/mizar/parameter_feature.test,code,.test,397,no,no,no,no,,,,,no,no,0,,no,0,,no,0,,,,not_needed,
docs/_style/prism-master/tests/languages/mizar/variable_feature.test,code,.test,362,no,no,no,no,,,,,no,no,0,,no,0,,no,0,,,,not_needed,
docs/_style/prism-master/tests/languages/monkey/comment_feature.test,code,.test,405,no,no,no,no,,,,,no,no,0,,no,0,,no,0,,,,not_needed,
docs/_style/prism-master/tests/languages/monkey/function_feature.test,code,.test,310,no,no,no,no,,,,,no,no,0,,no,0,,no,0,,,,not_needed,
docs/_style/prism-master/tests/languages/monkey/keyword_feature.test,code,.test,1971,no,no,no,no,,,,,no,no,0,,no,0,,no,0,,,,not_needed,
docs/_style/prism-master/tests/languages/monkey/number_feature.test,code,.test,280,no,no,no,no,,,,,no,no,0,,no,0,,no,0,,,,not_needed,
docs/_style/prism-master/tests/languages/monkey/operator_feature.test,code,.test,905,no,no,no,no,,,,,no,no,0,,no,0,,no,0,,,,not_needed,
docs/_style/prism-master/tests/languages/monkey/preprocessor_feature.test,code,.test,274,no,no,no,no,,,,,no,no,0,,no,0,,no,0,,,,not_needed,
docs/_style/prism-master/tests/languages/monkey/string_feature.test,code,.test,214,no,no,no,no,,,,,no,no,0,,no,0,,no,0,,,,not_needed,
docs/_style/prism-master/tests/languages/monkey/type-char_feature.test,code,.test,301,no,no,no,no,,,,,no,no,0,,no,0,,no,0,,,,not_needed,
docs/_style/prism-master/tests/languages/n4js/annotation_feature.test,code,.test,1186,no,no,no,no,,,,,no,no,0,,no,0,,no,0,,,,not_needed,
docs/_style/prism-master/tests/languages/n4js/keyword_feature.test,code,.test,2063,no,no,no,no,,,,,no,no,0,,no,0,,no,0,,,,not_needed,
docs/_style/prism-master/tests/languages/nasm/comment_feature.test,code,.test,195,no,no,no,no,,,,,no,no,0,,no,0,,no,0,,,,not_needed,
docs/_style/prism-master/tests/languages/nasm/keyword_feature.test,code,.test,672,no,no,no,no,,,,,no,no,0,,no,0,,no,0,,,,not_needed,
docs/_style/prism-master/tests/languages/nasm/label_feature.test,code,.test,232,no,no,no,no,,,,,no,no,0,,no,0,,no,0,,,,not_needed,
docs/_style/prism-master/tests/languages/nasm/number_feature.test,code,.test,1364,no,no,no,no,,,,,no,no,0,,no,0,,no,0,,,,not_needed,
docs/_style/prism-master/tests/languages/nasm/operator_feature.test,code,.test,448,no,no,no,no,,,,,no,no,0,,no,0,,no,0,,,,not_needed,
docs/_style/prism-master/tests/languages/nasm/register_feature.test,code,.test,1509,no,no,no,no,,,,,no,no,0,,no,0,,no,0,,,,not_needed,
docs/_style/prism-master/tests/languages/nasm/string_feature.test,code,.test,322,no,no,no,no,,,,,no,no,0,,no,0,,no,0,,,,not_needed,
docs/_style/prism-master/tests/languages/nginx/comment_feature.test,code,.test,201,no,no,no,no,,,,,no,no,0,,no,0,,no,0,,,,not_needed,
docs/_style/prism-master/tests/languages/nginx/keyword_feature.test,code,.test,18094,no,no,no,no,,,,,no,no,0,,no,0,,no,0,,,,not_needed,
docs/_style/prism-master/tests/languages/nginx/variable_feature.test,code,.test,216,no,no,no,no,,,,,no,no,0,,no,0,,no,0,,,,not_needed,
docs/_style/prism-master/tests/languages/nim/comment_feature.test,code,.test,201,no,no,no,no,,,,,no,no,0,,no,0,,no,0,,,,not_needed,
docs/_style/prism-master/tests/languages/nim/function_feature.test,code,.test,397,no,no,no,no,,,,,no,no,0,,no,0,,no,0,,,,not_needed,
docs/_style/prism-master/tests/languages/nim/keyword_feature.test,code,.test,1904,no,no,no,no,,,,,no,no,0,,no,0,,no,0,,,,not_needed,
docs/_style/prism-master/tests/languages/nim/number_feature.test,code,.test,537,no,no,no,no,,,,,no,no,0,,no,0,,no,0,,,,not_needed,
docs/_style/prism-master/tests/languages/nim/operator_feature.test,code,.test,964,no,no,no,no,,,,,no,no,0,,no,0,,no,0,,,,not_needed,
docs/_style/prism-master/tests/languages/nim/string_feature.test,code,.test,631,no,no,no,no,,,,,no,no,0,,no,0,,no,0,,,,not_needed,
docs/_style/prism-master/tests/languages/nix/antiquotation_feature.test,code,.test,267,no,no,no,no,,,,,no,no,0,,no,0,,no,0,,,,not_needed,
docs/_style/prism-master/tests/languages/nix/boolean_feature.test,code,.test,201,no,no,no,no,,,,,no,no,0,,no,0,,no,0,,,,not_needed,
docs/_style/prism-master/tests/languages/nix/comment_feature.test,code,.test,281,no,no,no,no,,,,,no,no,0,,no,0,,no,0,,,,not_needed,
docs/_style/prism-master/tests/languages/nix/function_feature.test,code,.test,2421,no,no,no,no,,,,,no,no,0,,no,0,,no,0,,,,not_needed,
docs/_style/prism-master/tests/languages/nix/keyword_feature.test,code,.test,440,no,no,no,no,,,,,no,no,0,,no,0,,no,0,,,,not_needed,
docs/_style/prism-master/tests/languages/nix/number_feature.test,code,.test,219,no,no,no,no,,,,,no,no,0,,no,0,,no,0,,,,not_needed,
docs/_style/prism-master/tests/languages/nix/operator_feature.test,code,.test,541,no,no,no,no,,,,,no,no,0,,no,0,,no,0,,,,not_needed,
docs/_style/prism-master/tests/languages/nix/string_feature.test,code,.test,1036,no,no,no,no,,,,,no,no,0,,no,0,,no,0,,,,not_needed,
docs/_style/prism-master/tests/languages/nix/url_feature.test,code,.test,454,no,no,no,no,,,,,no,no,0,,no,0,,no,0,,,,not_needed,
docs/_style/prism-master/tests/languages/nsis/comment_feature.test,code,.test,293,no,no,no,no,,,,,no,no,0,,no,0,,no,0,,,,not_needed,
docs/_style/prism-master/tests/languages/nsis/constant_feature.test,code,.test,515,no,no,no,no,,,,,no,no,0,,no,0,,no,0,,,,not_needed,
docs/_style/prism-master/tests/languages/nsis/important_feature.test,code,.test,1483,no,no,no,no,,,,,no,no,0,,no,0,,no,0,,,,not_needed,
docs/_style/prism-master/tests/languages/nsis/keyword_feature.test,code,.test,9732,no,no,no,no,,,,,no,no,0,,no,0,,no,0,,,,not_needed,
docs/_style/prism-master/tests/languages/nsis/number_feature.test,code,.test,322,no,no,no,no,,,,,no,no,0,,no,0,,no,0,,,,not_needed,
docs/_style/prism-master/tests/languages/nsis/operator_feature.test,code,.test,619,no,no,no,no,,,,,no,no,0,,no,0,,no,0,,,,not_needed,
docs/_style/prism-master/tests/languages/nsis/property_feature.test,code,.test,3456,no,no,no,no,,,,,no,no,0,,no,0,,no,0,,,,not_needed,
docs/_style/prism-master/tests/languages/nsis/string_feature.test,code,.test,295,no,no,no,no,,,,,no,no,0,,no,0,,no,0,,,,not_needed,
docs/_style/prism-master/tests/languages/nsis/variable_feature.test,code,.test,240,no,no,no,no,,,,,no,no,0,,no,0,,no,0,,,,not_needed,
docs/_style/prism-master/tests/languages/objectivec/keyword_feature.test,code,.test,1837,no,no,no,no,,,,,no,no,0,,no,0,,no,0,,,,not_needed,
docs/_style/prism-master/tests/languages/objectivec/operator_feature.test,code,.test,784,no,no,no,no,,,,,no,no,0,,no,0,,no,0,,,,not_needed,
docs/_style/prism-master/tests/languages/objectivec/string_feature.test,code,.test,480,no,no,no,no,,,,,no,no,0,,no,0,,no,0,,,,not_needed,
docs/_style/prism-master/tests/languages/ocaml/boolean_feature.test,code,.test,201,no,no,no,no,,,,,no,no,0,,no,0,,no,0,,,,not_needed,
docs/_style/prism-master/tests/languages/ocaml/comment_feature.test,code,.test,221,no,no,no,no,,,,,no,no,0,,no,0,,no,0,,,,not_needed,
docs/_style/prism-master/tests/languages/ocaml/directive_feature.test,code,.test,250,no,no,no,no,,,,,no,no,0,,no,0,,no,0,,,,not_needed,
docs/_style/prism-master/tests/languages/ocaml/keyword_feature.test,code,.test,1561,no,no,no,no,,,,,no,no,0,,no,0,,no,0,,,,not_needed,
docs/_style/prism-master/tests/languages/ocaml/number_feature.test,code,.test,434,no,no,no,no,,,,,no,no,0,,no,0,,no,0,,,,not_needed,
docs/_style/prism-master/tests/languages/ocaml/operator_feature.test,code,.test,813,no,no,no,no,,,,,no,no,0,,no,0,,no,0,,,,not_needed,
docs/_style/prism-master/tests/languages/ocaml/string_feature.test,code,.test,400,no,no,no,no,,,,,no,no,0,,no,0,,no,0,,,,not_needed,
docs/_style/prism-master/tests/languages/ocaml/type_feature.test,code,.test,254,no,no,no,no,,,,,no,no,0,,no,0,,no,0,,,,not_needed,
docs/_style/prism-master/tests/languages/opencl+c/boolean_feature.test,code,.test,277,no,no,no,no,,,,,no,no,0,,no,0,,no,0,,,,not_needed,
docs/_style/prism-master/tests/languages/opencl+c/constant_feature.test,code,.test,33514,no,no,no,no,,,,,no,no,0,,no,0,,no,0,,,,not_needed,
docs/_style/prism-master/tests/languages/opencl+c/function_feature.test,code,.test,7784,no,no,no,no,,,,,no,no,0,,no,0,,no,0,,,,not_needed,
docs/_style/prism-master/tests/languages/opencl+c/type_feature.test,code,.test,5499,no,no,no,no,,,,,no,no,0,,no,0,,no,0,,,,not_needed,
docs/_style/prism-master/tests/languages/opencl+cpp/type_feature.test,code,.test,2094,no,no,no,no,,,,,no,no,0,,no,0,,no,0,,,,not_needed,
docs/_style/prism-master/tests/languages/opencl/constant_feature.test,code,.test,5031,no,no,no,no,,,,,no,no,0,,no,0,,no,0,,,,not_needed,
docs/_style/prism-master/tests/languages/opencl/function_feature.test,code,.test,16186,no,no,no,no,,,,,no,no,0,,no,0,,no,0,,,,not_needed,
docs/_style/prism-master/tests/languages/opencl/keyword_feature.test,code,.test,7452,no,no,no,no,,,,,no,no,0,,no,0,,no,0,,,,not_needed,
docs/_style/prism-master/tests/languages/oz/atom_feature.test,code,.test,239,no,no,no,no,,,,,no,no,0,,no,0,,no,0,,,,not_needed,
docs/_style/prism-master/tests/languages/oz/attr-name_feature.test,code,.test,397,no,no,no,no,,,,,no,no,0,,no,0,,no,0,,,,not_needed,
docs/_style/prism-master/tests/languages/oz/comment_feature.test,code,.test,281,no,no,no,no,,,,,no,no,0,,no,0,,no,0,,,,not_needed,
docs/_style/prism-master/tests/languages/oz/function_feature.test,code,.test,317,no,no,no,no,,,,,no,no,0,,no,0,,no,0,,,,not_needed,
docs/_style/prism-master/tests/languages/oz/keyword_feature.test,code,.test,1528,no,no,no,no,,,,,no,no,0,,no,0,,no,0,,,,not_needed,
docs/_style/prism-master/tests/languages/oz/number_feature.test,code,.test,512,no,no,no,no,,,,,no,no,0,,no,0,,no,0,,,,not_needed,
docs/_style/prism-master/tests/languages/oz/operator_feature.test,code,.test,967,no,no,no,no,,,,,no,no,0,,no,0,,no,0,,,,not_needed,
docs/_style/prism-master/tests/languages/oz/string_feature.test,code,.test,254,no,no,no,no,,,,,no,no,0,,no,0,,no,0,,,,not_needed,
docs/_style/prism-master/tests/languages/oz/variable_feature.test,code,.test,232,no,no,no,no,,,,,no,no,0,,no,0,,no,0,,,,not_needed,
docs/_style/prism-master/tests/languages/parigp/comment_feature.test,code,.test,289,no,no,no,no,,,,,no,no,0,,no,0,,no,0,,,,not_needed,
docs/_style/prism-master/tests/languages/parigp/function_feature.test,code,.test,350,no,no,no,no,,,,,no,no,0,,no,0,,no,0,,,,not_needed,
docs/_style/prism-master/tests/languages/parigp/keyword_feature.test,code,.test,1789,no,no,no,no,,,,,no,no,0,,no,0,,no,0,,,,not_needed,
docs/_style/prism-master/tests/languages/parigp/number_feature.test,code,.test,652,no,no,no,no,,,,,no,no,0,,no,0,,no,0,,,,not_needed,
docs/_style/prism-master/tests/languages/parigp/operator_feature.test,code,.test,2185,no,no,no,no,,,,,no,no,0,,no,0,,no,0,,,,not_needed,
docs/_style/prism-master/tests/languages/parigp/string_feature.test,code,.test,210,no,no,no,no,,,,,no,no,0,,no,0,,no,0,,,,not_needed,
docs/_style/prism-master/tests/languages/parser/boolean_feature.test,code,.test,374,no,no,no,no,,,,,no,no,0,,no,0,,no,0,,,,not_needed,
docs/_style/prism-master/tests/languages/parser/escape_feature.test,code,.test,968,no,no,no,no,,,,,no,no,0,,no,0,,no,0,,,,not_needed,
docs/_style/prism-master/tests/languages/parser/expression_feature.test,code,.test,1123,no,no,no,no,,,,,no,no,0,,no,0,,no,0,,,,not_needed,
docs/_style/prism-master/tests/languages/parser/function_feature.test,code,.test,1383,no,no,no,no,,,,,no,no,0,,no,0,,no,0,,,,not_needed,
docs/_style/prism-master/tests/languages/parser/keyword_feature.test,code,.test,1338,no,no,no,no,,,,,no,no,0,,no,0,,no,0,,,,not_needed,
docs/_style/prism-master/tests/languages/parser/number_feature.test,code,.test,924,no,no,no,no,,,,,no,no,0,,no,0,,no,0,,,,not_needed,
docs/_style/prism-master/tests/languages/parser/operator_feature.test,code,.test,4744,no,no,no,no,,,,,no,no,0,,no,0,,no,0,,,,not_needed,
docs/_style/prism-master/tests/languages/parser/parser-comment_feature.test,code,.test,343,no,no,no,no,,,,,no,no,0,,no,0,,no,0,,,,not_needed,
docs/_style/prism-master/tests/languages/parser/string_feature.test,code,.test,840,no,no,no,no,,,,,no,no,0,,no,0,,no,0,,,,not_needed,
docs/_style/prism-master/tests/languages/parser/variable_feature.test,code,.test,1294,no,no,no,no,,,,,no,no,0,,no,0,,no,0,,,,not_needed,
docs/_style/prism-master/tests/languages/pascal/comment_feature.test,code,.test,377,no,no,no,no,,,,,no,no,0,,no,0,,no,0,,,,not_needed,
docs/_style/prism-master/tests/languages/pascal/keyword_feature.test,code,.test,4306,no,no,no,no,,,,,no,no,0,,no,0,,no,0,,,,not_needed,
docs/_style/prism-master/tests/languages/pascal/number_feature.test,code,.test,427,no,no,no,no,,,,,no,no,0,,no,0,,no,0,,,,not_needed,
docs/_style/prism-master/tests/languages/pascal/operator_feature.test,code,.test,951,no,no,no,no,,,,,no,no,0,,no,0,,no,0,,,,not_needed,
docs/_style/prism-master/tests/languages/pascal/string_feature.test,code,.test,328,no,no,no,no,,,,,no,no,0,,no,0,,no,0,,,,not_needed,
docs/_style/prism-master/tests/languages/perl/comment_feature.test,code,.test,268,no,no,no,no,,,,,no,no,0,,no,0,,no,0,,,,not_needed,
docs/_style/prism-master/tests/languages/perl/filehandle_feature.test,code,.test,277,no,no,no,no,,,,,no,no,0,,no,0,,no,0,,,,not_needed,
docs/_style/prism-master/tests/languages/perl/function_feature.test,code,.test,264,no,no,no,no,,,,,no,no,0,,no,0,,no,0,,,,not_needed,
docs/_style/prism-master/tests/languages/perl/keyword_feature.test,code,.test,1095,no,no,no,no,,,,,no,no,0,,no,0,,no,0,,,,not_needed,
docs/_style/prism-master/tests/languages/perl/number_feature.test,code,.test,520,no,no,no,no,,,,,no,no,0,,no,0,,no,0,,,,not_needed,
docs/_style/prism-master/tests/languages/perl/operator_feature.test,code,.test,2505,no,no,no,no,,,,,no,no,0,,no,0,,no,0,,,,not_needed,
docs/_style/prism-master/tests/languages/perl/regex_feature.test,code,.test,1982,no,no,no,no,,,,,no,no,0,,no,0,,no,0,,,,not_needed,
docs/_style/prism-master/tests/languages/perl/string_feature.test,code,.test,1923,no,no,no,no,,,,,no,no,0,,no,0,,no,0,,,,not_needed,
docs/_style/prism-master/tests/languages/perl/variable_feature.test,code,.test,588,no,no,no,no,,,,,no,no,0,,no,0,,no,0,,,,not_needed,
docs/_style/prism-master/tests/languages/perl/vstring_feature.test,code,.test,201,no,no,no,no,,,,,no,no,0,,no,0,,no,0,,,,not_needed,
docs/_style/prism-master/tests/languages/php!+php-extras/global_feature.test,code,.test,681,no,no,no,no,,,,,no,no,0,,no,0,,no,0,,,,not_needed,
docs/_style/prism-master/tests/languages/php!+php-extras/scope_feature.test,code,.test,594,no,no,no,no,,,,,no,no,0,,no,0,,no,0,,,,not_needed,
docs/_style/prism-master/tests/languages/php!+php-extras/this_feature.test,code,.test,166,no,no,no,no,,,,,no,no,0,,no,0,,no,0,,,,not_needed,
docs/_style/prism-master/tests/languages/php/comment_feature.test,code,.test,377,no,no,no,no,,,,,no,no,0,,no,0,,no,0,,,,not_needed,
docs/_style/prism-master/tests/languages/php/constant_feature.test,code,.test,240,no,no,no,no,,,,,no,no,0,,no,0,,no,0,,,,not_needed,
docs/_style/prism-master/tests/languages/php/delimiter_feature.test,code,.test,367,no,no,no,no,,,,,no,no,0,,no,0,,no,0,,,,not_needed,
docs/_style/prism-master/tests/languages/php/keyword_feature.test,code,.test,2243,no,no,no,no,,,,,no,no,0,,no,0,,no,0,,,,not_needed,
docs/_style/prism-master/tests/languages/php/package_feature.test,code,.test,643,no,no,no,no,,,,,no,no,0,,no,0,,no,0,,,,not_needed,
docs/_style/prism-master/tests/languages/php/property_feature.test,code,.test,427,no,no,no,no,,,,,no,no,0,,no,0,,no,0,,,,not_needed,
docs/_style/prism-master/tests/languages/php/shell-comment_feature.test,code,.test,224,no,no,no,no,,,,,no,no,0,,no,0,,no,0,,,,not_needed,
docs/_style/prism-master/tests/languages/php/string-interpolation_feature.test,code,.test,4371,no,no,no,no,,,,,no,no,0,,no,0,,no,0,,,,not_needed,
docs/_style/prism-master/tests/languages/php/string_feature.test,code,.test,1178,no,no,no,no,,,,,no,no,0,,no,0,,no,0,,,,not_needed,
docs/_style/prism-master/tests/languages/php/variable_feature.test,code,.test,368,no,no,no,no,,,,,no,no,0,,no,0,,no,0,,,,not_needed,
docs/_style/prism-master/tests/languages/plsql/comment_feature.test,code,.test,279,no,no,no,no,,,,,no,no,0,,no,0,,no,0,,,,not_needed,
docs/_style/prism-master/tests/languages/plsql/keyword_feature.test,code,.test,7282,no,no,no,no,,,,,no,no,0,,no,0,,no,0,,,,not_needed,
docs/_style/prism-master/tests/languages/plsql/operator_feature.test,code,.test,172,no,no,no,no,,,,,no,no,0,,no,0,,no,0,,,,not_needed,
docs/_style/prism-master/tests/languages/powershell/boolean_feature.test,code,.test,328,no,no,no,no,,,,,no,no,0,,no,0,,no,0,,,,not_needed,
docs/_style/prism-master/tests/languages/powershell/comment_feature.test,code,.test,439,no,no,no,no,,,,,no,no,0,,no,0,,no,0,,,,not_needed,
docs/_style/prism-master/tests/languages/powershell/function_feature.test,code,.test,14316,no,no,no,no,,,,,no,no,0,,no,0,,no,0,,,,not_needed,
docs/_style/prism-master/tests/languages/powershell/issue1407.test,code,.test,905,no,no,no,no,,,,,no,no,0,,no,0,,no,0,,,,not_needed,
docs/_style/prism-master/tests/languages/powershell/keyword_feature.test,code,.test,1230,no,no,no,no,,,,,no,no,0,,no,0,,no,0,,,,not_needed,
docs/_style/prism-master/tests/languages/powershell/namespace_feature.test,code,.test,547,no,no,no,no,,,,,no,no,0,,no,0,,no,0,,,,not_needed,
docs/_style/prism-master/tests/languages/powershell/operator_feature.test,code,.test,1325,no,no,no,no,,,,,no,no,0,,no,0,,no,0,,,,not_needed,
docs/_style/prism-master/tests/languages/powershell/string_feature.test,code,.test,1649,no,no,no,no,,,,,no,no,0,,no,0,,no,0,,,,not_needed,
docs/_style/prism-master/tests/languages/powershell/variable_feature.test,code,.test,333,no,no,no,no,,,,,no,no,0,,no,0,,no,0,,,,not_needed,
docs/_style/prism-master/tests/languages/processing/constant_feature.test,code,.test,218,no,no,no,no,,,,,no,no,0,,no,0,,no,0,,,,not_needed,
docs/_style/prism-master/tests/languages/processing/function_feature.test,code,.test,259,no,no,no,no,,,,,no,no,0,,no,0,,no,0,,,,not_needed,
docs/_style/prism-master/tests/languages/processing/keyword_feature.test,code,.test,1018,no,no,no,no,,,,,no,no,0,,no,0,,no,0,,,,not_needed,
docs/_style/prism-master/tests/languages/processing/operator_feature.test,code,.test,703,no,no,no,no,,,,,no,no,0,,no,0,,no,0,,,,not_needed,
docs/_style/prism-master/tests/languages/processing/type_feature.test,code,.test,428,no,no,no,no,,,,,no,no,0,,no,0,,no,0,,,,not_needed,
docs/_style/prism-master/tests/languages/prolog/builtin_feature.test,code,.test,313,no,no,no,no,,,,,no,no,0,,no,0,,no,0,,,,not_needed,
docs/_style/prism-master/tests/languages/prolog/comment_feature.test,code,.test,258,no,no,no,no,,,,,no,no,0,,no,0,,no,0,,,,not_needed,
docs/_style/prism-master/tests/languages/prolog/function_feature.test,code,.test,330,no,no,no,no,,,,,no,no,0,,no,0,,no,0,,,,not_needed,
docs/_style/prism-master/tests/languages/prolog/number_feature.test,code,.test,220,no,no,no,no,,,,,no,no,0,,no,0,,no,0,,,,not_needed,
docs/_style/prism-master/tests/languages/prolog/operator_feature.test,code,.test,655,no,no,no,no,,,,,no,no,0,,no,0,,no,0,,,,not_needed,
docs/_style/prism-master/tests/languages/prolog/string_feature.test,code,.test,451,no,no,no,no,,,,,no,no,0,,no,0,,no,0,,,,not_needed,
docs/_style/prism-master/tests/languages/prolog/variable_feature.test,code,.test,248,no,no,no,no,,,,,no,no,0,,no,0,,no,0,,,,not_needed,
docs/_style/prism-master/tests/languages/properties/comment_feature.test,code,.test,279,no,no,no,no,,,,,no,no,0,,no,0,,no,0,,,,not_needed,
docs/_style/prism-master/tests/languages/properties/key_value_feature.test,code,.test,748,no,no,no,no,,,,,no,no,0,,no,0,,no,0,,,,not_needed,
docs/_style/prism-master/tests/languages/protobuf/keyword_feature.test,code,.test,691,no,no,no,no,,,,,no,no,0,,no,0,,no,0,,,,not_needed,
docs/_style/prism-master/tests/languages/protobuf/string_feature.test,code,.test,388,no,no,no,no,,,,,no,no,0,,no,0,,no,0,,,,not_needed,
docs/_style/prism-master/tests/languages/pug/code_feature.test,code,.test,590,no,no,no,no,,,,,no,no,0,,no,0,,no,0,,,,not_needed,
docs/_style/prism-master/tests/languages/pug/comment_feature.test,code,.test,333,no,no,no,no,,,,,no,no,0,,no,0,,no,0,,,,not_needed,
docs/_style/prism-master/tests/languages/pug/doctype_feature.test,code,.test,358,no,no,no,no,,,,,no,no,0,,no,0,,no,0,,,,not_needed,
docs/_style/prism-master/tests/languages/pug/flow-control_feature.test,code,.test,1265,no,no,no,no,,,,,no,no,0,,no,0,,no,0,,,,not_needed,
docs/_style/prism-master/tests/languages/pug/keyword_feature.test,code,.test,501,no,no,no,no,,,,,no,no,0,,no,0,,no,0,,,,not_needed,
docs/_style/prism-master/tests/languages/pug/mixin_feature.test,code,.test,563,no,no,no,no,,,,,no,no,0,,no,0,,no,0,,,,not_needed,
docs/_style/prism-master/tests/languages/pug/multiline-plain-text_feature.test,code,.test,446,no,no,no,no,,,,,no,no,0,,no,0,,no,0,,,,not_needed,
docs/_style/prism-master/tests/languages/pug/multiline-script_feature.test,code,.test,1082,no,no,no,no,,,,,no,no,0,,no,0,,no,0,,,,not_needed,
docs/_style/prism-master/tests/languages/pug/plain-text_feature.test,code,.test,288,no,no,no,no,,,,,no,no,0,,no,0,,no,0,,,,not_needed,
docs/_style/prism-master/tests/languages/pug/script_feature.test,code,.test,745,no,no,no,no,,,,,no,no,0,,no,0,,no,0,,,,not_needed,
docs/_style/prism-master/tests/languages/pug/tag_feature.test,code,.test,1881,no,no,no,no,,,,,no,no,0,,no,0,,no,0,,,,not_needed,
docs/_style/prism-master/tests/languages/puppet/attr-name_feature.test,code,.test,399,no,no,no,no,,,,,no,no,0,,no,0,,no,0,,,,not_needed,
docs/_style/prism-master/tests/languages/puppet/boolean_feature.test,code,.test,201,no,no,no,no,,,,,no,no,0,,no,0,,no,0,,,,not_needed,
docs/_style/prism-master/tests/languages/puppet/comment_feature.test,code,.test,413,no,no,no,no,,,,,no,no,0,,no,0,,no,0,,,,not_needed,
docs/_style/prism-master/tests/languages/puppet/datatype_feature.test,code,.test,1079,no,no,no,no,,,,,no,no,0,,no,0,,no,0,,,,not_needed,
docs/_style/prism-master/tests/languages/puppet/function_feature.test,code,.test,681,no,no,no,no,,,,,no,no,0,,no,0,,no,0,,,,not_needed,
docs/_style/prism-master/tests/languages/puppet/heredoc_feature.test,code,.test,1202,no,no,no,no,,,,,no,no,0,,no,0,,no,0,,,,not_needed,
docs/_style/prism-master/tests/languages/puppet/interpolation_feature.test,code,.test,1789,no,no,no,no,,,,,no,no,0,,no,0,,no,0,,,,not_needed,
docs/_style/prism-master/tests/languages/puppet/keyword_feature.test,code,.test,764,no,no,no,no,,,,,no,no,0,,no,0,,no,0,,,,not_needed,
docs/_style/prism-master/tests/languages/puppet/number_feature.test,code,.test,382,no,no,no,no,,,,,no,no,0,,no,0,,no,0,,,,not_needed,
docs/_style/prism-master/tests/languages/puppet/operator_feature.test,code,.test,869,no,no,no,no,,,,,no,no,0,,no,0,,no,0,,,,not_needed,
docs/_style/prism-master/tests/languages/puppet/regex_feature.test,code,.test,685,no,no,no,no,,,,,no,no,0,,no,0,,no,0,,,,not_needed,
docs/_style/prism-master/tests/languages/puppet/string_feature.test,code,.test,805,no,no,no,no,,,,,no,no,0,,no,0,,no,0,,,,not_needed,
docs/_style/prism-master/tests/languages/puppet/variable_feature.test,code,.test,355,no,no,no,no,,,,,no,no,0,,no,0,,no,0,,,,not_needed,
docs/_style/prism-master/tests/languages/pure/comment_feature.test,code,.test,332,no,no,no,no,,,,,no,no,0,,no,0,,no,0,,,,not_needed,
docs/_style/prism-master/tests/languages/pure/function_feature.test,code,.test,11298,no,no,no,no,,,,,no,no,0,,no,0,,no,0,,,,not_needed,
docs/_style/prism-master/tests/languages/pure/keyword_feature.test,code,.test,1723,no,no,no,no,,,,,no,no,0,,no,0,,no,0,,,,not_needed,
docs/_style/prism-master/tests/languages/pure/number_feature.test,code,.test,448,no,no,no,no,,,,,no,no,0,,no,0,,no,0,,,,not_needed,
docs/_style/prism-master/tests/languages/pure/operator_feature.test,code,.test,905,no,no,no,no,,,,,no,no,0,,no,0,,no,0,,,,not_needed,
docs/_style/prism-master/tests/languages/pure/special_feature.test,code,.test,259,no,no,no,no,,,,,no,no,0,,no,0,,no,0,,,,not_needed,
docs/_style/prism-master/tests/languages/pure/string_feature.test,code,.test,210,no,no,no,no,,,,,no,no,0,,no,0,,no,0,,,,not_needed,
docs/_style/prism-master/tests/languages/python/boolean_feature.test,code,.test,230,no,no,no,no,,,,,no,no,0,,no,0,,no,0,,,,not_needed,
docs/_style/prism-master/tests/languages/python/builtin_feature.test,code,.test,2629,no,no,no,no,,,,,no,no,0,,no,0,,no,0,,,,not_needed,
docs/_style/prism-master/tests/languages/python/class-name_feature.test,code,.test,326,no,no,no,no,,,,,no,no,0,,no,0,,no,0,,,,not_needed,
docs/_style/prism-master/tests/languages/python/comment_feature.test,code,.test,201,no,no,no,no,,,,,no,no,0,,no,0,,no,0,,,,not_needed,
docs/_style/prism-master/tests/languages/python/decorator_feature.test,code,.test,454,no,no,no,no,,,,,no,no,0,,no,0,,no,0,,,,not_needed,
docs/_style/prism-master/tests/languages/python/function_feature.test,code,.test,478,no,no,no,no,,,,,no,no,0,,no,0,,no,0,,,,not_needed,
docs/_style/prism-master/tests/languages/python/issue1355.test,code,.test,523,no,no,no,no,,,,,no,no,0,,no,0,,no,0,,,,not_needed,
docs/_style/prism-master/tests/languages/python/keyword_feature.test,code,.test,1138,no,no,no,no,,,,,no,no,0,,no,0,,no,0,,,,not_needed,
docs/_style/prism-master/tests/languages/python/number_feature.test,code,.test,459,no,no,no,no,,,,,no,no,0,,no,0,,no,0,,,,not_needed,
docs/_style/prism-master/tests/languages/python/operator_feature.test,code,.test,800,no,no,no,no,,,,,no,no,0,,no,0,,no,0,,,,not_needed,
docs/_style/prism-master/tests/languages/python/string-interpolation_feature.test,code,.test,2820,no,no,no,no,,,,,no,no,0,,no,0,,no,0,,,,not_needed,
docs/_style/prism-master/tests/languages/python/string_feature.test,code,.test,485,no,no,no,no,,,,,no,no,0,,no,0,,no,0,,,,not_needed,
docs/_style/prism-master/tests/languages/python/triple-quoted-string_feature.test,code,.test,443,no,no,no,no,,,,,no,no,0,,no,0,,no,0,,,,not_needed,
docs/_style/prism-master/tests/languages/q/adverb_feature.test,code,.test,331,no,no,no,no,,,,,no,no,0,,no,0,,no,0,,,,not_needed,
docs/_style/prism-master/tests/languages/q/comment_feature.test,code,.test,381,no,no,no,no,,,,,no,no,0,,no,0,,no,0,,,,not_needed,
docs/_style/prism-master/tests/languages/q/datetime_feature.test,code,.test,908,no,no,no,no,,,,,no,no,0,,no,0,,no,0,,,,not_needed,
docs/_style/prism-master/tests/languages/q/keyword_feature.test,code,.test,5445,no,no,no,no,,,,,no,no,0,,no,0,,no,0,,,,not_needed,
docs/_style/prism-master/tests/languages/q/number_feature.test,code,.test,665,no,no,no,no,,,,,no,no,0,,no,0,,no,0,,,,not_needed,
docs/_style/prism-master/tests/languages/q/string_feature.test,code,.test,210,no,no,no,no,,,,,no,no,0,,no,0,,no,0,,,,not_needed,
docs/_style/prism-master/tests/languages/q/symbol_feature.test,code,.test,290,no,no,no,no,,,,,no,no,0,,no,0,,no,0,,,,not_needed,
docs/_style/prism-master/tests/languages/q/verb_feature.test,code,.test,1055,no,no,no,no,,,,,no,no,0,,no,0,,no,0,,,,not_needed,
docs/_style/prism-master/tests/languages/qore/boolean_feature.test,code,.test,201,no,no,no,no,,,,,no,no,0,,no,0,,no,0,,,,not_needed,
docs/_style/prism-master/tests/languages/qore/comment_feature.test,code,.test,355,no,no,no,no,,,,,no,no,0,,no,0,,no,0,,,,not_needed,
docs/_style/prism-master/tests/languages/qore/function_feature.test,code,.test,386,no,no,no,no,,,,,no,no,0,,no,0,,no,0,,,,not_needed,
docs/_style/prism-master/tests/languages/qore/keyword_feature.test,code,.test,2458,no,no,no,no,,,,,no,no,0,,no,0,,no,0,,,,not_needed,
docs/_style/prism-master/tests/languages/qore/number_feature.test,code,.test,342,no,no,no,no,,,,,no,no,0,,no,0,,no,0,,,,not_needed,
docs/_style/prism-master/tests/languages/qore/operator_feature.test,code,.test,1063,no,no,no,no,,,,,no,no,0,,no,0,,no,0,,,,not_needed,
docs/_style/prism-master/tests/languages/qore/string_feature.test,code,.test,287,no,no,no,no,,,,,no,no,0,,no,0,,no,0,,,,not_needed,
docs/_style/prism-master/tests/languages/qore/variable_feature.test,code,.test,258,no,no,no,no,,,,,no,no,0,,no,0,,no,0,,,,not_needed,
docs/_style/prism-master/tests/languages/r/boolean_feature.test,code,.test,201,no,no,no,no,,,,,no,no,0,,no,0,,no,0,,,,not_needed,
docs/_style/prism-master/tests/languages/r/comment_feature.test,code,.test,201,no,no,no,no,,,,,no,no,0,,no,0,,no,0,,,,not_needed,
docs/_style/prism-master/tests/languages/r/ellipsis_feature.test,code,.test,251,no,no,no,no,,,,,no,no,0,,no,0,,no,0,,,,not_needed,
docs/_style/prism-master/tests/languages/r/keyword_feature.test,code,.test,615,no,no,no,no,,,,,no,no,0,,no,0,,no,0,,,,not_needed,
docs/_style/prism-master/tests/languages/r/number_feature.test,code,.test,656,no,no,no,no,,,,,no,no,0,,no,0,,no,0,,,,not_needed,
docs/_style/prism-master/tests/languages/r/operator_feature.test,code,.test,748,no,no,no,no,,,,,no,no,0,,no,0,,no,0,,,,not_needed,
docs/_style/prism-master/tests/languages/r/percent-operator_feature.test,code,.test,435,no,no,no,no,,,,,no,no,0,,no,0,,no,0,,,,not_needed,
docs/_style/prism-master/tests/languages/r/string_feature.test,code,.test,307,no,no,no,no,,,,,no,no,0,,no,0,,no,0,,,,not_needed,
docs/_style/prism-master/tests/languages/reason/character_feature.test,code,.test,311,no,no,no,no,,,,,no,no,0,,no,0,,no,0,,,,not_needed,
docs/_style/prism-master/tests/languages/reason/class-name_feature.test,code,.test,351,no,no,no,no,,,,,no,no,0,,no,0,,no,0,,,,not_needed,
docs/_style/prism-master/tests/languages/reason/comment_feature.test,code,.test,377,no,no,no,no,,,,,no,no,0,,no,0,,no,0,,,,not_needed,
docs/_style/prism-master/tests/languages/reason/constructor_feature.test,code,.test,242,no,no,no,no,,,,,no,no,0,,no,0,,no,0,,,,not_needed,
docs/_style/prism-master/tests/languages/reason/keyword_feature.test,code,.test,1582,no,no,no,no,,,,,no,no,0,,no,0,,no,0,,,,not_needed,
docs/_style/prism-master/tests/languages/reason/label_feature.test,code,.test,253,no,no,no,no,,,,,no,no,0,,no,0,,no,0,,,,not_needed,
docs/_style/prism-master/tests/languages/reason/operator_feature.test,code,.test,972,no,no,no,no,,,,,no,no,0,,no,0,,no,0,,,,not_needed,
docs/_style/prism-master/tests/languages/reason/string_feature.test,code,.test,210,no,no,no,no,,,,,no,no,0,,no,0,,no,0,,,,not_needed,
docs/_style/prism-master/tests/languages/rest/command-line-option_feature.test,code,.test,1090,no,no,no,no,,,,,no,no,0,,no,0,,no,0,,,,not_needed,
docs/_style/prism-master/tests/languages/rest/comment_feature.test,code,.test,374,no,no,no,no,,,,,no,no,0,,no,0,,no,0,,,,not_needed,
docs/_style/prism-master/tests/languages/rest/directive_feature.test,code,.test,555,no,no,no,no,,,,,no,no,0,,no,0,,no,0,,,,not_needed,
docs/_style/prism-master/tests/languages/rest/doctest-block_feature.test,code,.test,321,no,no,no,no,,,,,no,no,0,,no,0,,no,0,,,,not_needed,
docs/_style/prism-master/tests/languages/rest/field_feature.test,code,.test,376,no,no,no,no,,,,,no,no,0,,no,0,,no,0,,,,not_needed,
docs/_style/prism-master/tests/languages/rest/hr_feature.test,code,.test,1175,no,no,no,no,,,,,no,no,0,,no,0,,no,0,,,,not_needed,
docs/_style/prism-master/tests/languages/rest/inline_feature.test,code,.test,1687,no,no,no,no,,,,,no,no,0,,no,0,,no,0,,,,not_needed,
docs/_style/prism-master/tests/languages/rest/link-target_feature.test,code,.test,1493,no,no,no,no,,,,,no,no,0,,no,0,,no,0,,,,not_needed,
docs/_style/prism-master/tests/languages/rest/link_feature.test,code,.test,965,no,no,no,no,,,,,no,no,0,,no,0,,no,0,,,,not_needed,
docs/_style/prism-master/tests/languages/rest/list-bullet_feature.test,code,.test,880,no,no,no,no,,,,,no,no,0,,no,0,,no,0,,,,not_needed,
docs/_style/prism-master/tests/languages/rest/literal-block_feature.test,code,.test,424,no,no,no,no,,,,,no,no,0,,no,0,,no,0,,,,not_needed,
docs/_style/prism-master/tests/languages/rest/quoted-literal-block_feature.test,code,.test,6548,no,no,no,no,,,,,no,no,0,,no,0,,no,0,,,,not_needed,
docs/_style/prism-master/tests/languages/rest/substitution-def_feature.test,code,.test,1231,no,no,no,no,,,,,no,no,0,,no,0,,no,0,,,,not_needed,
docs/_style/prism-master/tests/languages/rest/table_feature.test,code,.test,1573,no,no,no,no,,,,,no,no,0,,no,0,,no,0,,,,not_needed,
docs/_style/prism-master/tests/languages/rest/title_feature.test,code,.test,6890,no,no,no,no,,,,,no,no,0,,no,0,,no,0,,,,not_needed,
docs/_style/prism-master/tests/languages/rip/boolean_feature.test,code,.test,201,no,no,no,no,,,,,no,no,0,,no,0,,no,0,,,,not_needed,
docs/_style/prism-master/tests/languages/rip/builtin_feature.test,code,.test,197,no,no,no,no,,,,,no,no,0,,no,0,,no,0,,,,not_needed,
docs/_style/prism-master/tests/languages/rip/character_feature.test,code,.test,222,no,no,no,no,,,,,no,no,0,,no,0,,no,0,,,,not_needed,
docs/_style/prism-master/tests/languages/rip/comment_feature.test,code,.test,201,no,no,no,no,,,,,no,no,0,,no,0,,no,0,,,,not_needed,
docs/_style/prism-master/tests/languages/rip/date_time_feature.test,code,.test,427,no,no,no,no,,,,,no,no,0,,no,0,,no,0,,,,not_needed,
docs/_style/prism-master/tests/languages/rip/keyword_feature.test,code,.test,503,no,no,no,no,,,,,no,no,0,,no,0,,no,0,,,,not_needed,
docs/_style/prism-master/tests/languages/rip/number_feature.test,code,.test,314,no,no,no,no,,,,,no,no,0,,no,0,,no,0,,,,not_needed,
docs/_style/prism-master/tests/languages/rip/reference_feature.test,code,.test,208,no,no,no,no,,,,,no,no,0,,no,0,,no,0,,,,not_needed,
docs/_style/prism-master/tests/languages/rip/regex_feature.test,code,.test,315,no,no,no,no,,,,,no,no,0,,no,0,,no,0,,,,not_needed,
docs/_style/prism-master/tests/languages/rip/string_feature.test,code,.test,307,no,no,no,no,,,,,no,no,0,,no,0,,no,0,,,,not_needed,
docs/_style/prism-master/tests/languages/rip/symbol_feature.test,code,.test,242,no,no,no,no,,,,,no,no,0,,no,0,,no,0,,,,not_needed,
docs/_style/prism-master/tests/languages/roboconf/comment_feature.test,code,.test,201,no,no,no,no,,,,,no,no,0,,no,0,,no,0,,,,not_needed,
docs/_style/prism-master/tests/languages/roboconf/component_feature.test,code,.test,362,no,no,no,no,,,,,no,no,0,,no,0,,no,0,,,,not_needed,
docs/_style/prism-master/tests/languages/roboconf/keyword_feature.test,code,.test,435,no,no,no,no,,,,,no,no,0,,no,0,,no,0,,,,not_needed,
docs/_style/prism-master/tests/languages/roboconf/optional_feature.test,code,.test,188,no,no,no,no,,,,,no,no,0,,no,0,,no,0,,,,not_needed,
docs/_style/prism-master/tests/languages/roboconf/property_feature.test,code,.test,408,no,no,no,no,,,,,no,no,0,,no,0,,no,0,,,,not_needed,
docs/_style/prism-master/tests/languages/roboconf/value_feature.test,code,.test,647,no,no,no,no,,,,,no,no,0,,no,0,,no,0,,,,not_needed,
docs/_style/prism-master/tests/languages/roboconf/wildcard_feature.test,code,.test,229,no,no,no,no,,,,,no,no,0,,no,0,,no,0,,,,not_needed,
docs/_style/prism-master/tests/languages/ruby/builtin_feature.test,code,.test,1194,no,no,no,no,,,,,no,no,0,,no,0,,no,0,,,,not_needed,
docs/_style/prism-master/tests/languages/ruby/comment_feature.test,code,.test,364,no,no,no,no,,,,,no,no,0,,no,0,,no,0,,,,not_needed,
docs/_style/prism-master/tests/languages/ruby/constant_feature.test,code,.test,330,no,no,no,no,,,,,no,no,0,,no,0,,no,0,,,,not_needed,
docs/_style/prism-master/tests/languages/ruby/issue1336.test,code,.test,312,no,no,no,no,,,,,no,no,0,,no,0,,no,0,,,,not_needed,
docs/_style/prism-master/tests/languages/ruby/keyword_feature.test,code,.test,1647,no,no,no,no,,,,,no,no,0,,no,0,,no,0,,,,not_needed,
docs/_style/prism-master/tests/languages/ruby/method_definition_feature.test,code,.test,1643,no,no,no,no,,,,,no,no,0,,no,0,,no,0,,,,not_needed,
docs/_style/prism-master/tests/languages/ruby/regex_feature.test,code,.test,1209,no,no,no,no,,,,,no,no,0,,no,0,,no,0,,,,not_needed,
docs/_style/prism-master/tests/languages/ruby/string_feature.test,code,.test,6038,no,no,no,no,,,,,no,no,0,,no,0,,no,0,,,,not_needed,
docs/_style/prism-master/tests/languages/ruby/symbol_feature.test,code,.test,258,no,no,no,no,,,,,no,no,0,,no,0,,no,0,,,,not_needed,
docs/_style/prism-master/tests/languages/ruby/variable_feature.test,code,.test,398,no,no,no,no,,,,,no,no,0,,no,0,,no,0,,,,not_needed,
docs/_style/prism-master/tests/languages/rust/attribute_feature.test,code,.test,239,no,no,no,no,,,,,no,no,0,,no,0,,no,0,,,,not_needed,
docs/_style/prism-master/tests/languages/rust/char_feature.test,code,.test,190,no,no,no,no,,,,,no,no,0,,no,0,,no,0,,,,not_needed,
docs/_style/prism-master/tests/languages/rust/closure-params_feature.test,code,.test,580,no,no,no,no,,,,,no,no,0,,no,0,,no,0,,,,not_needed,
docs/_style/prism-master/tests/languages/rust/comment_feature.test,code,.test,285,no,no,no,no,,,,,no,no,0,,no,0,,no,0,,,,not_needed,
docs/_style/prism-master/tests/languages/rust/function_feature.test,code,.test,511,no,no,no,no,,,,,no,no,0,,no,0,,no,0,,,,not_needed,
docs/_style/prism-master/tests/languages/rust/issue1339.test,code,.test,1145,no,no,no,no,,,,,no,no,0,,no,0,,no,0,,,,not_needed,
docs/_style/prism-master/tests/languages/rust/issue1353.test,code,.test,316,no,no,no,no,,,,,no,no,0,,no,0,,no,0,,,,not_needed,
docs/_style/prism-master/tests/languages/rust/keyword_feature.test,code,.test,1628,no,no,no,no,,,,,no,no,0,,no,0,,no,0,,,,not_needed,
docs/_style/prism-master/tests/languages/rust/lifetime-annotation_feature.test,code,.test,308,no,no,no,no,,,,,no,no,0,,no,0,,no,0,,,,not_needed,
docs/_style/prism-master/tests/languages/rust/macro-rules_feature.test,code,.test,265,no,no,no,no,,,,,no,no,0,,no,0,,no,0,,,,not_needed,
docs/_style/prism-master/tests/languages/rust/number_feature.test,code,.test,816,no,no,no,no,,,,,no,no,0,,no,0,,no,0,,,,not_needed,
docs/_style/prism-master/tests/languages/rust/operator_feature.test,code,.test,899,no,no,no,no,,,,,no,no,0,,no,0,,no,0,,,,not_needed,
docs/_style/prism-master/tests/languages/rust/string_feature.test,code,.test,568,no,no,no,no,,,,,no,no,0,,no,0,,no,0,,,,not_needed,
docs/_style/prism-master/tests/languages/sas/comment_feature.test,code,.test,310,no,no,no,no,,,,,no,no,0,,no,0,,no,0,,,,not_needed,
docs/_style/prism-master/tests/languages/sas/datalines_feature.test,code,.test,701,no,no,no,no,,,,,no,no,0,,no,0,,no,0,,,,not_needed,
docs/_style/prism-master/tests/languages/sas/datetime_feature.test,code,.test,316,no,no,no,no,,,,,no,no,0,,no,0,,no,0,,,,not_needed,
docs/_style/prism-master/tests/languages/sas/keyword_feature.test,code,.test,343,no,no,no,no,,,,,no,no,0,,no,0,,no,0,,,,not_needed,
docs/_style/prism-master/tests/languages/sas/number_feature.test,code,.test,354,no,no,no,no,,,,,no,no,0,,no,0,,no,0,,,,not_needed,
docs/_style/prism-master/tests/languages/sas/operator_feature.test,code,.test,928,no,no,no,no,,,,,no,no,0,,no,0,,no,0,,,,not_needed,
docs/_style/prism-master/tests/languages/sas/string_feature.test,code,.test,380,no,no,no,no,,,,,no,no,0,,no,0,,no,0,,,,not_needed,
docs/_style/prism-master/tests/languages/sass/atrule-line_feature.test,code,.test,543,no,no,no,no,,,,,no,no,0,,no,0,,no,0,,,,not_needed,
docs/_style/prism-master/tests/languages/sass/comment_feature.test,code,.test,348,no,no,no,no,,,,,no,no,0,,no,0,,no,0,,,,not_needed,
docs/_style/prism-master/tests/languages/sass/property-line_feature.test,code,.test,968,no,no,no,no,,,,,no,no,0,,no,0,,no,0,,,,not_needed,
docs/_style/prism-master/tests/languages/sass/selector_feature.test,code,.test,431,no,no,no,no,,,,,no,no,0,,no,0,,no,0,,,,not_needed,
docs/_style/prism-master/tests/languages/sass/variable-line_feature.test,code,.test,545,no,no,no,no,,,,,no,no,0,,no,0,,no,0,,,,not_needed,
docs/_style/prism-master/tests/languages/scala/builtin_feature.test,code,.test,545,no,no,no,no,,,,,no,no,0,,no,0,,no,0,,,,not_needed,
docs/_style/prism-master/tests/languages/scala/keyword_feature.test,code,.test,1291,no,no,no,no,,,,,no,no,0,,no,0,,no,0,,,,not_needed,
docs/_style/prism-master/tests/languages/scala/number_feature.test,code,.test,412,no,no,no,no,,,,,no,no,0,,no,0,,no,0,,,,not_needed,
docs/_style/prism-master/tests/languages/scala/string_feature.test,code,.test,606,no,no,no,no,,,,,no,no,0,,no,0,,no,0,,,,not_needed,
docs/_style/prism-master/tests/languages/scala/symbol_feature.test,code,.test,238,no,no,no,no,,,,,no,no,0,,no,0,,no,0,,,,not_needed,
docs/_style/prism-master/tests/languages/scheme/boolean_feature.test,code,.test,191,no,no,no,no,,,,,no,no,0,,no,0,,no,0,,,,not_needed,
docs/_style/prism-master/tests/languages/scheme/builtin_feature.test,code,.test,1931,no,no,no,no,,,,,no,no,0,,no,0,,no,0,,,,not_needed,
docs/_style/prism-master/tests/languages/scheme/character_feature.test,code,.test,302,no,no,no,no,,,,,no,no,0,,no,0,,no,0,,,,not_needed,
docs/_style/prism-master/tests/languages/scheme/comment_feature.test,code,.test,201,no,no,no,no,,,,,no,no,0,,no,0,,no,0,,,,not_needed,
docs/_style/prism-master/tests/languages/scheme/function_feature.test,code,.test,758,no,no,no,no,,,,,no,no,0,,no,0,,no,0,,,,not_needed,
docs/_style/prism-master/tests/languages/scheme/issue1331.test,code,.test,386,no,no,no,no,,,,,no,no,0,,no,0,,no,0,,,,not_needed,
docs/_style/prism-master/tests/languages/scheme/keyword_feature.test,code,.test,2131,no,no,no,no,,,,,no,no,0,,no,0,,no,0,,,,not_needed,
docs/_style/prism-master/tests/languages/scheme/number_feature.test,code,.test,665,no,no,no,no,,,,,no,no,0,,no,0,,no,0,,,,not_needed,
docs/_style/prism-master/tests/languages/scheme/operator_feature.test,code,.test,665,no,no,no,no,,,,,no,no,0,,no,0,,no,0,,,,not_needed,
docs/_style/prism-master/tests/languages/scheme/string_feature.test,code,.test,369,no,no,no,no,,,,,no,no,0,,no,0,,no,0,,,,not_needed,
docs/_style/prism-master/tests/languages/scss+haml/scss_inclusion.test,code,.test,780,no,no,no,no,,,,,no,no,0,,no,0,,no,0,,,,not_needed,
docs/_style/prism-master/tests/languages/scss+pug/scss_inclusion.test,code,.test,301,no,no,no,no,,,,,no,no,0,,no,0,,no,0,,,,not_needed,
docs/_style/prism-master/tests/languages/scss/atrule_feature.test,code,.test,385,no,no,no,no,,,,,no,no,0,,no,0,,no,0,,,,not_needed,
docs/_style/prism-master/tests/languages/scss/boolean_feature.test,code,.test,201,no,no,no,no,,,,,no,no,0,,no,0,,no,0,,,,not_needed,
docs/_style/prism-master/tests/languages/scss/comment_feature.test,code,.test,287,no,no,no,no,,,,,no,no,0,,no,0,,no,0,,,,not_needed,
docs/_style/prism-master/tests/languages/scss/keyword_feature.test,code,.test,736,no,no,no,no,,,,,no,no,0,,no,0,,no,0,,,,not_needed,
docs/_style/prism-master/tests/languages/scss/null_feature.test,code,.test,163,no,no,no,no,,,,,no,no,0,,no,0,,no,0,,,,not_needed,
docs/_style/prism-master/tests/languages/scss/operator_feature.test,code,.test,1101,no,no,no,no,,,,,no,no,0,,no,0,,no,0,,,,not_needed,
docs/_style/prism-master/tests/languages/scss/placeholder_feature.test,code,.test,266,no,no,no,no,,,,,no,no,0,,no,0,,no,0,,,,not_needed,
docs/_style/prism-master/tests/languages/scss/property_feature.test,code,.test,840,no,no,no,no,,,,,no,no,0,,no,0,,no,0,,,,not_needed,
docs/_style/prism-master/tests/languages/scss/selector_feature.test,code,.test,860,no,no,no,no,,,,,no,no,0,,no,0,,no,0,,,,not_needed,
docs/_style/prism-master/tests/languages/scss/statement_feature.test,code,.test,427,no,no,no,no,,,,,no,no,0,,no,0,,no,0,,,,not_needed,
docs/_style/prism-master/tests/languages/scss/url_feature.test,code,.test,365,no,no,no,no,,,,,no,no,0,,no,0,,no,0,,,,not_needed,
docs/_style/prism-master/tests/languages/scss/variable_feature.test,code,.test,372,no,no,no,no,,,,,no,no,0,,no,0,,no,0,,,,not_needed,
docs/_style/prism-master/tests/languages/smalltalk/block-arguments_feature.test,code,.test,446,no,no,no,no,,,,,no,no,0,,no,0,,no,0,,,,not_needed,
docs/_style/prism-master/tests/languages/smalltalk/character_feature.test,code,.test,251,no,no,no,no,,,,,no,no,0,,no,0,,no,0,,,,not_needed,
docs/_style/prism-master/tests/languages/smalltalk/comment_feature.test,code,.test,237,no,no,no,no,,,,,no,no,0,,no,0,,no,0,,,,not_needed,
docs/_style/prism-master/tests/languages/smalltalk/keyword_feature.test,code,.test,303,no,no,no,no,,,,,no,no,0,,no,0,,no,0,,,,not_needed,
docs/_style/prism-master/tests/languages/smalltalk/number_feature.test,code,.test,378,no,no,no,no,,,,,no,no,0,,no,0,,no,0,,,,not_needed,
docs/_style/prism-master/tests/languages/smalltalk/operator_feature.test,code,.test,658,no,no,no,no,,,,,no,no,0,,no,0,,no,0,,,,not_needed,
docs/_style/prism-master/tests/languages/smalltalk/string_feature.test,code,.test,228,no,no,no,no,,,,,no,no,0,,no,0,,no,0,,,,not_needed,
docs/_style/prism-master/tests/languages/smalltalk/symbol_feature.test,code,.test,319,no,no,no,no,,,,,no,no,0,,no,0,,no,0,,,,not_needed,
docs/_style/prism-master/tests/languages/smalltalk/temporary-variables_feature.test,code,.test,488,no,no,no,no,,,,,no,no,0,,no,0,,no,0,,,,not_needed,
docs/_style/prism-master/tests/languages/smarty/attr-name_feature.test,code,.test,624,no,no,no,no,,,,,no,no,0,,no,0,,no,0,,,,not_needed,
docs/_style/prism-master/tests/languages/smarty/comment_feature.test,code,.test,249,no,no,no,no,,,,,no,no,0,,no,0,,no,0,,,,not_needed,
docs/_style/prism-master/tests/languages/smarty/function_feature.test,code,.test,775,no,no,no,no,,,,,no,no,0,,no,0,,no,0,,,,not_needed,
docs/_style/prism-master/tests/languages/smarty/keyword_feature.test,code,.test,875,no,no,no,no,,,,,no,no,0,,no,0,,no,0,,,,not_needed,
docs/_style/prism-master/tests/languages/smarty/number_feature.test,code,.test,742,no,no,no,no,,,,,no,no,0,,no,0,,no,0,,,,not_needed,
docs/_style/prism-master/tests/languages/smarty/operator_feature.test,code,.test,4032,no,no,no,no,,,,,no,no,0,,no,0,,no,0,,,,not_needed,
docs/_style/prism-master/tests/languages/smarty/smarty_in_markup_feature.test,code,.test,951,no,no,no,no,,,,,no,no,0,,no,0,,no,0,,,,not_needed,
docs/_style/prism-master/tests/languages/smarty/string_feature.test,code,.test,551,no,no,no,no,,,,,no,no,0,,no,0,,no,0,,,,not_needed,
docs/_style/prism-master/tests/languages/smarty/variable_feature.test,code,.test,1057,no,no,no,no,,,,,no,no,0,,no,0,,no,0,,,,not_needed,
docs/_style/prism-master/tests/languages/soy/boolean_feature.test,code,.test,525,no,no,no,no,,,,,no,no,0,,no,0,,no,0,,,,not_needed,
docs/_style/prism-master/tests/languages/soy/command-arg.test,code,.test,1721,no,no,no,no,,,,,no,no,0,,no,0,,no,0,,,,not_needed,
docs/_style/prism-master/tests/languages/soy/comment_feature.test,code,.test,551,no,no,no,no,,,,,no,no,0,,no,0,,no,0,,,,not_needed,
docs/_style/prism-master/tests/languages/soy/function_feature.test,code,.test,1895,no,no,no,no,,,,,no,no,0,,no,0,,no,0,,,,not_needed,
docs/_style/prism-master/tests/languages/soy/keyword_feature.test,code,.test,6261,no,no,no,no,,,,,no,no,0,,no,0,,no,0,,,,not_needed,
docs/_style/prism-master/tests/languages/soy/literal_feature.test,code,.test,1368,no,no,no,no,,,,,no,no,0,,no,0,,no,0,,,,not_needed,
docs/_style/prism-master/tests/languages/soy/number_feature.test,code,.test,1264,no,no,no,no,,,,,no,no,0,,no,0,,no,0,,,,not_needed,
docs/_style/prism-master/tests/languages/soy/operator_feature.test,code,.test,2544,no,no,no,no,,,,,no,no,0,,no,0,,no,0,,,,not_needed,
docs/_style/prism-master/tests/languages/soy/parameter_feature.test,code,.test,1347,no,no,no,no,,,,,no,no,0,,no,0,,no,0,,,,not_needed,
docs/_style/prism-master/tests/languages/soy/property_feature.test,code,.test,1332,no,no,no,no,,,,,no,no,0,,no,0,,no,0,,,,not_needed,
docs/_style/prism-master/tests/languages/soy/soy_in_markup_feature.test,code,.test,1164,no,no,no,no,,,,,no,no,0,,no,0,,no,0,,,,not_needed,
docs/_style/prism-master/tests/languages/soy/string_feature.test,code,.test,1040,no,no,no,no,,,,,no,no,0,,no,0,,no,0,,,,not_needed,
docs/_style/prism-master/tests/languages/soy/variable_feature.test,code,.test,1978,no,no,no,no,,,,,no,no,0,,no,0,,no,0,,,,not_needed,
docs/_style/prism-master/tests/languages/sql/boolean_feature.test,code,.test,230,no,no,no,no,,,,,no,no,0,,no,0,,no,0,,,,not_needed,
docs/_style/prism-master/tests/languages/sql/comment_feature.test,code,.test,391,no,no,no,no,,,,,no,no,0,,no,0,,no,0,,,,not_needed,
docs/_style/prism-master/tests/languages/sql/function_feature.test,code,.test,936,no,no,no,no,,,,,no,no,0,,no,0,,no,0,,,,not_needed,
docs/_style/prism-master/tests/languages/sql/keyword_feature.test,code,.test,12265,no,no,no,no,,,,,no,no,0,,no,0,,no,0,,,,not_needed,
docs/_style/prism-master/tests/languages/sql/number_feature.test,code,.test,256,no,no,no,no,,,,,no,no,0,,no,0,,no,0,,,,not_needed,
docs/_style/prism-master/tests/languages/sql/operator_feature.test,code,.test,1020,no,no,no,no,,,,,no,no,0,,no,0,,no,0,,,,not_needed,
docs/_style/prism-master/tests/languages/sql/string_feature.test,code,.test,463,no,no,no,no,,,,,no,no,0,,no,0,,no,0,,,,not_needed,
docs/_style/prism-master/tests/languages/sql/variable_feature.test,code,.test,448,no,no,no,no,,,,,no,no,0,,no,0,,no,0,,,,not_needed,
docs/_style/prism-master/tests/languages/stylus+pug/stylus_inclusion.test,code,.test,363,no,no,no,no,,,,,no,no,0,,no,0,,no,0,,,,not_needed,
docs/_style/prism-master/tests/languages/stylus/atrule-declaration_feature.test,code,.test,763,no,no,no,no,,,,,no,no,0,,no,0,,no,0,,,,not_needed,
docs/_style/prism-master/tests/languages/stylus/boolean_feature.test,code,.test,367,no,no,no,no,,,,,no,no,0,,no,0,,no,0,,,,not_needed,
docs/_style/prism-master/tests/languages/stylus/comment_feature.test,code,.test,285,no,no,no,no,,,,,no,no,0,,no,0,,no,0,,,,not_needed,
docs/_style/prism-master/tests/languages/stylus/func_feature.test,code,.test,989,no,no,no,no,,,,,no,no,0,,no,0,,no,0,,,,not_needed,
docs/_style/prism-master/tests/languages/stylus/hexcode_feature.test,code,.test,647,no,no,no,no,,,,,no,no,0,,no,0,,no,0,,,,not_needed,
docs/_style/prism-master/tests/languages/stylus/important_feature.test,code,.test,435,no,no,no,no,,,,,no,no,0,,no,0,,no,0,,,,not_needed,
docs/_style/prism-master/tests/languages/stylus/keyword_feature.test,code,.test,1004,no,no,no,no,,,,,no,no,0,,no,0,,no,0,,,,not_needed,
docs/_style/prism-master/tests/languages/stylus/number_feature.test,code,.test,610,no,no,no,no,,,,,no,no,0,,no,0,,no,0,,,,not_needed,
docs/_style/prism-master/tests/languages/stylus/operator_feature.test,code,.test,4690,no,no,no,no,,,,,no,no,0,,no,0,,no,0,,,,not_needed,
docs/_style/prism-master/tests/languages/stylus/property-declaration_feature.test,code,.test,1053,no,no,no,no,,,,,no,no,0,,no,0,,no,0,,,,not_needed,
docs/_style/prism-master/tests/languages/stylus/selector_feature.test,code,.test,1119,no,no,no,no,,,,,no,no,0,,no,0,,no,0,,,,not_needed,
docs/_style/prism-master/tests/languages/stylus/string_feature.test,code,.test,648,no,no,no,no,,,,,no,no,0,,no,0,,no,0,,,,not_needed,
docs/_style/prism-master/tests/languages/stylus/url_feature.test,code,.test,447,no,no,no,no,,,,,no,no,0,,no,0,,no,0,,,,not_needed,
docs/_style/prism-master/tests/languages/stylus/variable-declaration_feature.test,code,.test,600,no,no,no,no,,,,,no,no,0,,no,0,,no,0,,,,not_needed,
docs/_style/prism-master/tests/languages/swift/atrule_feature.test,code,.test,649,no,no,no,no,,,,,no,no,0,,no,0,,no,0,,,,not_needed,
docs/_style/prism-master/tests/languages/swift/builtin_feature.test,code,.test,2410,no,no,no,no,,,,,no,no,0,,no,0,,no,0,,,,not_needed,
docs/_style/prism-master/tests/languages/swift/constant_feature.test,code,.test,298,no,no,no,no,,,,,no,no,0,,no,0,,no,0,,,,not_needed,
docs/_style/prism-master/tests/languages/swift/keyword_feature.test,code,.test,2763,no,no,no,no,,,,,no,no,0,,no,0,,no,0,,,,not_needed,
docs/_style/prism-master/tests/languages/swift/number_feature.test,code,.test,471,no,no,no,no,,,,,no,no,0,,no,0,,no,0,,,,not_needed,
docs/_style/prism-master/tests/languages/swift/string_feature.test,code,.test,882,no,no,no,no,,,,,no,no,0,,no,0,,no,0,,,,not_needed,
docs/_style/prism-master/tests/languages/tap/bail_out_feature.test,code,.test,303,no,no,no,no,,,,,no,no,0,,no,0,,no,0,,,,not_needed,
docs/_style/prism-master/tests/languages/tap/directive_feature.test,code,.test,350,no,no,no,no,,,,,no,no,0,,no,0,,no,0,,,,not_needed,
docs/_style/prism-master/tests/languages/tap/pass_fail_feature.test,code,.test,410,no,no,no,no,,,,,no,no,0,,no,0,,no,0,,,,not_needed,
docs/_style/prism-master/tests/languages/tap/plan_feature.test,code,.test,207,no,no,no,no,,,,,no,no,0,,no,0,,no,0,,,,not_needed,
docs/_style/prism-master/tests/languages/tap/pragma_feature.test,code,.test,219,no,no,no,no,,,,,no,no,0,,no,0,,no,0,,,,not_needed,
docs/_style/prism-master/tests/languages/tap/version_feature.test,code,.test,181,no,no,no,no,,,,,no,no,0,,no,0,,no,0,,,,not_needed,
docs/_style/prism-master/tests/languages/tap/yamlish_feature.test,code,.test,1140,no,no,no,no,,,,,no,no,0,,no,0,,no,0,,,,not_needed,
docs/_style/prism-master/tests/languages/tcl/builtin_feature.test,code,.test,598,no,no,no,no,,,,,no,no,0,,no,0,,no,0,,,,not_needed,
docs/_style/prism-master/tests/languages/tcl/comment_feature.test,code,.test,201,no,no,no,no,,,,,no,no,0,,no,0,,no,0,,,,not_needed,
docs/_style/prism-master/tests/languages/tcl/function_feature.test,code,.test,324,no,no,no,no,,,,,no,no,0,,no,0,,no,0,,,,not_needed,
docs/_style/prism-master/tests/languages/tcl/keyword_feature.test,code,.test,3655,no,no,no,no,,,,,no,no,0,,no,0,,no,0,,,,not_needed,
docs/_style/prism-master/tests/languages/tcl/operator_feature.test,code,.test,772,no,no,no,no,,,,,no,no,0,,no,0,,no,0,,,,not_needed,
docs/_style/prism-master/tests/languages/tcl/scope_feature.test,code,.test,234,no,no,no,no,,,,,no,no,0,,no,0,,no,0,,,,not_needed,
docs/_style/prism-master/tests/languages/tcl/string_feature.test,code,.test,263,no,no,no,no,,,,,no,no,0,,no,0,,no,0,,,,not_needed,
docs/_style/prism-master/tests/languages/tcl/variable_feature.test,code,.test,678,no,no,no,no,,,,,no,no,0,,no,0,,no,0,,,,not_needed,
docs/_style/prism-master/tests/languages/textile/acronym_feature.test,code,.test,441,no,no,no,no,,,,,no,no,0,,no,0,,no,0,,,,not_needed,
docs/_style/prism-master/tests/languages/textile/block-tag_feature.test,code,.test,2408,no,no,no,no,,,,,no,no,0,,no,0,,no,0,,,,not_needed,
docs/_style/prism-master/tests/languages/textile/footnote_feature.test,code,.test,334,no,no,no,no,,,,,no,no,0,,no,0,,no,0,,,,not_needed,
docs/_style/prism-master/tests/languages/textile/image_feature.test,code,.test,1507,no,no,no,no,,,,,no,no,0,,no,0,,no,0,,,,not_needed,
docs/_style/prism-master/tests/languages/textile/inline_feature.test,code,.test,8150,no,no,no,no,,,,,no,no,0,,no,0,,no,0,,,,not_needed,
docs/_style/prism-master/tests/languages/textile/link-ref_feature.test,code,.test,495,no,no,no,no,,,,,no,no,0,,no,0,,no,0,,,,not_needed,
docs/_style/prism-master/tests/languages/textile/link_feature.test,code,.test,1020,no,no,no,no,,,,,no,no,0,,no,0,,no,0,,,,not_needed,
docs/_style/prism-master/tests/languages/textile/list_feature.test,code,.test,802,no,no,no,no,,,,,no,no,0,,no,0,,no,0,,,,not_needed,
docs/_style/prism-master/tests/languages/textile/mark_feature.test,code,.test,423,no,no,no,no,,,,,no,no,0,,no,0,,no,0,,,,not_needed,
docs/_style/prism-master/tests/languages/textile/table_feature.test,code,.test,5885,no,no,no,no,,,,,no,no,0,,no,0,,no,0,,,,not_needed,
docs/_style/prism-master/tests/languages/toml/boolean_feature.test,code,.test,190,no,no,no,no,,,,,no,no,0,,no,0,,no,0,,,,not_needed,
docs/_style/prism-master/tests/languages/toml/comment_feature.test,code,.test,209,no,no,no,no,,,,,no,no,0,,no,0,,no,0,,,,not_needed,
docs/_style/prism-master/tests/languages/toml/date_feature.test,code,.test,631,no,no,no,no,,,,,no,no,0,,no,0,,no,0,,,,not_needed,
docs/_style/prism-master/tests/languages/toml/key_feature.test,code,.test,742,no,no,no,no,,,,,no,no,0,,no,0,,no,0,,,,not_needed,
docs/_style/prism-master/tests/languages/toml/number_feature.test,code,.test,1019,no,no,no,no,,,,,no,no,0,,no,0,,no,0,,,,not_needed,
docs/_style/prism-master/tests/languages/toml/string_feature.test,code,.test,399,no,no,no,no,,,,,no,no,0,,no,0,,no,0,,,,not_needed,
docs/_style/prism-master/tests/languages/toml/table_feature.test,code,.test,331,no,no,no,no,,,,,no,no,0,,no,0,,no,0,,,,not_needed,
docs/_style/prism-master/tests/languages/tsx/tag_feature.test,code,.test,2083,no,no,no,no,,,,,no,no,0,,no,0,,no,0,,,,not_needed,
docs/_style/prism-master/tests/languages/tt2/comment_feature.test,code,.test,831,no,no,no,no,,,,,no,no,0,,no,0,,no,0,,,,not_needed,
docs/_style/prism-master/tests/languages/tt2/delimiter_feature.test,code,.test,414,no,no,no,no,,,,,no,no,0,,no,0,,no,0,,,,not_needed,
docs/_style/prism-master/tests/languages/tt2/keyword_feature.test,code,.test,4967,no,no,no,no,,,,,no,no,0,,no,0,,no,0,,,,not_needed,
docs/_style/prism-master/tests/languages/tt2/operator_feature.test,code,.test,2324,no,no,no,no,,,,,no,no,0,,no,0,,no,0,,,,not_needed,
docs/_style/prism-master/tests/languages/tt2/string-interpolation_feature.test,code,.test,359,no,no,no,no,,,,,no,no,0,,no,0,,no,0,,,,not_needed,
docs/_style/prism-master/tests/languages/tt2/string_feature.test,code,.test,893,no,no,no,no,,,,,no,no,0,,no,0,,no,0,,,,not_needed,
docs/_style/prism-master/tests/languages/tt2/variable_feature.test,code,.test,613,no,no,no,no,,,,,no,no,0,,no,0,,no,0,,,,not_needed,
docs/_style/prism-master/tests/languages/twig+pug/twig_inclusion.test,code,.test,362,no,no,no,no,,,,,no,no,0,,no,0,,no,0,,,,not_needed,
docs/_style/prism-master/tests/languages/twig/boolean_feature.test,code,.test,531,no,no,no,no,,,,,no,no,0,,no,0,,no,0,,,,not_needed,
docs/_style/prism-master/tests/languages/twig/comment_feature.test,code,.test,260,no,no,no,no,,,,,no,no,0,,no,0,,no,0,,,,not_needed,
docs/_style/prism-master/tests/languages/twig/keyword_feature.test,code,.test,1454,no,no,no,no,,,,,no,no,0,,no,0,,no,0,,,,not_needed,
docs/_style/prism-master/tests/languages/twig/number_feature.test,code,.test,928,no,no,no,no,,,,,no,no,0,,no,0,,no,0,,,,not_needed,
docs/_style/prism-master/tests/languages/twig/operator_feature.test,code,.test,5147,no,no,no,no,,,,,no,no,0,,no,0,,no,0,,,,not_needed,
docs/_style/prism-master/tests/languages/twig/string_feature.test,code,.test,815,no,no,no,no,,,,,no,no,0,,no,0,,no,0,,,,not_needed,
docs/_style/prism-master/tests/languages/typescript/builtin_feature.test,code,.test,506,no,no,no,no,,,,,no,no,0,,no,0,,no,0,,,,not_needed,
docs/_style/prism-master/tests/languages/typescript/keyword_feature.test,code,.test,2189,no,no,no,no,,,,,no,no,0,,no,0,,no,0,,,,not_needed,
docs/_style/prism-master/tests/languages/vala/class-name_feature.test,code,.test,769,no,no,no,no,,,,,no,no,0,,no,0,,no,0,,,,not_needed,
docs/_style/prism-master/tests/languages/vala/keyword_feature.test,code,.test,3009,no,no,no,no,,,,,no,no,0,,no,0,,no,0,,,,not_needed,
docs/_style/prism-master/tests/languages/vala/number_feature.test,code,.test,444,no,no,no,no,,,,,no,no,0,,no,0,,no,0,,,,not_needed,
docs/_style/prism-master/tests/languages/vala/operator_feature.test,code,.test,1099,no,no,no,no,,,,,no,no,0,,no,0,,no,0,,,,not_needed,
docs/_style/prism-master/tests/languages/vala/punctuation_feature.test,code,.test,388,no,no,no,no,,,,,no,no,0,,no,0,,no,0,,,,not_needed,
docs/_style/prism-master/tests/languages/vala/string_feature.test,code,.test,899,no,no,no,no,,,,,no,no,0,,no,0,,no,0,,,,not_needed,
docs/_style/prism-master/tests/languages/vbnet/comment_feature.test,code,.test,297,no,no,no,no,,,,,no,no,0,,no,0,,no,0,,,,not_needed,
docs/_style/prism-master/tests/languages/vbnet/keyword_feature.test,code,.test,7170,no,no,no,no,,,,,no,no,0,,no,0,,no,0,,,,not_needed,
docs/_style/prism-master/tests/languages/velocity/directive_feature.test,code,.test,9619,no,no,no,no,,,,,no,no,0,,no,0,,no,0,,,,not_needed,
docs/_style/prism-master/tests/languages/velocity/unparsed_feature.test,code,.test,566,no,no,no,no,,,,,no,no,0,,no,0,,no,0,,,,not_needed,
docs/_style/prism-master/tests/languages/velocity/variable_feature.test,code,.test,3382,no,no,no,no,,,,,no,no,0,,no,0,,no,0,,,,not_needed,
docs/_style/prism-master/tests/languages/velocity/velocity-comment_feature.test,code,.test,387,no,no,no,no,,,,,no,no,0,,no,0,,no,0,,,,not_needed,
docs/_style/prism-master/tests/languages/verilog/comment_feature.test,code,.test,285,no,no,no,no,,,,,no,no,0,,no,0,,no,0,,,,not_needed,
docs/_style/prism-master/tests/languages/verilog/constant_feature.test,code,.test,229,no,no,no,no,,,,,no,no,0,,no,0,,no,0,,,,not_needed,
docs/_style/prism-master/tests/languages/verilog/function_feature.test,code,.test,386,no,no,no,no,,,,,no,no,0,,no,0,,no,0,,,,not_needed,
docs/_style/prism-master/tests/languages/verilog/important_feature.test,code,.test,501,no,no,no,no,,,,,no,no,0,,no,0,,no,0,,,,not_needed,
docs/_style/prism-master/tests/languages/verilog/keyword_feature.test,code,.test,7508,no,no,no,no,,,,,no,no,0,,no,0,,no,0,,,,not_needed,
docs/_style/prism-master/tests/languages/verilog/number_feature.test,code,.test,556,no,no,no,no,,,,,no,no,0,,no,0,,no,0,,,,not_needed,
docs/_style/prism-master/tests/languages/verilog/operator_feature.test,code,.test,1333,no,no,no,no,,,,,no,no,0,,no,0,,no,0,,,,not_needed,
docs/_style/prism-master/tests/languages/verilog/property_feature.test,code,.test,233,no,no,no,no,,,,,no,no,0,,no,0,,no,0,,,,not_needed,
docs/_style/prism-master/tests/languages/verilog/string_feature.test,code,.test,257,no,no,no,no,,,,,no,no,0,,no,0,,no,0,,,,not_needed,
docs/_style/prism-master/tests/languages/vhdl/boolean_feature.test,code,.test,201,no,no,no,no,,,,,no,no,0,,no,0,,no,0,,,,not_needed,
docs/_style/prism-master/tests/languages/vhdl/comment_feature.test,code,.test,211,no,no,no,no,,,,,no,no,0,,no,0,,no,0,,,,not_needed,
docs/_style/prism-master/tests/languages/vhdl/constant_feature.test,code,.test,206,no,no,no,no,,,,,no,no,0,,no,0,,no,0,,,,not_needed,
docs/_style/prism-master/tests/languages/vhdl/function_feature.test,code,.test,877,no,no,no,no,,,,,no,no,0,,no,0,,no,0,,,,not_needed,
docs/_style/prism-master/tests/languages/vhdl/keyword_feature.test,code,.test,4133,no,no,no,no,,,,,no,no,0,,no,0,,no,0,,,,not_needed,
docs/_style/prism-master/tests/languages/vhdl/number_feature.test,code,.test,526,no,no,no,no,,,,,no,no,0,,no,0,,no,0,,,,not_needed,
docs/_style/prism-master/tests/languages/vhdl/operator_feature.test,code,.test,811,no,no,no,no,,,,,no,no,0,,no,0,,no,0,,,,not_needed,
docs/_style/prism-master/tests/languages/vhdl/string_feature.test,code,.test,257,no,no,no,no,,,,,no,no,0,,no,0,,no,0,,,,not_needed,
docs/_style/prism-master/tests/languages/vhdl/vhdl-vectors_feature.test,code,.test,385,no,no,no,no,,,,,no,no,0,,no,0,,no,0,,,,not_needed,
docs/_style/prism-master/tests/languages/vim/builtin_feature.test,code,.test,39853,no,no,no,no,,,,,no,no,0,,no,0,,no,0,,,,not_needed,
docs/_style/prism-master/tests/languages/vim/comment_feature.test,code,.test,203,no,no,no,no,,,,,no,no,0,,no,0,,no,0,,,,not_needed,
docs/_style/prism-master/tests/languages/vim/function_feature.test,code,.test,370,no,no,no,no,,,,,no,no,0,,no,0,,no,0,,,,not_needed,
docs/_style/prism-master/tests/languages/vim/keyword_feature.test,code,.test,25627,no,no,no,no,,,,,no,no,0,,no,0,,no,0,,,,not_needed,
docs/_style/prism-master/tests/languages/vim/number_feature.test,code,.test,236,no,no,no,no,,,,,no,no,0,,no,0,,no,0,,,,not_needed,
docs/_style/prism-master/tests/languages/vim/operator_feature.test,code,.test,1116,no,no,no,no,,,,,no,no,0,,no,0,,no,0,,,,not_needed,
docs/_style/prism-master/tests/languages/vim/string_feature.test,code,.test,303,no,no,no,no,,,,,no,no,0,,no,0,,no,0,,,,not_needed,
docs/_style/prism-master/tests/languages/visual-basic/boolean_feature.test,code,.test,236,no,no,no,no,,,,,no,no,0,,no,0,,no,0,,,,not_needed,
docs/_style/prism-master/tests/languages/visual-basic/comment_feature.test,code,.test,459,no,no,no,no,,,,,no,no,0,,no,0,,no,0,,,,not_needed,
docs/_style/prism-master/tests/languages/visual-basic/date_feature.test,code,.test,456,no,no,no,no,,,,,no,no,0,,no,0,,no,0,,,,not_needed,
docs/_style/prism-master/tests/languages/visual-basic/directive_feature.test,code,.test,863,no,no,no,no,,,,,no,no,0,,no,0,,no,0,,,,not_needed,
docs/_style/prism-master/tests/languages/visual-basic/keyword_feature.test,code,.test,5008,no,no,no,no,,,,,no,no,0,,no,0,,no,0,,,,not_needed,
docs/_style/prism-master/tests/languages/visual-basic/number_feature.test,code,.test,584,no,no,no,no,,,,,no,no,0,,no,0,,no,0,,,,not_needed,
docs/_style/prism-master/tests/languages/visual-basic/operator_feature.test,code,.test,845,no,no,no,no,,,,,no,no,0,,no,0,,no,0,,,,not_needed,
docs/_style/prism-master/tests/languages/visual-basic/string_feature.test,code,.test,591,no,no,no,no,,,,,no,no,0,,no,0,,no,0,,,,not_needed,
docs/_style/prism-master/tests/languages/wasm/comment_feature.test,code,.test,385,no,no,no,no,,,,,no,no,0,,no,0,,no,0,,,,not_needed,
docs/_style/prism-master/tests/languages/wasm/keyword_feature.test,code,.test,11810,no,no,no,no,,,,,no,no,0,,no,0,,no,0,,,,not_needed,
docs/_style/prism-master/tests/languages/wasm/number_feature.test,code,.test,1080,no,no,no,no,,,,,no,no,0,,no,0,,no,0,,,,not_needed,
docs/_style/prism-master/tests/languages/wasm/string_feature.test,code,.test,448,no,no,no,no,,,,,no,no,0,,no,0,,no,0,,,,not_needed,
docs/_style/prism-master/tests/languages/wasm/variable_feature.test,code,.test,307,no,no,no,no,,,,,no,no,0,,no,0,,no,0,,,,not_needed,
docs/_style/prism-master/tests/languages/wiki/block-comment_feature.test,code,.test,278,no,no,no,no,,,,,no,no,0,,no,0,,no,0,,,,not_needed,
docs/_style/prism-master/tests/languages/wiki/emphasis_feature.test,code,.test,482,no,no,no,no,,,,,no,no,0,,no,0,,no,0,,,,not_needed,
docs/_style/prism-master/tests/languages/wiki/heading_feature.test,code,.test,865,no,no,no,no,,,,,no,no,0,,no,0,,no,0,,,,not_needed,
docs/_style/prism-master/tests/languages/wiki/hr_feature.test,code,.test,198,no,no,no,no,,,,,no,no,0,,no,0,,no,0,,,,not_needed,
docs/_style/prism-master/tests/languages/wiki/nowiki_feature.test,code,.test,1101,no,no,no,no,,,,,no,no,0,,no,0,,no,0,,,,not_needed,
docs/_style/prism-master/tests/languages/wiki/symbol_feature.test,code,.test,319,no,no,no,no,,,,,no,no,0,,no,0,,no,0,,,,not_needed,
docs/_style/prism-master/tests/languages/wiki/url_feature.test,code,.test,670,no,no,no,no,,,,,no,no,0,,no,0,,no,0,,,,not_needed,
docs/_style/prism-master/tests/languages/wiki/variable_feature.test,code,.test,368,no,no,no,no,,,,,no,no,0,,no,0,,no,0,,,,not_needed,
docs/_style/prism-master/tests/languages/xeora/constant_feature.test,code,.test,354,no,no,no,no,,,,,no,no,0,,no,0,,no,0,,,,not_needed,
docs/_style/prism-master/tests/languages/xeora/directive-block-close_feature.test,code,.test,283,no,no,no,no,,,,,no,no,0,,no,0,,no,0,,,,not_needed,
docs/_style/prism-master/tests/languages/xeora/directive-block-open_feature.test,code,.test,1553,no,no,no,no,,,,,no,no,0,,no,0,,no,0,,,,not_needed,
docs/_style/prism-master/tests/languages/xeora/directive-block-separator_feature.test,code,.test,310,no,no,no,no,,,,,no,no,0,,no,0,,no,0,,,,not_needed,
docs/_style/prism-master/tests/languages/xeora/directive-inline_feature.test,code,.test,814,no,no,no,no,,,,,no,no,0,,no,0,,no,0,,,,not_needed,
docs/_style/prism-master/tests/languages/xeora/function-block_feature.test,code,.test,963,no,no,no,no,,,,,no,no,0,,no,0,,no,0,,,,not_needed,
docs/_style/prism-master/tests/languages/xeora/function-inline_feature.test,code,.test,721,no,no,no,no,,,,,no,no,0,,no,0,,no,0,,,,not_needed,
docs/_style/prism-master/tests/languages/xeora/variable_feature.test,code,.test,1191,no,no,no,no,,,,,no,no,0,,no,0,,no,0,,,,not_needed,
docs/_style/prism-master/tests/languages/xojo/comment_feature.test,code,.test,293,no,no,no,no,,,,,no,no,0,,no,0,,no,0,,,,not_needed,
docs/_style/prism-master/tests/languages/xojo/keyword_feature.test,code,.test,1957,no,no,no,no,,,,,no,no,0,,no,0,,no,0,,,,not_needed,
docs/_style/prism-master/tests/languages/xojo/number_feature.test,code,.test,439,no,no,no,no,,,,,no,no,0,,no,0,,no,0,,,,not_needed,
docs/_style/prism-master/tests/languages/xojo/operator_feature.test,code,.test,735,no,no,no,no,,,,,no,no,0,,no,0,,no,0,,,,not_needed,
docs/_style/prism-master/tests/languages/xojo/string_feature.test,code,.test,250,no,no,no,no,,,,,no,no,0,,no,0,,no,0,,,,not_needed,
docs/_style/prism-master/tests/languages/xojo/symbol_feature.test,code,.test,323,no,no,no,no,,,,,no,no,0,,no,0,,no,0,,,,not_needed,
docs/_style/prism-master/tests/languages/xquery/axis_feature.test,code,.test,1161,no,no,no,no,,,,,no,no,0,,no,0,,no,0,,,,not_needed,
docs/_style/prism-master/tests/languages/xquery/builtin_feature.test,code,.test,2640,no,no,no,no,,,,,no,no,0,,no,0,,no,0,,,,not_needed,
docs/_style/prism-master/tests/languages/xquery/extension_feature.test,code,.test,216,no,no,no,no,,,,,no,no,0,,no,0,,no,0,,,,not_needed,
docs/_style/prism-master/tests/languages/xquery/function_feature.test,code,.test,1026,no,no,no,no,,,,,no,no,0,,no,0,,no,0,,,,not_needed,
docs/_style/prism-master/tests/languages/xquery/keyword-operator_feature.test,code,.test,802,no,no,no,no,,,,,no,no,0,,no,0,,no,0,,,,not_needed,
docs/_style/prism-master/tests/languages/xquery/keyword_feature.test,code,.test,2056,no,no,no,no,,,,,no,no,0,,no,0,,no,0,,,,not_needed,
docs/_style/prism-master/tests/languages/xquery/number_feature.test,code,.test,258,no,no,no,no,,,,,no,no,0,,no,0,,no,0,,,,not_needed,
docs/_style/prism-master/tests/languages/xquery/operator_feature.test,code,.test,531,no,no,no,no,,,,,no,no,0,,no,0,,no,0,,,,not_needed,
docs/_style/prism-master/tests/languages/xquery/plain-text_feature.test,code,.test,1485,no,no,no,no,,,,,no,no,0,,no,0,,no,0,,,,not_needed,
docs/_style/prism-master/tests/languages/xquery/string_feature.test,code,.test,399,no,no,no,no,,,,,no,no,0,,no,0,,no,0,,,,not_needed,
docs/_style/prism-master/tests/languages/xquery/tag_feature.test,code,.test,2706,no,no,no,no,,,,,no,no,0,,no,0,,no,0,,,,not_needed,
docs/_style/prism-master/tests/languages/xquery/variable_feature.test,code,.test,264,no,no,no,no,,,,,no,no,0,,no,0,,no,0,,,,not_needed,
docs/_style/prism-master/tests/languages/xquery/xquery-attribute_feature.test,code,.test,399,no,no,no,no,,,,,no,no,0,,no,0,,no,0,,,,not_needed,
docs/_style/prism-master/tests/languages/xquery/xquery-comment_feature.test,code,.test,394,no,no,no,no,,,,,no,no,0,,no,0,,no,0,,,,not_needed,
docs/_style/prism-master/tests/languages/xquery/xquery-element_feature.test,code,.test,382,no,no,no,no,,,,,no,no,0,,no,0,,no,0,,,,not_needed,
docs/_style/prism-master/tests/languages/yaml/boolean_feature.test,code,.test,322,no,no,no,no,,,,,no,no,0,,no,0,,no,0,,,,not_needed,
docs/_style/prism-master/tests/languages/yaml/comment_feature.test,code,.test,201,no,no,no,no,,,,,no,no,0,,no,0,,no,0,,,,not_needed,
docs/_style/prism-master/tests/languages/yaml/datetime_feature.test,code,.test,836,no,no,no,no,,,,,no,no,0,,no,0,,no,0,,,,not_needed,
docs/_style/prism-master/tests/languages/yaml/directive_feature.test,code,.test,215,no,no,no,no,,,,,no,no,0,,no,0,,no,0,,,,not_needed,
docs/_style/prism-master/tests/languages/yaml/important_feature.test,code,.test,283,no,no,no,no,,,,,no,no,0,,no,0,,no,0,,,,not_needed,
docs/_style/prism-master/tests/languages/yaml/key_feature.test,code,.test,305,no,no,no,no,,,,,no,no,0,,no,0,,no,0,,,,not_needed,
docs/_style/prism-master/tests/languages/yaml/null_feature.test,code,.test,310,no,no,no,no,,,,,no,no,0,,no,0,,no,0,,,,not_needed,
docs/_style/prism-master/tests/languages/yaml/number_feature.test,code,.test,854,no,no,no,no,,,,,no,no,0,,no,0,,no,0,,,,not_needed,
docs/_style/prism-master/tests/languages/yaml/scalar_feature.test,code,.test,427,no,no,no,no,,,,,no,no,0,,no,0,,no,0,,,,not_needed,
docs/_style/prism-master/tests/languages/yaml/string_feature.test,code,.test,694,no,no,no,no,,,,,no,no,0,,no,0,,no,0,,,,not_needed,
docs/_style/prism-master/tests/languages/yaml/tag_feature.test,code,.test,217,no,no,no,no,,,,,no,no,0,,no,0,,no,0,,,,not_needed,
docs/_style/prism-master/tests/run.js,code,.js,1227,no,no,no,no,,,,,no,no,0,,no,0,,no,0,,,,not_needed,
docs/_style/prism-master/tests/testrunner-tests.js,code,.js,3074,no,no,no,no,,,,,no,no,0,,no,0,,no,0,,,,not_needed,
docs/_style/prism-master/themes/prism-coy.css,code,.css,4155,no,no,no,no,,,,,no,no,0,,no,0,,no,0,,,,not_needed,
docs/_style/prism-master/themes/prism-dark.css,code,.css,2047,no,no,no,no,,,,,no,no,0,,no,0,,no,0,,,,not_needed,
docs/_style/prism-master/themes/prism-funky.css,code,.css,2027,no,no,no,no,,,,,no,no,0,,no,0,,no,0,,,,not_needed,
docs/_style/prism-master/themes/prism-okaidia.css,code,.css,1791,no,no,no,no,,,,,no,no,0,,no,0,,no,0,,,,not_needed,
docs/_style/prism-master/themes/prism-solarizedlight.css,code,.css,2583,no,no,no,no,,,,,no,no,0,,no,0,,no,0,,,,not_needed,
docs/_style/prism-master/themes/prism-tomorrow.css,code,.css,1749,no,no,no,no,,,,,no,no,0,,no,0,,no,0,,,,not_needed,
docs/_style/prism-master/themes/prism-twilight.css,code,.css,4090,no,no,no,no,,,,,no,no,0,,no,0,,no,0,,,,not_needed,
docs/_style/prism-master/themes/prism.css,code,.css,2241,no,no,no,no,,,,,no,no,0,,no,0,,no,0,,,,not_needed,
docs/_style/prism-master/utopia.js,code,.js,11073,no,no,no,no,,,,,no,no,0,,no,0,,no,0,,,,not_needed,
docs/_style/prism-master/vendor/FileSaver.min.js,code,.js,2423,no,no,no,no,,,,,no,no,0,,no,0,,no,0,,,,not_needed,
docs/_style/prism-master/vendor/jszip.min.js,code,.js,99383,no,no,no,no,,,,,no,no,0,,no,0,,no,0,,,,not_needed,
docs/_style/prism-master/vendor/promise.js,code,.js,5265,no,no,no,no,,,,,no,no,0,,no,0,,no,0,,,,not_needed,
docs/index.html,code,.html,10815,no,no,no,no,,,,,no,no,0,,no,0,,yes,5,L13:<!-- 将自定义样式放在 Github 上会导致加载速度变得非常慢，所以采取直接内嵌的方式 --> | L16:/* 隐藏头部的目录 */ | L271:/*黑色*/ | L278:/*深蓝加粗*/ | L285:/*浅蓝*/,Chinese code comments,,not_started,
notes/10.1 斐波那契数列.md,markdown,.md,2274,yes,no,yes,yes,10.1 斐波那契数列.md,,,,yes,yes,4,L1:H1:10.1 斐波那契数列 | L3:H2:题目链接 | L7:H2:题目描述 | L15:H2:解题思路,yes,1,L5:markdown_inline:牛客网->https://www.nowcoder.com/practice/c6c7742f5ba7442aada113136ddea0c3?tpId=13&tqId=11160&tPage=1&rp=1&ru=/ta/coding-interviews&qru=/ta/coding-interviews/question…,no,0,,Chinese filename; Chinese headings; Chinese Markdown/HTML links,notes/10.1-fibonacci-sequence.md,proposed,
notes/10.2 矩形覆盖.md,markdown,.md,1895,yes,no,yes,yes,10.2 矩形覆盖.md,,,,yes,yes,4,L1:H1:10.2 矩形覆盖 | L3:H2:题目链接 | L7:H2:题目描述 | L13:H2:解题思路,yes,1,L5:markdown_inline:牛客网->https://www.nowcoder.com/practice/72a5a919508a4251859fb2cfb987a0e6?tpId=13&tqId=11163&tPage=1&rp=1&ru=/ta/coding-interviews&qru=/ta/coding-interviews/question…,no,0,,Chinese filename; Chinese headings; Chinese Markdown/HTML links,notes/10.2-rectangle-covering.md,proposed,
notes/10.3 跳台阶.md,markdown,.md,1577,yes,no,yes,yes,10.3 跳台阶.md,,,,yes,yes,4,L1:H1:10.3 跳台阶 | L3:H2:题目链接 | L7:H2:题目描述 | L13:H2:解题思路,yes,1,L5:markdown_inline:牛客网->https://www.nowcoder.com/practice/8c82a5b80378478f9484d87d1c5f12a4?tpId=13&tqId=11161&tPage=1&rp=1&ru=/ta/coding-interviews&qru=/ta/coding-interviews/question…,no,0,,Chinese filename; Chinese headings; Chinese Markdown/HTML links,notes/10.3-jump-stairs.md,proposed,
notes/10.4 变态跳台阶.md,markdown,.md,1392,yes,no,yes,yes,10.4 变态跳台阶.md,,,,yes,yes,6,L1:H1:10.4 变态跳台阶 | L3:H2:题目链接 | L7:H2:题目描述 | L13:H2:解题思路 | L15:H3:动态规划 | L28:H3:数学推导,yes,1,L5:markdown_inline:牛客网->https://www.nowcoder.com/practice/22243d016f6b47f2a6928b4313c85387?tpId=13&tqId=11162&tPage=1&rp=1&ru=/ta/coding-interviews&qru=/ta/coding-interviews/question…,no,0,,Chinese filename; Chinese headings; Chinese Markdown/HTML links,notes/10.4-jump-stairs-ii.md,proposed,Problem title is idiomatic; proposed interview-style name.
notes/11. 旋转数组的最小数字.md,markdown,.md,2783,yes,no,yes,yes,11. 旋转数组的最小数字.md,,,,yes,yes,4,L1:H1:11. 旋转数组的最小数字 | L3:H2:题目链接 | L7:H2:题目描述 | L13:H2:解题思路,yes,1,L5:markdown_inline:牛客网->https://www.nowcoder.com/practice/9f3231a991af4f55b95579b44b7a01ba?tpId=13&tqId=11159&tPage=1&rp=1&ru=/ta/coding-interviews&qru=/ta/coding-interviews/question…,no,0,,Chinese filename; Chinese headings; Chinese Markdown/HTML links,notes/11-minimum-in-rotated-array.md,proposed,
notes/12. 矩阵中的路径.md,markdown,.md,3401,yes,no,yes,yes,12. 矩阵中的路径.md,,,,yes,yes,3,L1:H1:12. 矩阵中的路径 | L5:H2:题目描述 | L13:H2:解题思路,yes,1,L3:markdown_inline:牛客网->https://www.nowcoder.com/practice/69fe7a584f0a445da1b6652978de5c38?tpId=13&tqId=11218&tab=answerKey&from=cyc_github,no,0,,Chinese filename; Chinese headings; Chinese Markdown/HTML links,notes/12-path-in-matrix.md,proposed,
notes/13. 机器人的运动范围.md,markdown,.md,2246,yes,no,yes,yes,13. 机器人的运动范围.md,,,,yes,yes,3,L1:H1:13. 机器人的运动范围 | L5:H2:题目描述 | L11:H2:解题思路,yes,1,L3:markdown_inline:牛客网->https://www.nowcoder.com/practice/6e5207314b5241fb83f2329e89fdecc8?tpId=13&tqId=11219&tPage=1&rp=1&ru=/ta/coding-interviews&qru=/ta/coding-interviews/question…,no,0,,Chinese filename; Chinese headings; Chinese Markdown/HTML links,notes/13-robot-movement-range.md,proposed,
notes/14. 剪绳子.md,markdown,.md,2266,yes,no,yes,yes,14. 剪绳子.md,,,,yes,yes,6,L1:H1:14. 剪绳子 | L3:H2:题目链接 | L7:H2:题目描述 | L19:H2:解题思路 | L21:H3:贪心 | L55:H3:动态规划,yes,1,L5:markdown_inline:牛客网->https://www.nowcoder.com/practice/57d85990ba5b440ab888fc72b0751bf8?tpId=13&tqId=33257&tab=answerKey&from=cyc_github,no,0,,Chinese filename; Chinese headings; Chinese Markdown/HTML links,notes/14-cutting-rope.md,proposed,
notes/15. 二进制中 1 的个数.md,markdown,.md,818,yes,no,yes,yes,15. 二进制中 1 的个数.md,,,,yes,yes,4,L1:H1:15. 二进制中 1 的个数 | L3:H2:题目链接 | L7:H2:题目描述 | L11:H3:解题思路,yes,1,L5:markdown_inline:牛客网->https://www.nowcoder.com/practice/8ee967e43c2c4ec193b040ea7fbb10b8?tpId=13&tqId=11164&tPage=1&rp=1&ru=/ta/coding-interviews&qru=/ta/coding-interviews/question…,no,0,,Chinese filename; Chinese headings; Chinese Markdown/HTML links,notes/15-number-of-1-bits.md,proposed,
notes/16. 数值的整数次方.md,markdown,.md,1960,yes,no,yes,yes,16. 数值的整数次方.md,,,,yes,yes,4,L1:H1:16. 数值的整数次方 | L3:H2:题目链接 | L7:H2:题目描述 | L11:H2:解题思路,yes,1,L5:markdown_inline:牛客网->https://www.nowcoder.com/practice/1a834e5e3e1a4b7ba251417554e07c00?tpId=13&tqId=11165&tPage=1&rp=1&ru=/ta/coding-interviews&qru=/ta/coding-interviews/question…,no,0,,Chinese filename; Chinese headings; Chinese Markdown/HTML links,notes/16-integer-power.md,proposed,
notes/17. 打印从 1 到最大的 n 位数.md,markdown,.md,1057,yes,no,yes,yes,17. 打印从 1 到最大的 n 位数.md,,,,yes,yes,3,L1:H1:17. 打印从 1 到最大的 n 位数 | L3:H2:题目描述 | L7:H2:解题思路,no,0,,no,0,,Chinese filename; Chinese headings,notes/17-print-1-to-max-n-digits.md,proposed,
notes/18.1 在 O(1) 时间内删除链表节点.md,markdown,.md,1682,yes,no,yes,yes,18.1 在 O(1) 时间内删除链表节点.md,,,,yes,yes,2,L1:H1:18.1 在 O(1) 时间内删除链表节点 | L3:H2:解题思路,no,0,,yes,2,L20:// 要删除的节点不是尾节点 | L26:// 只有一个节点,Chinese filename; Chinese headings; Chinese code comments,notes/18.1-delete-linked-list-node-in-o1-time.md,proposed,
notes/18.2 删除链表中重复的结点.md,markdown,.md,842,yes,no,yes,yes,18.2 删除链表中重复的结点.md,,,,yes,yes,3,L1:H1:18.2 删除链表中重复的结点 | L5:H2:题目描述 | L9:H2:解题描述,yes,1,L3:markdown_inline:牛客网->https://www.nowcoder.com/practice/fc533c45b73a41b0b44ccba763f866ef?tpId=13&tqId=11209&tPage=1&rp=1&ru=/ta/coding-interviews&qru=/ta/coding-interviews/question…,no,0,,Chinese filename; Chinese headings; Chinese Markdown/HTML links,notes/18.2-delete-duplicate-nodes-in-linked-list.md,proposed,
notes/19. 正则表达式匹配.md,markdown,.md,1783,yes,no,yes,yes,19. 正则表达式匹配.md,,,,yes,yes,3,L1:H1:19. 正则表达式匹配 | L5:H2:题目描述 | L11:H2:解题思路,yes,1,L3:markdown_inline:牛客网->https://www.nowcoder.com/practice/28970c15befb4ff3a264189087b99ad4?tpId=13&tqId=11205&tab=answerKey&from=cyc_github,no,0,,Chinese filename; Chinese headings; Chinese Markdown/HTML links,notes/19-regular-expression-matching.md,proposed,
notes/20. 表示数值的字符串.md,markdown,.md,719,yes,no,yes,yes,20. 表示数值的字符串.md,,,,yes,yes,3,L1:H1:20. 表示数值的字符串 | L5:H2:题目描述 | L28:H2:解题思路,yes,1,L3:markdown_inline:牛客网->https://www.nowcoder.com/practice/e69148f8528c4039ad89bb2546fd4ff8?tpId=13&tqId=11206&tab=answerKey&from=cyc_github,no,0,,Chinese filename; Chinese headings; Chinese Markdown/HTML links,notes/20-numeric-string-validation.md,proposed,
notes/21. 调整数组顺序使奇数位于偶数前面.md,markdown,.md,1755,yes,no,yes,yes,21. 调整数组顺序使奇数位于偶数前面.md,,,,yes,yes,4,L1:H1:21. 调整数组顺序使奇数位于偶数前面 | L3:H2:题目链接 | L7:H2:题目描述 | L13:H2:解题思路,yes,1,L5:markdown_inline:牛客网->https://www.nowcoder.com/practice/ef1f53ef31ca408cada5093c8780f44b?tpId=13&tqId=11166&tab=answerKey&from=cyc_github,yes,1,L19:// 奇数个数,Chinese filename; Chinese headings; Chinese Markdown/HTML links; Chinese code comments,notes/21-reorder-array-odd-before-even.md,proposed,
notes/22. 链表中倒数第 K 个结点.md,markdown,.md,970,yes,no,yes,yes,22. 链表中倒数第 K 个结点.md,,,,yes,yes,2,L1:H1:22. 链表中倒数第 K 个结点 | L5:H2:解题思路,yes,1,L3:markdown_inline:牛客网->https://www.nowcoder.com/practice/886370fe658f41b498d40fb34ae76ff9?tpId=13&tqId=11167&tab=answerKey&from=cyc_github,no,0,,Chinese filename; Chinese headings; Chinese Markdown/HTML links,notes/22-kth-node-from-end-of-linked-list.md,proposed,
notes/23. 链表中环的入口结点.md,markdown,.md,2111,yes,no,yes,yes,23. 链表中环的入口结点.md,,,,yes,yes,3,L1:H1:23. 链表中环的入口结点 | L5:H2:题目描述 | L9:H2:解题思路,no,0,,no,0,,Chinese filename; Chinese headings,notes/23-entry-node-of-linked-list-cycle.md,proposed,
notes/24. 反转链表.md,markdown,.md,815,yes,no,yes,yes,24. 反转链表.md,,,,yes,yes,4,L1:H1:24. 反转链表 | L5:H2:解题思路 | L7:H3:递归 | L21:H3:迭代,no,0,,no,0,,Chinese filename; Chinese headings,notes/24-reverse-linked-list.md,proposed,
notes/25. 合并两个排序的链表.md,markdown,.md,1315,yes,no,yes,yes,25. 合并两个排序的链表.md,,,,yes,yes,5,L1:H1:25. 合并两个排序的链表 | L5:H2:题目描述 | L9:H2:解题思路 | L11:H3:递归 | L29:H3:迭代,no,0,,no,0,,Chinese filename; Chinese headings,notes/25-merge-two-sorted-linked-lists.md,proposed,
notes/26. 树的子结构.md,markdown,.md,990,yes,no,yes,yes,26. 树的子结构.md,,,,yes,yes,4,L1:H1:26. 树的子结构 | L3:H2:题目链接 | L7:H2:题目描述 | L11:H2:解题思路,yes,1,L5:markdown_inline:牛客网->https://www.nowcoder.com/practice/6e196c44c7004d15b1610b9afca8bd88?tpId=13&tqId=11170&tPage=1&rp=1&ru=/ta/coding-interviews&qru=/ta/coding-interviews/question…,no,0,,Chinese filename; Chinese headings; Chinese Markdown/HTML links,notes/26-substructure-of-tree.md,proposed,
notes/27. 二叉树的镜像.md,markdown,.md,638,yes,no,yes,yes,27. 二叉树的镜像.md,,,,yes,yes,3,L1:H1:27. 二叉树的镜像 | L5:H2:题目描述 | L9:H2:解题思路,yes,1,L3:markdown_inline:牛客网->https://www.nowcoder.com/practice/a9d0ecbacef9410ca97463e4a5c83be7?tpId=13&tqId=11171&tab=answerKey&from=cyc_github,no,0,,Chinese filename; Chinese headings; Chinese Markdown/HTML links,notes/27-mirror-of-binary-tree.md,proposed,
notes/28. 对称的二叉树.md,markdown,.md,855,yes,no,yes,yes,28. 对称的二叉树.md,,,,yes,yes,3,L1:H1:28. 对称的二叉树 | L5:H2:题目描述 | L9:H2:解题思路,no,0,,no,0,,Chinese filename; Chinese headings,notes/28-symmetric-binary-tree.md,proposed,
notes/29. 顺时针打印矩阵.md,markdown,.md,2117,yes,no,yes,yes,29. 顺时针打印矩阵.md,,,,yes,yes,4,L1:H1:29. 顺时针打印矩阵 | L3:H2:题目链接 | L7:H2:题目描述 | L15:H2:解题思路,yes,1,L5:markdown_inline:牛客网->https://www.nowcoder.com/practice/9b4c81a02cd34f76be2659fa0d54342a?tpId=13&tqId=11172&tPage=1&rp=1&ru=/ta/coding-interviews&qru=/ta/coding-interviews/question…,yes,4,L26:// 上 | L29:// 右 | L33:// 下 | L37:// 左,Chinese filename; Chinese headings; Chinese Markdown/HTML links; Chinese code comments,notes/29-print-matrix-clockwise.md,proposed,
notes/3. 数组中重复的数字.md,markdown,.md,1628,yes,no,yes,yes,3. 数组中重复的数字.md,,,,yes,yes,4,L1:H1:3. 数组中重复的数字 | L3:H2:题目链接 | L7:H2:题目描述 | L19:H2:解题思路,yes,1,L5:markdown_inline:牛客网->https://www.nowcoder.com/practice/6fe361ede7e54db1b84adc81d09d8524?tpId=13&tqId=11203&tab=answerKey&from=cyc_github,no,0,,Chinese filename; Chinese headings; Chinese Markdown/HTML links,notes/3-duplicate-number-in-array.md,proposed,
notes/30. 包含 min 函数的栈.md,markdown,.md,1295,yes,no,yes,yes,30. 包含 min 函数的栈.md,,,,yes,yes,4,L1:H1:30. 包含 min 函数的栈 | L3:H2:题目链接 | L7:H2:题目描述 | L11:H2:解题思路,yes,1,L5:markdown_inline:牛客网->https://www.nowcoder.com/practice/4c776177d2c04c2494f2555c9fcc1e49?tpId=13&tqId=11173&tPage=1&rp=1&ru=/ta/coding-interviews&qru=/ta/coding-interviews/question…,no,0,,Chinese filename; Chinese headings; Chinese Markdown/HTML links,notes/30-stack-with-min-function.md,proposed,
notes/31. 栈的压入、弹出序列.md,markdown,.md,1373,yes,no,yes,yes,31. 栈的压入、弹出序列.md,,,,yes,yes,4,L1:H1:31. 栈的压入、弹出序列 | L3:H2:题目链接 | L7:H2:题目描述 | L13:H2:解题思路,yes,1,L5:markdown_inline:牛客网->https://www.nowcoder.com/practice/d77d11405cc7470d82554cb392585106?tpId=13&tqId=11174&tPage=1&rp=1&ru=/ta/coding-interviews&qru=/ta/coding-interviews/question…,no,0,,Chinese filename; Chinese headings; Chinese Markdown/HTML links,notes/31-stack-push-pop-sequence.md,proposed,
notes/32.1 从上往下打印二叉树.md,markdown,.md,1386,yes,no,yes,yes,32.1 从上往下打印二叉树.md,,,,yes,yes,3,L1:H1:32.1 从上往下打印二叉树 | L5:H2:题目描述 | L13:H2:解题思路,no,0,,no,0,,Chinese filename; Chinese headings,notes/32.1-print-binary-tree-top-to-bottom.md,proposed,
notes/32.2 把二叉树打印成多行.md,markdown,.md,921,yes,no,yes,yes,32.2 把二叉树打印成多行.md,,,,yes,yes,3,L1:H1:32.2 把二叉树打印成多行 | L5:H2:题目描述 | L9:H2:解题思路,no,0,,no,0,,Chinese filename; Chinese headings,notes/32.2-print-binary-tree-by-level.md,proposed,
notes/32.3 按之字形顺序打印二叉树.md,markdown,.md,1243,yes,no,yes,yes,32.3 按之字形顺序打印二叉树.md,,,,yes,yes,3,L1:H1:32.3 按之字形顺序打印二叉树 | L5:H2:题目描述 | L9:H2:解题思路,no,0,,no,0,,Chinese filename; Chinese headings,notes/32.3-print-binary-tree-zigzag.md,proposed,
notes/33. 二叉搜索树的后序遍历序列.md,markdown,.md,1302,yes,no,yes,yes,33. 二叉搜索树的后序遍历序列.md,,,,yes,yes,3,L1:H1:33. 二叉搜索树的后序遍历序列 | L5:H2:题目描述 | L13:H2:解题思路,no,0,,no,0,,Chinese filename; Chinese headings,notes/33-postorder-sequence-of-bst.md,proposed,
notes/34. 二叉树中和为某一值的路径.md,markdown,.md,1356,yes,no,yes,yes,34. 二叉树中和为某一值的路径.md,,,,yes,yes,3,L1:H1:34. 二叉树中和为某一值的路径 | L5:H2:题目描述 | L13:H2:解题思路,no,0,,no,0,,Chinese filename; Chinese headings,notes/34-path-sum-in-binary-tree.md,proposed,
notes/35. 复杂链表的复制.md,markdown,.md,2221,yes,no,yes,yes,35. 复杂链表的复制.md,,,,yes,yes,3,L1:H1:35. 复杂链表的复制 | L5:H2:题目描述 | L23:H2:解题思路,no,0,,yes,3,L41:// 插入新节点 | L49:// 建立 random 链接 | L57:// 拆分,Chinese filename; Chinese headings; Chinese code comments,notes/35-copy-complex-linked-list.md,proposed,
notes/36. 二叉搜索树与双向链表.md,markdown,.md,1004,yes,no,yes,yes,36. 二叉搜索树与双向链表.md,,,,yes,yes,3,L1:H1:36. 二叉搜索树与双向链表 | L5:H2:题目描述 | L11:H2:解题思路,no,0,,no,0,,Chinese filename; Chinese headings,notes/36-convert-bst-to-doubly-linked-list.md,proposed,
notes/37. 序列化二叉树.md,markdown,.md,1129,yes,no,yes,yes,37. 序列化二叉树.md,,,,yes,yes,3,L1:H1:37. 序列化二叉树 | L5:H2:题目描述 | L9:H2:解题思路,no,0,,no,0,,Chinese filename; Chinese headings,notes/37-serialize-binary-tree.md,proposed,
notes/38. 字符串的排列.md,markdown,.md,1330,yes,no,yes,yes,38. 字符串的排列.md,,,,yes,yes,3,L1:H1:38. 字符串的排列 | L5:H2:题目描述 | L9:H2:解题思路,no,0,,yes,1,L31:if (i != 0 && chars[i] == chars[i - 1] && !hasUsed[i - 1]) /* 保证不重复 */,Chinese filename; Chinese headings; Chinese code comments,notes/38-string-permutations.md,proposed,
notes/39. 数组中出现次数超过一半的数字.md,markdown,.md,1285,yes,no,yes,yes,39. 数组中出现次数超过一半的数字.md,,,,yes,yes,2,L1:H1:39. 数组中出现次数超过一半的数字 | L5:H2:解题思路,no,0,,no,0,,Chinese filename; Chinese headings,notes/39-majority-element.md,proposed,
notes/4. 二维数组中的查找.md,markdown,.md,1728,yes,no,yes,yes,4. 二维数组中的查找.md,,,,yes,yes,4,L1:H1:4. 二维数组中的查找 | L3:H2:题目链接 | L7:H2:题目描述 | L25:H2:解题思路,yes,1,L5:markdown_inline:牛客网->https://www.nowcoder.com/practice/abc3fe2ce8e146608e868a70efebf62e?tpId=13&tqId=11154&tPage=1&rp=1&ru=/ta/coding-interviews&qru=/ta/coding-interviews/question…,yes,1,"L38:int r = 0, c = cols - 1; // 从右上角开始",Chinese filename; Chinese headings; Chinese Markdown/HTML links; Chinese code comments,notes/4-search-in-2d-array.md,proposed,
notes/40. 最小的 K 个数.md,markdown,.md,2906,yes,no,yes,yes,40. 最小的 K 个数.md,,,,yes,yes,5,L1:H1:40. 最小的 K 个数 | L3:H2:题目链接 | L7:H2:解题思路 | L9:H3:大小为 K 的最小堆 | L34:H3:快速选择,yes,1,L5:markdown_inline:牛客网->https://www.nowcoder.com/practice/6a296eb82cf844ca8539b57c23e6e9bf?tpId=13&tqId=11182&tPage=1&rp=1&ru=/ta/coding-interviews&qru=/ta/coding-interviews/question…,yes,2,L47:/* findKthSmallest 会改变数组，使得前 k 个数都是最小的 k 个数 */ | L67:int p = nums[l]; /* 切分元素 */,Chinese filename; Chinese headings; Chinese Markdown/HTML links; Chinese code comments,notes/40-smallest-k-numbers.md,proposed,
notes/41.1 数据流中的中位数.md,markdown,.md,1638,yes,no,yes,yes,41.1 数据流中的中位数.md,,,,yes,yes,4,L1:H1:41.1 数据流中的中位数 | L3:H2:题目链接 | L7:H2:题目描述 | L11:H2:解题思路,yes,1,L5:markdown_inline:牛客网->https://www.nowcoder.com/practice/9be0172896bd43948f8a32fb954e1be1?tpId=13&tqId=11216&tPage=1&rp=1&ru=/ta/coding-interviews&qru=/ta/coding-interviews/question…,yes,7,L14:/* 大顶堆，存储左半边元素 */ | L16:/* 小顶堆，存储右半边元素，并且右半边元素都大于左半边 */ | L18:/* 当前数据流读入的元素个数 */ | L22:/* 插入要保证两个堆存于平衡状态 */ | L24:/* N 为偶数的情况下插入到右半边。 | L25:* 因为右半边元素都要大于左半边，但是新插入的元素不一定比左半边元素来的大， | L26:* 因此需要先将元素插入左半边，然后利用左半边为大顶堆的特点，取出堆顶元素即为最大元素，此时插入右半边 */,Chinese filename; Chinese headings; Chinese Markdown/HTML links; Chinese code comments,notes/41.1-median-in-data-stream.md,proposed,
notes/41.2 字符流中第一个不重复的字符.md,markdown,.md,1358,yes,no,yes,yes,41.2 字符流中第一个不重复的字符.md,,,,yes,yes,4,L1:H1:41.2 字符流中第一个不重复的字符 | L3:H2:题目描述 | L7:H2:题目描述 | L11:H2:解题思路,yes,1,L5:markdown_inline:牛客网->https://www.nowcoder.com/practice/00de97733b8e4f97a3fb5c680ee10720?tpId=13&tqId=11207&tPage=1&rp=1&ru=/ta/coding-interviews&qru=/ta/coding-interviews/question…,no,0,,Chinese filename; Chinese headings; Chinese Markdown/HTML links,notes/41.2-first-non-repeating-character-in-stream.md,proposed,
notes/42. 连续子数组的最大和.md,markdown,.md,711,yes,no,yes,yes,42. 连续子数组的最大和.md,,,,yes,yes,3,L1:H1:42. 连续子数组的最大和 | L5:H2:题目描述 | L9:H2:解题思路,no,0,,no,0,,Chinese filename; Chinese headings,notes/42-maximum-subarray-sum.md,proposed,
notes/43. 从 1 到 n 整数中 1 出现的次数.md,markdown,.md,636,yes,no,yes,yes,43. 从 1 到 n 整数中 1 出现的次数.md,,,,yes,yes,2,L1:H1:43. 从 1 到 n 整数中 1 出现的次数 | L5:H2:解题思路,no,0,,no,0,,Chinese filename; Chinese headings,notes/43-count-digit-one-from-1-to-n.md,proposed,
notes/44. 数字序列中的某一位数字.md,markdown,.md,1317,yes,no,yes,yes,44. 数字序列中的某一位数字.md,,,,yes,yes,3,L1:H1:44. 数字序列中的某一位数字 | L3:H2:题目描述 | L7:H2:解题思路,no,0,,yes,4,L13:int place = 1; // 1 表示个位，2 表示 十位... | L25:* place 位数的数字组成的字符串长度 | L35:* place 位数的起始数字 | L45:* 在 place 位数组成的字符串中，第 index 个数,Chinese filename; Chinese headings; Chinese code comments,notes/44-nth-digit-in-number-sequence.md,proposed,
notes/45. 把数组排成最小的数.md,markdown,.md,1157,yes,no,yes,yes,45. 把数组排成最小的数.md,,,,yes,yes,4,L1:H1:45. 把数组排成最小的数 | L3:H2:题目链接 | L7:H2:题目描述 | L11:H2:解题思路,yes,1,L5:markdown_inline:牛客网->https://www.nowcoder.com/practice/8fecd3f8ba334add803bf2a06af1b993?tpId=13&tqId=11185&tPage=1&rp=1&ru=/ta/coding-interviews&qru=/ta/coding-interviews/question…,no,0,,Chinese filename; Chinese headings; Chinese Markdown/HTML links,notes/45-arrange-array-to-form-smallest-number.md,proposed,
notes/46. 把数字翻译成字符串.md,markdown,.md,1015,yes,no,yes,yes,46. 把数字翻译成字符串.md,,,,yes,yes,3,L1:H1:46. 把数字翻译成字符串 | L5:H2:题目描述 | L9:H2:解题思路,no,0,,no,0,,Chinese filename; Chinese headings,notes/46-translate-number-to-string.md,proposed,
notes/47. 礼物的最大价值.md,markdown,.md,1053,yes,no,yes,yes,47. 礼物的最大价值.md,,,,yes,yes,3,L1:H1:47. 礼物的最大价值 | L5:H2:题目描述 | L18:H2:解题思路,no,0,,no,0,,Chinese filename; Chinese headings,notes/47-maximum-value-of-gifts.md,proposed,
notes/48. 最长不含重复字符的子字符串.md,markdown,.md,864,yes,no,yes,yes,48. 最长不含重复字符的子字符串.md,,,,yes,yes,3,L1:H1:48. 最长不含重复字符的子字符串 | L3:H2:题目描述 | L7:H2:解题思路,no,0,,no,0,,Chinese filename; Chinese headings,notes/48-longest-substring-without-repeating-characters.md,proposed,
notes/49. 丑数.md,markdown,.md,975,yes,no,yes,yes,49. 丑数.md,,,,yes,yes,3,L1:H1:49. 丑数 | L5:H2:题目描述 | L9:H2:解题思路,no,0,,no,0,,Chinese filename; Chinese headings,notes/49-ugly-number.md,proposed,
notes/5. 替换空格.md,markdown,.md,1685,yes,no,yes,yes,5. 替换空格.md,,,,yes,yes,4,L1:H1:5. 替换空格 | L3:H2:题目链接 | L7:H2:题目描述 | L20:H2:解题思路,yes,1,L5:markdown_inline:牛客网->https://www.nowcoder.com/practice/0e26e5551f2b489b9f58bc83aa4b6c68?tpId=13&tqId=11155&tab=answerKey&from=cyc_github,no,0,,Chinese filename; Chinese headings; Chinese Markdown/HTML links,notes/5-replace-spaces.md,proposed,
notes/50. 第一个只出现一次的字符位置.md,markdown,.md,1904,yes,no,yes,yes,50. 第一个只出现一次的字符位置.md,,,,yes,yes,4,L1:H1:50. 第一个只出现一次的字符位置 | L3:H2:题目链接 | L7:H2:题目描述 | L16:H2:解题思路,yes,1,L5:markdown_inline:牛客网->https://www.nowcoder.com/practice/1c82e8cf713b4bbeb2a5b31cf5b0417c?tpId=13&tqId=11187&tPage=1&rp=1&ru=/ta/coding-interviews&qru=/ta/coding-interviews/question…,no,0,,Chinese filename; Chinese headings; Chinese Markdown/HTML links,notes/50-first-non-repeating-character-position.md,proposed,
notes/51. 数组中的逆序对.md,markdown,.md,1456,yes,no,yes,yes,51. 数组中的逆序对.md,,,,yes,yes,3,L1:H1:51. 数组中的逆序对 | L5:H2:题目描述 | L9:H2:解题思路,no,0,,yes,2,L13:private int[] tmp; // 在这里声明辅助数组，而不是在 merge() 递归函数中声明 | L41:this.cnt += m - i + 1; // nums[i] > nums[j]，说明 nums[i...mid] 都大于 nums[j],Chinese filename; Chinese headings; Chinese code comments,notes/51-inverse-pairs-in-array.md,proposed,
notes/52. 两个链表的第一个公共结点.md,markdown,.md,1129,yes,no,yes,yes,52. 两个链表的第一个公共结点.md,,,,yes,yes,3,L1:H1:52. 两个链表的第一个公共结点 | L5:H2:题目描述 | L9:H2:解题思路,no,0,,no,0,,Chinese filename; Chinese headings,notes/52-first-common-node-of-two-linked-lists.md,proposed,
notes/53. 数字在排序数组中出现的次数.md,markdown,.md,2423,yes,no,yes,yes,53. 数字在排序数组中出现的次数.md,,,,yes,yes,4,L1:H1:53. 数字在排序数组中出现的次数 | L3:H2:题目链接 | L7:H2:题目描述 | L18:H2:解题思路,yes,1,L5:markdown_inline:牛客网->https://www.nowcoder.com/practice/70610bf967994b22bb1c26f9ae901fa2?tpId=13&tqId=11190&tPage=1&rp=1&ru=/ta/coding-interviews&qru=/ta/coding-interviews/question…,no,0,,Chinese filename; Chinese headings; Chinese Markdown/HTML links,notes/53-count-occurrences-in-sorted-array.md,proposed,
notes/54. 二叉查找树的第 K 个结点.md,markdown,.md,655,yes,no,yes,yes,54. 二叉查找树的第 K 个结点.md,,,,yes,yes,2,L1:H1:54. 二叉查找树的第 K 个结点 | L5:H2:解题思路,no,0,,no,0,,Chinese filename; Chinese headings,notes/54-kth-node-in-bst.md,proposed,
notes/55.1 二叉树的深度.md,markdown,.md,694,yes,no,yes,yes,55.1 二叉树的深度.md,,,,yes,yes,3,L1:H1:55.1 二叉树的深度 | L5:H2:题目描述 | L11:H2:解题思路,no,0,,no,0,,Chinese filename; Chinese headings,notes/55.1-depth-of-binary-tree.md,proposed,
notes/55.2 平衡二叉树.md,markdown,.md,874,yes,no,yes,yes,55.2 平衡二叉树.md,,,,yes,yes,3,L1:H1:55.2 平衡二叉树 | L5:H2:题目描述 | L11:H2:解题思路,no,0,,no,0,,Chinese filename; Chinese headings,notes/55.2-balanced-binary-tree.md,proposed,
notes/56. 数组中只出现一次的数字.md,markdown,.md,2128,yes,no,yes,yes,56. 数组中只出现一次的数字.md,,,,yes,yes,4,L1:H1:56. 数组中只出现一次的数字 | L3:H2:题目链接 | L7:H2:题目描述 | L11:H2:解题思路,yes,1,L5:markdown_inline:牛客网->https://www.nowcoder.com/practice/389fc1c3d3be4479a154f63f495abff8?tpId=13&tqId=11193&tab=answerKey&from=cyc_github,no,0,,Chinese filename; Chinese headings; Chinese Markdown/HTML links,notes/56-numbers-appearing-once-in-array.md,proposed,
notes/57.1 和为 S 的两个数字.md,markdown,.md,1239,yes,no,yes,yes,57.1 和为 S 的两个数字.md,,,,yes,yes,4,L1:H1:57.1 和为 S 的两个数字 | L3:H2:题目链接 | L7:H2:题目描述 | L11:H2:解题思路,yes,1,L5:markdown_inline:牛客网->https://www.nowcoder.com/practice/390da4f7a00f44bea7c2f3d19491311b?tpId=13&tqId=11195&tPage=1&rp=1&ru=/ta/coding-interviews&qru=/ta/coding-interviews/question…,no,0,,Chinese filename; Chinese headings; Chinese Markdown/HTML links,notes/57.1-two-numbers-with-sum-s.md,proposed,
notes/57.2 和为 S 的连续正数序列.md,markdown,.md,1117,yes,no,yes,yes,57.2 和为 S 的连续正数序列.md,,,,yes,yes,4,L1:H1:57.2 和为 S 的连续正数序列 | L3:H2:题目描述 | L7:H2:题目描述 | L16:H2:解题思路,yes,1,L5:markdown_inline:牛客网->https://www.nowcoder.com/practice/c451a3fd84b64cb19485dad758a55ebe?tpId=13&tqId=11194&tPage=1&rp=1&ru=/ta/coding-interviews&qru=/ta/coding-interviews/question…,no,0,,Chinese filename; Chinese headings; Chinese Markdown/HTML links,notes/57.2-continuous-positive-sequences-with-sum-s.md,proposed,
notes/58.1 翻转单词顺序列.md,markdown,.md,1337,yes,no,yes,yes,58.1 翻转单词顺序列.md,,,,yes,yes,4,L1:H1:58.1 翻转单词顺序列 | L3:H2:题目描述 | L7:H2:题目描述 | L17:H2:解题思路,yes,1,L5:markdown_inline:牛客网->https://www.nowcoder.com/practice/3194a4f4cf814f63919d0790578d51f3?tpId=13&tqId=11197&tPage=1&rp=1&ru=/ta/coding-interviews&qru=/ta/coding-interviews/question…,no,0,,Chinese filename; Chinese headings; Chinese Markdown/HTML links,notes/58.1-reverse-word-order.md,proposed,
notes/58.2 左旋转字符串.md,markdown,.md,1069,yes,no,yes,yes,58.2 左旋转字符串.md,,,,yes,yes,4,L1:H1:58.2 左旋转字符串 | L3:H2:题目链接 | L7:H2:题目描述 | L20:H2:解题思路,yes,1,L5:markdown_inline:牛客网->https://www.nowcoder.com/practice/12d959b108cb42b1ab72cef4d36af5ec?tpId=13&tqId=11196&tPage=1&rp=1&ru=/ta/coding-interviews&qru=/ta/coding-interviews/question…,no,0,,Chinese filename; Chinese headings; Chinese Markdown/HTML links,notes/58.2-left-rotate-string.md,proposed,
notes/59. 滑动窗口的最大值.md,markdown,.md,1689,yes,no,yes,yes,59. 滑动窗口的最大值.md,,,,yes,yes,4,L1:H1:59. 滑动窗口的最大值 | L3:H2:题目链接 | L7:H2:题目描述 | L15:H2:解题思路,yes,1,L5:markdown_inline:牛客网->https://www.nowcoder.com/practice/1624bc35a45c42c0bc17d17fa0cba788?tpId=13&tqId=11217&tPage=1&rp=1&ru=/ta/coding-interviews&qru=/ta/coding-interviews/question…,yes,2,"L26:PriorityQueue<Integer> heap = new PriorityQueue<>((o1, o2) -> o2 - o1); /* 大顶堆 */ | L30:for (int i = 0, j = i + size; j < num.length; i++, j++) { /* 维护一个大小为 size 的大顶堆 */",Chinese filename; Chinese headings; Chinese Markdown/HTML links; Chinese code comments,notes/59-sliding-window-maximum.md,proposed,
notes/6. 从尾到头打印链表.md,markdown,.md,3249,yes,no,yes,yes,6. 从尾到头打印链表.md,,,,yes,yes,7,L1:H1:6. 从尾到头打印链表 | L3:H2:题目链接 | L7:H2:题目描述 | L13:H2:解题思路 | L15:H3:1. 使用递归 | L30:H3:2. 使用头插法 | L71:H3:3. 使用栈,yes,1,L5:markdown_inline:牛客网->https://www.nowcoder.com/practice/d0267f7f55b3412ba93bd35cfa8e8035?tpId=13&tqId=11156&tPage=1&rp=1&ru=/ta/coding-interviews&qru=/ta/coding-interviews/question…,yes,2,L52:// 头插法构建逆序链表 | L60:// 构建 ArrayList,Chinese filename; Chinese headings; Chinese Markdown/HTML links; Chinese code comments,notes/6-print-linked-list-from-tail-to-head.md,proposed,
notes/60. n 个骰子的点数.md,markdown,.md,2180,yes,no,yes,yes,60. n 个骰子的点数.md,,,,yes,yes,6,L1:H1:60. n 个骰子的点数 | L3:H2:题目链接 | L7:H2:题目描述 | L13:H2:解题思路 | L15:H3:动态规划 | L44:H3:动态规划 + 旋转数组,no,0,,yes,3,L31:for (int j = i; j <= pointNum; j++) /* 使用 i 个骰子最小点数为 i */ | L57:int flag = 1; /* 旋转标记 */ | L60:dp[flag][j] = 0; /* 旋转数组清零 */,Chinese filename; Chinese headings; Chinese code comments,notes/60-n-dice-probabilities.md,proposed,
notes/61. 扑克牌顺子.md,markdown,.md,994,yes,no,yes,yes,61. 扑克牌顺子.md,,,,yes,yes,4,L1:H1:61. 扑克牌顺子 | L3:H2:题目链接 | L7:H2:题目描述 | L14:H2:解题思路,no,0,,yes,2,L24:// 统计癞子数量 | L30:// 使用癞子去补全不连续的顺子,Chinese filename; Chinese headings; Chinese code comments,notes/61-straight-in-playing-cards.md,proposed,
notes/62. 圆圈中最后剩下的数.md,markdown,.md,1071,yes,no,yes,yes,62. 圆圈中最后剩下的数.md,,,,yes,yes,4,L1:H1:62. 圆圈中最后剩下的数 | L3:H2:题目链接 | L7:H2:题目描述 | L11:H2:解题思路,no,0,,yes,2,L17:if (n == 0) /* 特殊输入的处理 */ | L19:if (n == 1) /* 递归返回条件 */,Chinese filename; Chinese headings; Chinese code comments,notes/62-last-remaining-number-in-circle.md,proposed,
notes/63. 股票的最大利润.md,markdown,.md,1055,yes,no,yes,yes,63. 股票的最大利润.md,,,,yes,yes,4,L1:H1:63. 股票的最大利润 | L3:H2:题目链接 | L7:H2:题目描述 | L13:H2:解题思路,no,0,,no,0,,Chinese filename; Chinese headings,notes/63-maximum-stock-profit.md,proposed,
notes/64. 求 1+2+3+...+n.md,markdown,.md,1211,yes,no,yes,yes,64. 求 1+2+3+...+n.md,,,,yes,yes,4,L1:H1:64. 求 1+2+3+...+n | L3:H2:题目链接 | L7:H2:题目描述 | L11:H2:解题思路,no,0,,no,0,,Chinese filename; Chinese headings,notes/64-sum-1-to-n.md,proposed,
notes/65. 不用加减乘除做加法.md,markdown,.md,737,yes,no,yes,yes,65. 不用加减乘除做加法.md,,,,yes,yes,4,L1:H1:65. 不用加减乘除做加法 | L3:H2:题目链接 | L7:H2:题目描述 | L11:H2:解题思路,no,0,,no,0,,Chinese filename; Chinese headings,notes/65-add-without-arithmetic-operators.md,proposed,
notes/66. 构建乘积数组.md,markdown,.md,958,yes,no,yes,yes,66. 构建乘积数组.md,,,,yes,yes,4,L1:H1:66. 构建乘积数组 | L3:H2:题目链接 | L7:H2:题目描述 | L14:H2:解题思路,no,0,,yes,2,"L20:for (int i = 0, product = 1; i < n; product *= A[i], i++) /* 从左往右累乘 */ | L22:for (int i = n - 1, product = 1; i >= 0; product *= A[i], i--) /* 从右往左累乘 */",Chinese filename; Chinese headings; Chinese code comments,notes/66-construct-product-array.md,proposed,
notes/67. 把字符串转换成整数.md,markdown,.md,992,yes,no,yes,yes,67. 把字符串转换成整数.md,,,,yes,yes,4,L1:H1:67. 把字符串转换成整数 | L3:H2:题目链接 | L7:H2:题目描述 | L21:H2:解题思路,no,0,,yes,2,L31:if (i == 0 && (c == '+' || c == '-')) /* 符号判定 */ | L33:if (c < '0' || c > '9') /* 非法输入 */,Chinese filename; Chinese headings; Chinese code comments,notes/67-string-to-integer.md,proposed,
notes/68. 树中两个节点的最低公共祖先.md,markdown,.md,1742,yes,no,yes,yes,68. 树中两个节点的最低公共祖先.md,,,,yes,yes,7,L1:H1:68. 树中两个节点的最低公共祖先 | L4:H2:68.1 二叉查找树 | L6:H3:题目链接 | L10:H3:解题思路 | L28:H2:68.2 普通二叉树 | L30:H3:题目链接 | L34:H3:解题思路,no,0,,no,0,,Chinese filename; Chinese headings,notes/68-lowest-common-ancestor-in-tree.md,proposed,
notes/7. 重建二叉树.md,markdown,.md,1777,yes,no,yes,yes,7. 重建二叉树.md,,,,yes,yes,4,L1:H1:7. 重建二叉树 | L3:H2:题目链接 | L7:H2:题目描述 | L15:H2:解题思路,yes,1,L5:markdown_inline:牛客网->https://www.nowcoder.com/practice/8a19cbe657394eeaac2f6ea9b0f6fcf6?tpId=13&tqId=11157&tPage=1&rp=1&ru=/ta/coding-interviews&qru=/ta/coding-interviews/question…,yes,1,L22:// 缓存中序遍历数组每个值对应的索引,Chinese filename; Chinese headings; Chinese Markdown/HTML links; Chinese code comments,notes/7-reconstruct-binary-tree.md,proposed,
notes/8. 二叉树的下一个结点.md,markdown,.md,2172,yes,no,yes,yes,8. 二叉树的下一个结点.md,,,,yes,yes,4,L1:H1:8. 二叉树的下一个结点 | L3:H2:题目链接 | L7:H2:题目描述 | L25:H2:解题思路,yes,1,L5:markdown_inline:牛客网->https://www.nowcoder.com/practice/9023a0c988684a53960365b889ceaf5e?tpId=13&tqId=11210&tPage=1&rp=1&ru=/ta/coding-interviews&qru=/ta/coding-interviews/question…,yes,1,L17:TreeLinkNode next = null; // 指向父结点的指针,Chinese filename; Chinese headings; Chinese Markdown/HTML links; Chinese code comments,notes/8-next-node-in-binary-tree.md,proposed,
notes/9. 用两个栈实现队列.md,markdown,.md,1239,yes,no,yes,yes,9. 用两个栈实现队列.md,,,,yes,yes,4,L1:H1:9. 用两个栈实现队列 | L3:H2:题目链接 | L7:H2:题目描述 | L11:H2:解题思路,yes,1,L5:markdown_inline:牛客网->https://www.nowcoder.com/practice/54275ddae22f475981afa2244dd448c6?tpId=13&tqId=11158&tPage=1&rp=1&ru=/ta/coding-interviews&qru=/ta/coding-interviews/question…,no,0,,Chinese filename; Chinese headings; Chinese Markdown/HTML links,notes/9-queue-with-two-stacks.md,proposed,
notes/Docker.md,markdown,.md,4530,yes,no,no,no,,,,,no,yes,14,L13:H2:一、解决的问题 | L21:H2:二、与虚拟机的比较 | L27:H3:启动速度 | L33:H3:占用资源 | L39:H2:三、优势 | L43:H3:更容易迁移 | L47:H3:更容易维护 | L51:H3:更容易扩展 | L55:H2:四、使用场景 | L57:H3:持续集成 | L63:H3:提供可伸缩的云服务 | L67:H3:搭建微服务架构 | L71:H2:五、镜像与容器 | L81:H2:参考资料,yes,10,L4:markdown_inline:一、解决的问题->#一解决的问题 | L5:markdown_inline:二、与虚拟机的比较->#二与虚拟机的比较 | L6:markdown_inline:三、优势->#三优势 | L7:markdown_inline:四、使用场景->#四使用场景 | L8:markdown_inline:五、镜像与容器->#五镜像与容器 | L9:markdown_inline:参考资料->#参考资料 | L84:markdown_inline:Docker 入门教程->http://www.ruanyifeng.com/blog/2018/02/docker-tutorial.html | L87:markdown_inline:理解 Docker（2）：Docker 镜像->http://www.cnblogs.com/sammyliu/p/5877964.html | L88:markdown_inline:为什么要使用 Docker？->https://yeasy.gitbooks.io/docker_practice/introduction/why.html | L90:markdown_inline:持续集成是什么？->http://www.ruanyifeng.com/blog/2015/09/continuous-integration.html,no,0,,Chinese headings; Chinese Markdown/HTML links,,not_started,
notes/Git.md,markdown,.md,7276,yes,no,no,no,,,,,no,yes,10,L18:H2:集中式与分布式 | L32:H2:中心服务器 | L38:H2:工作流 | L60:H2:分支实现 | L78:H2:冲突 | L106:H2:储藏（Stashing） | L120:H2:SSH 传输设置 | L132:H2:.gitignore 文件 | L142:H2:Git 命令一览 | L148:H2:参考资料,yes,13,L4:markdown_inline:集中式与分布式->#集中式与分布式 | L5:markdown_inline:中心服务器->#中心服务器 | L6:markdown_inline:工作流->#工作流 | L7:markdown_inline:分支实现->#分支实现 | L8:markdown_inline:冲突->#冲突 | L10:markdown_inline:储藏（Stashing）->#储藏stashing | L11:markdown_inline:SSH 传输设置->#ssh-传输设置 | L12:markdown_inline:.gitignore 文件->#gitignore-文件 | L13:markdown_inline:Git 命令一览->#git-命令一览 | L14:markdown_inline:参考资料->#参考资料 | L150:markdown_inline:Git - 简明指南->http://rogerdudler.github.io/git-guide/index.zh.html | L151:markdown_inline:图解 Git->http://marklodato.github.io/visual-git-guide/index-zh-cn.html | L152:markdown_inline:廖雪峰 : Git 教程->https://www.liaoxuefeng.com/wiki/0013739516305929606dd18361248578c67b8067c8c017b000,no,0,,Chinese headings; Chinese Markdown/HTML links,,not_started,
notes/HTTP.md,markdown,.md,40344,yes,no,no,no,,,,,no,yes,61,L61:H2:一 、基础概念 | L63:H3:请求和响应报文 | L136:H2:二、HTTP 方法 | L235:H2:三、HTTP 状态码 | L247:H3:1XX 信息 | L251:H3:2XX 成功 | L259:H3:3XX 重定向 | L273:H3:4XX 客户端错误 | L283:H3:5XX 服务器错误 | L289:H2:四、HTTP 首部 | L295:H3:通用首部字段 | L309:H3:请求首部字段 | L333:H3:响应首部字段 | L347:H3:实体首部字段 | L362:H2:五、具体应用 | L364:H3:连接管理 | L368:H4:1. 短连接与长连接 | L377:H4:2. 流水线 | L391:H4:1. 用途 | L397:H4:2. 创建过程 | L418:H4:3. 分类 | L427:H4:4. 作用域 | L474:H4:9. 浏览器禁用 Cookie | L478:H4:10. Cookie 与 Session 选择 | L484:H3:缓存 | L486:H4:1. 优点 | L491:H4:2. 实现方法 | L549:H4:4. 缓存验证 | L573:H3:内容协商 | L577:H4:1. 类型 | L603:H3:内容编码 | L611:H3:范围请求 | L643:H4:3. 响应状态码 | L649:H3:分块传输编码 | L653:H3:多部分对象集合 | L674:H3:虚拟主机 | L678:H3:通信数据转发 | L680:H4:1. 代理 | L701:H4:2. 网关 | L705:H4:3. 隧道 | L709:H2:六、HTTPS | L723:H3:加密 | L725:H4:1. 对称密钥加密 | L734:H4:2.非对称密钥加密 | L747:H4:3. HTTPS 采用的加密方式 | L756:H3:认证 | L768:H3:完整性保护 | L776:H3:HTTPS 的缺点 | L781:H2:七、HTTP/2.0 | L783:H3:HTTP/1.x 缺陷 | L791:H3:二进制分帧层 | L805:H3:服务端推送 | L811:H3:首部压缩 | L821:H2:八、HTTP/1.1 新特性 | L833:H2:九、GET 和 POST 比较 | L835:H3:作用 | L839:H3:参数 | L855:H3:安全 | L865:H3:幂等性 | L898:H3:可缓存 | L915:H2:参考资料,yes,52,L4:markdown_inline:一 、基础概念->#一-基础概念 | L5:markdown_inline:请求和响应报文->#请求和响应报文 | L7:markdown_inline:二、HTTP 方法->#二http-方法 | L17:markdown_inline:三、HTTP 状态码->#三http-状态码 | L18:markdown_inline:1XX 信息->#1xx-信息 | L19:markdown_inline:2XX 成功->#2xx-成功 | L20:markdown_inline:3XX 重定向->#3xx-重定向 | L21:markdown_inline:4XX 客户端错误->#4xx-客户端错误 | L22:markdown_inline:5XX 服务器错误->#5xx-服务器错误 | L23:markdown_inline:四、HTTP 首部->#四http-首部 | L24:markdown_inline:通用首部字段->#通用首部字段 | L25:markdown_inline:请求首部字段->#请求首部字段 | L26:markdown_inline:响应首部字段->#响应首部字段 | L27:markdown_inline:实体首部字段->#实体首部字段 | L28:markdown_inline:五、具体应用->#五具体应用 | L29:markdown_inline:连接管理->#连接管理 | L31:markdown_inline:缓存->#缓存 | L32:markdown_inline:内容协商->#内容协商 | L33:markdown_inline:内容编码->#内容编码 | L34:markdown_inline:范围请求->#范围请求 | L35:markdown_inline:分块传输编码->#分块传输编码 | L36:markdown_inline:多部分对象集合->#多部分对象集合 | L37:markdown_inline:虚拟主机->#虚拟主机 | L38:markdown_inline:通信数据转发->#通信数据转发 | L39:markdown_inline:六、HTTPS->#六https | L40:markdown_inline:加密->#加密 | L41:markdown_inline:认证->#认证 | L42:markdown_inline:完整性保护->#完整性保护 | L43:markdown_inline:HTTPS 的缺点->#https-的缺点 | L44:markdown_inline:七、HTTP/2.0->#七http20 | L45:markdown_inline:HTTP/1.x 缺陷->#http1x-缺陷 | L46:markdown_inline:二进制分帧层->#二进制分帧层 | L47:markdown_inline:服务端推送->#服务端推送 | L48:markdown_inline:首部压缩->#首部压缩 | L49:markdown_inline:八、HTTP/1.1 新特性->#八http11-新特性 | L50:markdown_inline:九、GET 和 POST 比较->#九get-和-post-比较 | L51:markdown_inline:作用->#作用 | L52:markdown_inline:参数->#参数 | L53:markdown_inline:安全->#安全 | L54:markdown_inline:幂等性->#幂等性 | L55:markdown_inline:可缓存->#可缓存 | L57:markdown_inline:参考资料->#参考资料 | L131:markdown_inline:wikipedia：统一资源标志符->https://zh.wikipedia.org/wiki/统一资源标志符 | L819:html_src->https://cs-notes-1256109796.cos.ap-guangzhou.myqcloud.com/_u4E0B_u8F7D.png | L919:markdown_inline:HTTP/2 简介->https://developers.google.com/web/fundamentals/performance/http2/?hl=zh-cn | L923:markdown_inline:浅谈 HTTP 中 Get 与 Post 的区别->https://www.cnblogs.com/hyddd/archive/2009/03/31/1426026.html | L934:markdown_inline:Cookie 与 Session 的区别->https://juejin.im/entry/5766c29d6be3ff006a31b84e#comment | L935:markdown_inline:COOKIE 和 SESSION 有什么区别->https://www.zhihu.com/question/19786827 | L936:markdown_inline:Cookie/Session 的机制与安全->https://harttle.land/2015/08/10/cookie-session.html | L937:markdown_inline:HTTPS 证书原理->https://shijianan.com/2017/06/11/https/ | L942:markdown_inline:Web 性能优化与 HTTP/2->https://www.kancloud.cn/digest/web-performance-http2 | L943:markdown_inline:HTTP/2 简介->https://developers.google.com/web/fundamentals/performance/http2/?hl=zh-cn,yes,1,L119:// 省略...,Chinese headings; Chinese Markdown/HTML links; Chinese code comments,,not_started,
notes/Java IO.md,markdown,.md,22163,yes,no,no,no,,,,,no,yes,30,L36:H2:一、概览 | L47:H2:二、磁盘操作 | L70:H2:三、字节操作 | L72:H3:实现文件复制 | L94:H3:装饰者模式 | L113:H2:四、字符操作 | L115:H3:编码与解码 | L129:H3:String 的编码方式 | L146:H3:Reader 与 Writer | L153:H3:实现逐行输出文本文件的内容 | L173:H2:五、对象操作 | L175:H3:序列化 | L231:H2:六、网络操作 | L289:H2:七、NIO | L293:H3:流与块 | L303:H3:通道与缓冲区 | L305:H4:1. 通道 | L318:H4:2. 缓冲区 | L334:H3:缓冲区状态变量 | L362:H3:文件 NIO 实例 | L406:H3:选择器 | L420:H4:1. 创建选择器 | L426:H4:2. 将通道注册到选择器上 | L458:H4:3. 监听事件 | L466:H4:4. 获取到达的事件 | L482:H4:5. 事件循环 | L503:H3:套接字 NIO 实例 | L592:H3:内存映射文件 | L604:H3:对比 | L611:H2:八、参考资料,yes,29,L4:markdown_inline:一、概览->#一概览 | L5:markdown_inline:二、磁盘操作->#二磁盘操作 | L6:markdown_inline:三、字节操作->#三字节操作 | L7:markdown_inline:实现文件复制->#实现文件复制 | L8:markdown_inline:装饰者模式->#装饰者模式 | L9:markdown_inline:四、字符操作->#四字符操作 | L10:markdown_inline:编码与解码->#编码与解码 | L11:markdown_inline:String 的编码方式->#string-的编码方式 | L12:markdown_inline:Reader 与 Writer->#reader-与-writer | L13:markdown_inline:实现逐行输出文本文件的内容->#实现逐行输出文本文件的内容 | L14:markdown_inline:五、对象操作->#五对象操作 | L15:markdown_inline:序列化->#序列化 | L18:markdown_inline:六、网络操作->#六网络操作 | L23:markdown_inline:七、NIO->#七nio | L24:markdown_inline:流与块->#流与块 | L25:markdown_inline:通道与缓冲区->#通道与缓冲区 | L26:markdown_inline:缓冲区状态变量->#缓冲区状态变量 | L27:markdown_inline:文件 NIO 实例->#文件-nio-实例 | L28:markdown_inline:选择器->#选择器 | L29:markdown_inline:套接字 NIO 实例->#套接字-nio-实例 | L30:markdown_inline:内存映射文件->#内存映射文件 | L31:markdown_inline:对比->#对比 | L32:markdown_inline:八、参考资料->#八参考资料 | L614:markdown_inline:IBM: NIO 入门->https://www.ibm.com/developerworks/cn/education/java/j-nio/j-nio.html | L616:markdown_inline:Java NIO 浅析->https://tech.meituan.com/nio.html | L617:markdown_inline:IBM: 深入分析 Java I/O 的工作机制->https://www.ibm.com/developerworks/cn/java/j-lo-javaio/index.html | L618:markdown_inline:IBM: 深入分析 Java 中的中文编码问题->https://www.ibm.com/developerworks/cn/java/j-lo-chinesecoding/index.html | L619:markdown_inline:IBM: Java 序列化的高级认识->https://www.ibm.com/developerworks/cn/java/j-lo-serial/index.html | L620:markdown_inline:NIO 与传统 IO 的区别->http://blog.csdn.net/shimiso/article/details/24990499,yes,21,L82:// read() 最多读取 buffer.length 个字节 | L83:// 返回的是实际读取的个数 | L84:// 返回 -1 的时候表示读到 eof，即文件尾 | L166:// 装饰者模式使得 BufferedReader 组合了一个 Reader 对象 | L167:// 在调用 BufferedReader 的 close() 方法时会去调用 Reader 的 close() 方法 | L168:// 因此只要一个 close() 调用即可 | L258:/* 字节流 */ | L261:/* 字符流 */ | L264:/* 提供缓存功能 */ | L369:/* 获得源文件的输入字节流 */ | L372:/* 获取输入字节流的文件通道 */ | L375:/* 获取目标文件的输出字节流 */ | L378:/* 获取输出字节流的文件通道 */ | L381:/* 为缓冲区分配 1024 个字节 */ | L386:/* 从输入通道中读取数据到缓冲区中 */ | L389:/* read() 返回 -1 表示 EOF */ | L394:/* 切换读写 */ | L397:/* 把缓冲区的内容写入输出文件中 */ | L400:/* 清空缓冲区 */ | L534:// 服务器会为每个新连接创建一个 SocketChannel | L538:// 这个新连接主要用于从客户端读取数据,Chinese headings; Chinese Markdown/HTML links; Chinese code comments,,not_started,
notes/Java 基础.md,markdown,.md,47351,yes,no,yes,yes,Java 基础.md,,,,yes,yes,27,L1:H1:Java 基础 | L45:H2:一、数据类型 | L47:H3:基本类型 | L63:H3:包装类型 | L74:H3:缓存池 | L157:H2:二、String | L159:H3:概览 | L188:H3:不可变的好处 | L309:H2:三、运算 | L311:H3:参数传递 | L379:H3:float 与 double | L395:H3:隐式类型转换 | L452:H2:四、关键字 | L624:H2:五、Object 通用方法 | L626:H3:概览 | L991:H2:六、继承 | L993:H3:访问权限 | L1054:H3:抽象类与接口 | L1215:H3:重写与重载 | L1347:H2:七、反射 | L1380:H2:八、异常 | L1393:H2:九、泛型 | L1407:H2:十、注解 | L1413:H2:十一、特性 | L1415:H3:Java 各版本的新特性 | L1443:H3:Java 与 C++ 的区别 | L1460:H2:参考资料,yes,35,L3:markdown_inline:Java 基础->#java-基础 | L4:markdown_inline:一、数据类型->#一数据类型 | L5:markdown_inline:基本类型->#基本类型 | L6:markdown_inline:包装类型->#包装类型 | L7:markdown_inline:缓存池->#缓存池 | L8:markdown_inline:二、String->#二string | L9:markdown_inline:概览->#概览 | L10:markdown_inline:不可变的好处->#不可变的好处 | L14:markdown_inline:三、运算->#三运算 | L15:markdown_inline:参数传递->#参数传递 | L16:markdown_inline:float 与 double->#float-与-double | L17:markdown_inline:隐式类型转换->#隐式类型转换 | L19:markdown_inline:四、关键字->#四关键字 | L22:markdown_inline:五、Object 通用方法->#五object-通用方法 | L23:markdown_inline:概览->#概览 | L28:markdown_inline:六、继承->#六继承 | L29:markdown_inline:访问权限->#访问权限 | L30:markdown_inline:抽象类与接口->#抽象类与接口 | L32:markdown_inline:重写与重载->#重写与重载 | L33:markdown_inline:七、反射->#七反射 | L34:markdown_inline:八、异常->#八异常 | L35:markdown_inline:九、泛型->#九泛型 | L36:markdown_inline:十、注解->#十注解 | L37:markdown_inline:十一、特性->#十一特性 | L38:markdown_inline:Java 各版本的新特性->#java-各版本的新特性 | L39:markdown_inline:Java 与 C++ 的区别->#java-与-c-的区别 | L41:markdown_inline:参考资料->#参考资料 | L253:markdown_inline:深入解析 String#intern->https://tech.meituan.com/in_depth_understanding_string_intern.html | L1158:markdown_inline:深入理解 abstract class 和 interface->https://www.ibm.com/developerworks/cn/java/l-javainterface-abstract/ | L1378:markdown_inline:深入解析 Java 反射（1）- 基础->http://www.sczyh30.com/posts/Java/java-reflection-1/ | L1391:markdown_inline:Java提高篇——Java 异常处理->https://www.cnblogs.com/Qian123/p/5715402.html | L1404:markdown_inline:Java 泛型详解->https://www.cnblogs.com/Blue-Keroro/p/8875898.html | L1405:markdown_inline:10 道 Java 泛型面试题->https://cloud.tencent.com/developer/article/1033693 | L1411:markdown_inline:注解 Annotation 实现原理与自定义注解例子->https://www.cnblogs.com/acm-bingzi/p/javaAnnotation.html | L1441:markdown_inline:Java 8 特性->http://www.importnew.com/19345.html,yes,10,L68:Integer x = 2; // 装箱 调用了 Integer.valueOf(2) | L69:int y = x; // 拆箱 调用了 X.intValue() | L490:private int x; // 实例变量 | L491:private static int y; // 静态变量 | L1049:return innerClass.x; // 直接访问 | L1305:// 在 A 中存在 show(A obj)，直接调用 | L1307:// 在 A 中不存在 show(B obj)，将 B 转型成其父类 A | L1309:// 在 B 中存在从 A 继承来的 show(C obj)，直接调用 | L1311:// 在 B 中不存在 show(D obj)，但是存在从 A 继承来的 show(C obj)，将 D 转型成其父类 C | L1314:// 引用的还是 B 对象，所以 ba 和 b 的调用结果一样,Chinese filename; Chinese headings; Chinese Markdown/HTML links; Chinese code comments,notes/java-basics.md,proposed,
notes/Java 容器.md,markdown,.md,35921,yes,no,yes,yes,Java 容器.md,,,,yes,yes,34,L1:H1:Java 容器 | L23:H2:一、概览 | L66:H2:二、容器中的设计模式 | L68:H3:迭代器模式 | L85:H3:适配器模式 | L107:H2:三、源码分析 | L116:H4:1. 概览 | L133:H4:2. 扩容 | L173:H4:3. 删除元素 | L190:H4:4. 序列化 | L264:H4:1. 同步 | L284:H4:2. 扩容 | L325:H4:3. 与 ArrayList 的比较 | L330:H4:4. 替代方案 | L347:H4:1. 读写分离 | L383:H4:2. 适用场景 | L396:H4:1. 概览 | L417:H4:2. 与 ArrayList 的比较 | L428:H4:1. 存储结构 | L491:H4:2. 拉链法的工作原理 | L514:H4:3. put 操作 | L593:H4:4. 确定桶下标 | L662:H4:5. 扩容-基本原理 | L741:H4:6. 扩容-重新计算桶下标 | L757:H4:7. 计算数组容量 | L790:H4:8. 链表转红黑树 | L794:H4:9. 与 Hashtable 的比较 | L803:H4:1. 存储结构 | L850:H4:2. size 操作 | L923:H4:3. JDK 1.8 的改动 | L933:H4:存储结构 | L1023:H4:LRU 缓存 | L1063:H4:存储结构 | L1120:H2:参考资料,yes,13,L3:markdown_inline:Java 容器->#java-容器 | L4:markdown_inline:一、概览->#一概览 | L7:markdown_inline:二、容器中的设计模式->#二容器中的设计模式 | L8:markdown_inline:迭代器模式->#迭代器模式 | L9:markdown_inline:适配器模式->#适配器模式 | L10:markdown_inline:三、源码分析->#三源码分析 | L19:markdown_inline:参考资料->#参考资料 | L1124:markdown_inline:Iterator 模式->https://openhome.cc/Gossip/DesignPattern/IteratorPattern.htm | L1125:markdown_inline:Java 8 系列之重新认识 HashMap->https://tech.meituan.com/java_hashmap.html | L1127:markdown_inline:Java 集合之 HashMap->http://www.zhangchangle.com/2018/02/07/Java%E9%9B%86%E5%90%88%E4%B9%8BHashMap/ | L1129:markdown_inline:探索 ConcurrentHashMap 高并发性的实现机制->https://www.ibm.com/developerworks/cn/java/java-lo-concurrenthashmap/ | L1130:markdown_inline:HashMap 相关面试题及其解答->https://www.jianshu.com/p/75adf47958a7 | L1131:markdown_inline:Java 集合细节（二）：asList 的缺陷->http://wiki.jikexueyuan.com/project/java-enhancement/java-thirtysix.html,yes,7,L521:// 键为 null 单独处理 | L525:// 确定桶下标 | L527:// 先找出是否已经存在键为 key 的键值对，如果存在的话就更新这个键值对的值为 value | L539:// 插入新键值对 | L578:// 头插法，链表头部指向新的键值对 | L891:// 超过尝试次数，则对每个 Segment 加锁 | L908:// 连续两次得到的结果一致，则认为这个结果是正确的,Chinese filename; Chinese headings; Chinese Markdown/HTML links; Chinese code comments,notes/java-collections.md,proposed,
notes/Java 并发.md,markdown,.md,61496,yes,no,yes,yes,Java 并发.md,,,,yes,yes,55,L1:H1:Java 并发 | L65:H2:一、使用线程 | L75:H3:实现 Runnable 接口 | L98:H3:实现 Callable 接口 | L120:H3:继承 Thread 类 | L141:H3:实现接口 VS 继承 Thread | L148:H2:二、基础线程机制 | L213:H2:三、中断 | L291:H3:Executor 的中断操作 | L333:H2:四、互斥同步 | L491:H3:比较 | L517:H3:使用选择 | L521:H2:五、线程之间的协作 | L681:H2:六、线程状态 | L685:H3:新建（NEW） | L689:H3:可运行（RUNABLE） | L693:H3:阻塞（BLOCKED） | L697:H3:无限期等待（WAITING） | L709:H3:限期等待（TIMED_WAITING） | L723:H3:死亡（TERMINATED） | L729:H2:七、J.U.C - AQS | L852:H2:八、J.U.C - 其它组件 | L1027:H2:九、线程不安全示例 | L1070:H2:十、Java 内存模型 | L1074:H3:主内存与工作内存 | L1088:H3:内存间交互操作 | L1103:H3:内存模型三大特性 | L1105:H4:1. 原子性 | L1197:H4:2. 可见性 | L1209:H4:3. 有序性 | L1217:H3:先行发生原则 | L1221:H4:1. 单一线程原则 | L1229:H4:2. 管程锁定规则 | L1237:H4:3. volatile 变量规则 | L1245:H4:4. 线程启动规则 | L1253:H4:5. 线程加入规则 | L1261:H4:6. 线程中断规则 | L1267:H4:7. 对象终结规则 | L1273:H4:8. 传递性 | L1279:H2:十一、线程安全 | L1285:H3:不可变 | L1322:H3:互斥同步 | L1326:H3:非阻塞同步 | L1381:H3:无同步方案 | L1385:H4:1. 栈封闭 | L1416:H4:2. 线程本地存储（Thread Local Storage） | L1522:H4:3. 可重入代码（Reentrant Code） | L1528:H2:十二、锁优化 | L1532:H3:自旋锁 | L1540:H3:锁消除 | L1568:H3:锁粗化 | L1574:H3:轻量级锁 | L1594:H3:偏向锁 | L1604:H2:十三、多线程开发良好的实践 | L1620:H2:参考资料,yes,44,L3:markdown_inline:Java 并发->#java-并发 | L4:markdown_inline:一、使用线程->#一使用线程 | L5:markdown_inline:实现 Runnable 接口->#实现-runnable-接口 | L6:markdown_inline:实现 Callable 接口->#实现-callable-接口 | L7:markdown_inline:继承 Thread 类->#继承-thread-类 | L8:markdown_inline:实现接口 VS 继承 Thread->#实现接口-vs-继承-thread | L9:markdown_inline:二、基础线程机制->#二基础线程机制 | L14:markdown_inline:三、中断->#三中断 | L17:markdown_inline:Executor 的中断操作->#executor-的中断操作 | L18:markdown_inline:四、互斥同步->#四互斥同步 | L21:markdown_inline:比较->#比较 | L22:markdown_inline:使用选择->#使用选择 | L23:markdown_inline:五、线程之间的协作->#五线程之间的协作 | L27:markdown_inline:六、线程状态->#六线程状态 | L28:markdown_inline:新建（NEW）->#新建new | L29:markdown_inline:可运行（RUNABLE）->#可运行runable | L30:markdown_inline:阻塞（BLOCKED）->#阻塞blocked | L31:markdown_inline:无限期等待（WAITING）->#无限期等待waiting | L32:markdown_inline:限期等待（TIMED_WAITING）->#限期等待timed_waiting | L33:markdown_inline:死亡（TERMINATED）->#死亡terminated | L34:markdown_inline:七、J.U.C - AQS->#七juc---aqs | L38:markdown_inline:八、J.U.C - 其它组件->#八juc---其它组件 | L42:markdown_inline:九、线程不安全示例->#九线程不安全示例 | L43:markdown_inline:十、Java 内存模型->#十java-内存模型 | L44:markdown_inline:主内存与工作内存->#主内存与工作内存 | L45:markdown_inline:内存间交互操作->#内存间交互操作 | L46:markdown_inline:内存模型三大特性->#内存模型三大特性 | L47:markdown_inline:先行发生原则->#先行发生原则 | L48:markdown_inline:十一、线程安全->#十一线程安全 | L49:markdown_inline:不可变->#不可变 | L50:markdown_inline:互斥同步->#互斥同步 | L51:markdown_inline:非阻塞同步->#非阻塞同步 | L52:markdown_inline:无同步方案->#无同步方案 | L53:markdown_inline:十二、锁优化->#十二锁优化 | L54:markdown_inline:自旋锁->#自旋锁 | L55:markdown_inline:锁消除->#锁消除 | L56:markdown_inline:锁粗化->#锁粗化 | L57:markdown_inline:轻量级锁->#轻量级锁 | L58:markdown_inline:偏向锁->#偏向锁 | L59:markdown_inline:十三、多线程开发良好的实践->#十三多线程开发良好的实践 | L60:markdown_inline:参考资料->#参考资料 | L1625:markdown_inline:线程通信->http://ifeve.com/thread-signaling/#missed_signal | L1626:markdown_inline:Java 线程面试题 Top 50->http://www.importnew.com/12773.html | L1635:markdown_inline:聊聊并发（八）——Fork/Join 框架介绍->http://ifeve.com/talk-concurrency-forkjoin/,yes,4,L471:lock.unlock(); // 确保释放锁，从而避免发生死锁。 | L990:// 任务足够小则直接计算 | L995:// 拆分成小任务 | L1140:AtomicExample example = new AtomicExample(); // 只修改这条语句,Chinese filename; Chinese headings; Chinese Markdown/HTML links; Chinese code comments,notes/java-concurrency.md,proposed,
notes/Java 虚拟机.md,markdown,.md,41729,yes,no,yes,yes,Java 虚拟机.md,,,,yes,yes,64,L1:H1:Java 虚拟机 | L35:H2:一、运行时数据区域 | L39:H3:程序计数器 | L43:H3:Java 虚拟机栈 | L60:H3:本地方法栈 | L68:H3:堆 | L85:H3:方法区 | L97:H3:运行时常量池 | L105:H3:直接内存 | L109:H2:二、垃圾收集 | L113:H3:判断一个对象是否可被回收 | L115:H4:1. 引用计数算法 | L140:H4:2. 可达性分析算法 | L154:H4:3. 方法区的回收 | L174:H3:引用类型 | L180:H4:1. 强引用 | L190:H4:2. 软引用 | L202:H4:3. 弱引用 | L214:H4:4. 虚引用 | L228:H3:垃圾收集算法 | L230:H4:1. 标记 - 清除 | L245:H4:2. 标记 - 整理 | L259:H4:3. 复制 | L271:H4:4. 分代收集 | L280:H3:垃圾收集器 | L289:H4:1. Serial 收集器 | L301:H4:2. ParNew 收集器 | L309:H4:3. Parallel Scavenge 收集器 | L321:H4:4. Serial Old 收集器 | L330:H4:5. Parallel Old 收集器 | L338:H4:6. CMS 收集器 | L359:H4:7. G1 收集器 | L389:H2:三、内存分配与回收策略 | L391:H3:Minor GC 和 Full GC | L397:H3:内存分配策略 | L399:H4:1. 对象优先在 Eden 分配 | L403:H4:2. 大对象直接进入老年代 | L411:H4:3. 长期存活的对象进入老年代 | L417:H4:4. 动态对象年龄判定 | L421:H4:5. 空间分配担保 | L427:H3:Full GC 的触发条件 | L431:H4:1. 调用 System.gc() | L435:H4:2. 老年代空间不足 | L441:H4:3. 空间分配担保失败 | L445:H4:4. JDK 1.7 及以前的永久代空间不足 | L457:H2:四、类加载机制 | L461:H3:类的生命周期 | L475:H3:类加载过程 | L479:H4:1. 加载 | L497:H4:2. 验证 | L501:H4:3. 准备 | L519:H4:4. 解析 | L525:H4:5. 初始化 | L565:H3:类初始化时机 | L567:H4:1. 主动引用 | L581:H4:2. 被动引用 | L603:H3:类与类加载器 | L609:H3:类加载器分类 | L625:H3:双亲委派模型 | L633:H4:1. 工作过程 | L637:H4:2. 好处 | L643:H4:3. 实现 | L691:H3:自定义类加载器实现 | L740:H2:参考资料,yes,30,L3:markdown_inline:Java 虚拟机->#java-虚拟机 | L4:markdown_inline:一、运行时数据区域->#一运行时数据区域 | L5:markdown_inline:程序计数器->#程序计数器 | L6:markdown_inline:Java 虚拟机栈->#java-虚拟机栈 | L7:markdown_inline:本地方法栈->#本地方法栈 | L8:markdown_inline:堆->#堆 | L9:markdown_inline:方法区->#方法区 | L10:markdown_inline:运行时常量池->#运行时常量池 | L11:markdown_inline:直接内存->#直接内存 | L12:markdown_inline:二、垃圾收集->#二垃圾收集 | L13:markdown_inline:判断一个对象是否可被回收->#判断一个对象是否可被回收 | L14:markdown_inline:引用类型->#引用类型 | L15:markdown_inline:垃圾收集算法->#垃圾收集算法 | L16:markdown_inline:垃圾收集器->#垃圾收集器 | L17:markdown_inline:三、内存分配与回收策略->#三内存分配与回收策略 | L18:markdown_inline:Minor GC 和 Full GC->#minor-gc-和-full-gc | L19:markdown_inline:内存分配策略->#内存分配策略 | L20:markdown_inline:Full GC 的触发条件->#full-gc-的触发条件 | L21:markdown_inline:四、类加载机制->#四类加载机制 | L22:markdown_inline:类的生命周期->#类的生命周期 | L23:markdown_inline:类加载过程->#类加载过程 | L24:markdown_inline:类初始化时机->#类初始化时机 | L25:markdown_inline:类与类加载器->#类与类加载器 | L26:markdown_inline:类加载器分类->#类加载器分类 | L27:markdown_inline:双亲委派模型->#双亲委派模型 | L28:markdown_inline:自定义类加载器实现->#自定义类加载器实现 | L29:markdown_inline:参考资料->#参考资料 | L750:markdown_inline:深入理解 JVM(2)——GC 算法与内存分配策略->https://crowhawk.github.io/2017/08/10/jvm_2/ | L751:markdown_inline:深入理解 JVM(3)——7 种垃圾收集器->https://crowhawk.github.io/2017/08/15/jvm_3/ | L753:markdown_inline:深入探讨 Java 类加载器->https://www.ibm.com/developerworks/cn/java/j-lo-classloader/index.html#code6,yes,4,L199:obj = null; // 使对象只被软引用关联 | L535:i = 0; // 给变量赋值可以正常编译通过 | L536:System.out.print(i); // 这句编译器会提示“非法向前引用” | L588:System.out.println(SubClass.value); // value 字段在 SuperClass 中定义,Chinese filename; Chinese headings; Chinese Markdown/HTML links; Chinese code comments,notes/jvm.md,proposed,
notes/Leetcode 题解 - 二分查找.md,markdown,.md,10261,yes,no,yes,yes,Leetcode 题解 - 二分查找.md,,,,yes,yes,7,L1:H1:Leetcode 题解 - 二分查找 | L99:H2:1. 求开方 | L139:H2:2. 大于给定元素的最小元素 | L175:H2:3. 有序数组的 Single Element | L214:H2:4. 第一个错误的版本 | L241:H2:5. 旋转数组的最小数字 | L267:H2:6. 查找区间,yes,13,L3:markdown_inline:Leetcode 题解 - 二分查找->#leetcode-题解---二分查找 | L4:markdown_inline:1. 求开方->#1-求开方 | L5:markdown_inline:2. 大于给定元素的最小元素->#2-大于给定元素的最小元素 | L6:markdown_inline:3. 有序数组的 Single Element->#3-有序数组的-single-element | L7:markdown_inline:4. 第一个错误的版本->#4-第一个错误的版本 | L8:markdown_inline:5. 旋转数组的最小数字->#5-旋转数组的最小数字 | L9:markdown_inline:6. 查找区间->#6-查找区间 | L103:markdown_inline:力扣->https://leetcode-cn.com/problems/sqrtx/description/ | L143:markdown_inline:力扣->https://leetcode-cn.com/problems/find-smallest-letter-greater-than-target/description/ | L179:markdown_inline:力扣->https://leetcode-cn.com/problems/single-element-in-a-sorted-array/description/ | L218:markdown_inline:力扣->https://leetcode-cn.com/problems/first-bad-version/description/ | L245:markdown_inline:力扣->https://leetcode-cn.com/problems/find-minimum-in-rotated-sorted-array/description/ | L271:markdown_inline:力扣->https://leetcode-cn.com/problems/find-first-and-last-position-of-element-in-sorted-array/,yes,2,"L202:m--; // 保证 l/h/m 都在偶数位，使得查找区间大小一直都是奇数 | L297:int l = 0, h = nums.length; // 注意 h 的初始值",Chinese filename; Chinese headings; Chinese Markdown/HTML links; Chinese code comments,notes/leetcode-solutions-binary-search.md,proposed,
notes/Leetcode 题解 - 位运算.md,markdown,.md,13865,yes,no,yes,yes,Leetcode 题解 - 位运算.md,,,,yes,yes,15,L1:H1:Leetcode 题解 - 位运算 | L21:H2:0. 原理 | L123:H2:1. 统计两个数的二进制表示有多少位不同 | L178:H2:2. 数组中唯一一个不重复的元素 | L199:H2:3. 找出数组中缺失的那个数 | L222:H2:4. 数组中不重复的两个元素 | L248:H2:5. 翻转一个数的比特位 | L295:H2:6. 不用额外变量交换两个整数 | L305:H2:7. 判断一个数是不是 2 的 n 次方 | L327:H2:8. 判断一个数是不是 4 的 n 次方 | L349:H2:9. 判断一个数的位级表示是否不会出现连续的 0 和 1 | L376:H2:10. 求一个数的补码 | L433:H2:11. 实现整数的加法 | L449:H2:12. 字符串数组最大乘积 | L486:H2:13. 统计从 0 \~ n 每个数的二进制表示中 1 的个数,yes,28,L3:markdown_inline:Leetcode 题解 - 位运算->#leetcode-题解---位运算 | L4:markdown_inline:0. 原理->#0-原理 | L5:markdown_inline:1. 统计两个数的二进制表示有多少位不同->#1-统计两个数的二进制表示有多少位不同 | L6:markdown_inline:2. 数组中唯一一个不重复的元素->#2-数组中唯一一个不重复的元素 | L7:markdown_inline:3. 找出数组中缺失的那个数->#3-找出数组中缺失的那个数 | L8:markdown_inline:4. 数组中不重复的两个元素->#4-数组中不重复的两个元素 | L9:markdown_inline:5. 翻转一个数的比特位->#5-翻转一个数的比特位 | L10:markdown_inline:6. 不用额外变量交换两个整数->#6-不用额外变量交换两个整数 | L11:markdown_inline:7. 判断一个数是不是 2 的 n 次方->#7-判断一个数是不是-2-的-n-次方 | L12:markdown_inline:8. 判断一个数是不是 4 的 n 次方->#8--判断一个数是不是-4-的-n-次方 | L13:markdown_inline:9. 判断一个数的位级表示是否不会出现连续的 0 和 1->#9-判断一个数的位级表示是否不会出现连续的-0-和-1 | L14:markdown_inline:10. 求一个数的补码->#10-求一个数的补码 | L15:markdown_inline:11. 实现整数的加法->#11-实现整数的加法 | L16:markdown_inline:12. 字符串数组最大乘积->#12-字符串数组最大乘积 | L17:markdown_inline:13. 统计从 0 \~ n 每个数的二进制表示中 1 的个数->#13-统计从-0-\~-n-每个数的二进制表示中-1-的个数 | L127:markdown_inline:力扣->https://leetcode-cn.com/problems/hamming-distance/ | L182:markdown_inline:力扣->https://leetcode-cn.com/problems/single-number/description/ | L203:markdown_inline:力扣->https://leetcode-cn.com/problems/missing-number/description/ | L226:markdown_inline:力扣->https://leetcode-cn.com/problems/single-number-iii/description/ | L252:markdown_inline:力扣->https://leetcode-cn.com/problems/reverse-bits/description/ | L297:markdown_inline:程序员代码面试指南 ：P317-># | L309:markdown_inline:力扣->https://leetcode-cn.com/problems/power-of-two/description/ | L331:markdown_inline:力扣->https://leetcode-cn.com/problems/power-of-four/ | L353:markdown_inline:力扣->https://leetcode-cn.com/problems/binary-number-with-alternating-bits/description/ | L380:markdown_inline:力扣->https://leetcode-cn.com/problems/number-complement/description/ | L437:markdown_inline:力扣->https://leetcode-cn.com/problems/sum-of-two-integers/description/ | L453:markdown_inline:力扣->https://leetcode-cn.com/problems/maximum-product-of-word-lengths/description/ | L490:markdown_inline:力扣->https://leetcode-cn.com/problems/counting-bits/description/,yes,4,L118:static int Integer.bitCount(); // 统计 1 的数量 | L119:static int Integer.highestOneBit(); // 获得最高位 | L120:static String toBinaryString(int i); // 转换为二进制表示的字符串 | L238:diff &= -diff; // 得到最右一位,Chinese filename; Chinese headings; Chinese Markdown/HTML links; Chinese code comments,notes/leetcode-solutions-bit-manipulation.md,proposed,
notes/Leetcode 题解 - 分治.md,markdown,.md,3090,yes,no,yes,yes,Leetcode 题解 - 分治.md,,,,yes,yes,3,L1:H1:Leetcode 题解 - 分治 | L9:H2:1. 给表达式加括号 | L56:H2:2. 不同的二叉搜索树,yes,5,L3:markdown_inline:Leetcode 题解 - 分治->#leetcode-题解---分治 | L4:markdown_inline:1. 给表达式加括号->#1-给表达式加括号 | L5:markdown_inline:2. 不同的二叉搜索树->#2-不同的二叉搜索树 | L13:markdown_inline:力扣->https://leetcode-cn.com/problems/different-ways-to-add-parentheses/description/ | L60:markdown_inline:力扣->https://leetcode-cn.com/problems/unique-binary-search-trees-ii/description/,no,0,,Chinese filename; Chinese headings; Chinese Markdown/HTML links,notes/leetcode-solutions-divide-and-conquer.md,proposed,
notes/Leetcode 题解 - 动态规划.md,markdown,.md,44346,yes,no,yes,yes,Leetcode 题解 - 动态规划.md,,,,yes,yes,40,L1:H1:Leetcode 题解 - 动态规划 | L48:H2:斐波那契数列 | L50:H3:1. 爬楼梯 | L83:H3:2. 强盗抢劫 | L111:H3:3. 强盗在环形街区抢劫 | L140:H3:4. 信件错排 | L155:H3:5. 母牛生产 | L167:H2:矩阵路径 | L169:H3:1. 矩阵的最小路径和 | L207:H3:2. 矩阵的总路径数 | L244:H2:数组区间 | L246:H3:1. 数组区间和 | L280:H3:2. 数组中等差递增子区间的个数 | L339:H2:分割整数 | L341:H3:1. 分割整数的最大乘积 | L362:H3:2. 按平方数来分割整数 | L400:H3:3. 分割整数构成字母字符串 | L434:H2:最长递增子序列 | L450:H3:1. 最长递增子序列 | L534:H3:2. 一组整数对能够构成的最长链 | L568:H3:3. 最长摆动子序列 | L606:H2:最长公共子序列 | L629:H3:1. 最长公共子序列 | L652:H2:0-1 背包 | L733:H3:1. 划分数组为和相等的两部分 | L775:H3:2. 改变一组数的正负号使得它们的和为一给定数 | L849:H3:3. 01 字符构成最多的字符串 | L889:H3:4. 找零钱的最少硬币数 | L933:H3:5. 找零钱的硬币数组合 | L967:H3:6. 字符串按单词列表分割 | L1006:H3:7. 组合总和 | L1049:H2:股票交易 | L1051:H3:1. 需要冷却期的股票交易 | L1083:H3:2. 需要交易费用的股票交易 | L1124:H3:3. 只能进行两次的股票交易 | L1152:H3:4. 只能进行 k 次的股票交易 | L1182:H2:字符串编辑 | L1184:H3:1. 删除两个字符串的字符使它们相等 | L1215:H3:2. 编辑距离 | L1270:H3:3. 复制粘贴字符,yes,69,L3:markdown_inline:Leetcode 题解 - 动态规划->#leetcode-题解---动态规划 | L4:markdown_inline:斐波那契数列->#斐波那契数列 | L5:markdown_inline:1. 爬楼梯->#1-爬楼梯 | L6:markdown_inline:2. 强盗抢劫->#2-强盗抢劫 | L7:markdown_inline:3. 强盗在环形街区抢劫->#3-强盗在环形街区抢劫 | L8:markdown_inline:4. 信件错排->#4-信件错排 | L9:markdown_inline:5. 母牛生产->#5-母牛生产 | L10:markdown_inline:矩阵路径->#矩阵路径 | L11:markdown_inline:1. 矩阵的最小路径和->#1-矩阵的最小路径和 | L12:markdown_inline:2. 矩阵的总路径数->#2-矩阵的总路径数 | L13:markdown_inline:数组区间->#数组区间 | L14:markdown_inline:1. 数组区间和->#1-数组区间和 | L15:markdown_inline:2. 数组中等差递增子区间的个数->#2-数组中等差递增子区间的个数 | L16:markdown_inline:分割整数->#分割整数 | L17:markdown_inline:1. 分割整数的最大乘积->#1-分割整数的最大乘积 | L18:markdown_inline:2. 按平方数来分割整数->#2-按平方数来分割整数 | L19:markdown_inline:3. 分割整数构成字母字符串->#3-分割整数构成字母字符串 | L20:markdown_inline:最长递增子序列->#最长递增子序列 | L21:markdown_inline:1. 最长递增子序列->#1-最长递增子序列 | L22:markdown_inline:2. 一组整数对能够构成的最长链->#2-一组整数对能够构成的最长链 | L23:markdown_inline:3. 最长摆动子序列->#3-最长摆动子序列 | L24:markdown_inline:最长公共子序列->#最长公共子序列 | L25:markdown_inline:1. 最长公共子序列->#1-最长公共子序列 | L26:markdown_inline:0-1 背包->#0-1-背包 | L27:markdown_inline:1. 划分数组为和相等的两部分->#1-划分数组为和相等的两部分 | L28:markdown_inline:2. 改变一组数的正负号使得它们的和为一给定数->#2-改变一组数的正负号使得它们的和为一给定数 | L29:markdown_inline:3. 01 字符构成最多的字符串->#3-01-字符构成最多的字符串 | L30:markdown_inline:4. 找零钱的最少硬币数->#4-找零钱的最少硬币数 | L31:markdown_inline:5. 找零钱的硬币数组合->#5-找零钱的硬币数组合 | L32:markdown_inline:6. 字符串按单词列表分割->#6-字符串按单词列表分割 | L33:markdown_inline:7. 组合总和->#7-组合总和 | L34:markdown_inline:股票交易->#股票交易 | L35:markdown_inline:1. 需要冷却期的股票交易->#1-需要冷却期的股票交易 | L36:markdown_inline:2. 需要交易费用的股票交易->#2-需要交易费用的股票交易 | L37:markdown_inline:3. 只能进行两次的股票交易->#3-只能进行两次的股票交易 | L38:markdown_inline:4. 只能进行 k 次的股票交易->#4-只能进行-k-次的股票交易 | L39:markdown_inline:字符串编辑->#字符串编辑 | L40:markdown_inline:1. 删除两个字符串的字符使它们相等->#1-删除两个字符串的字符使它们相等 | L41:markdown_inline:2. 编辑距离->#2-编辑距离 | L42:markdown_inline:3. 复制粘贴字符->#3-复制粘贴字符 | L54:markdown_inline:力扣->https://leetcode-cn.com/problems/climbing-stairs/description/ | L87:markdown_inline:力扣->https://leetcode-cn.com/problems/house-robber/description/ | L115:markdown_inline:力扣->https://leetcode-cn.com/problems/house-robber-ii/description/ | L157:markdown_inline:程序员代码面试指南-P181-># | L173:markdown_inline:力扣->https://leetcode-cn.com/problems/minimum-path-sum/description/ | L211:markdown_inline:力扣->https://leetcode-cn.com/problems/unique-paths/description/ | L250:markdown_inline:力扣->https://leetcode-cn.com/problems/range-sum-query-immutable/description/ | L284:markdown_inline:力扣->https://leetcode-cn.com/problems/arithmetic-slices/description/ | L345:markdown_inline:力扣->https://leetcode-cn.com/problems/integer-break/description/ | L366:markdown_inline:力扣->https://leetcode-cn.com/problems/perfect-squares/description/ | L404:markdown_inline:力扣->https://leetcode-cn.com/problems/decode-ways/description/ | L454:markdown_inline:力扣->https://leetcode-cn.com/problems/longest-increasing-subsequence/description/ | L538:markdown_inline:力扣->https://leetcode-cn.com/problems/maximum-length-of-pair-chain/description/ | L572:markdown_inline:力扣->https://leetcode-cn.com/problems/wiggle-subsequence/description/ | L633:markdown_inline:力扣->https://leetcode-cn.com/problems/longest-common-subsequence/ | L737:markdown_inline:力扣->https://leetcode-cn.com/problems/partition-equal-subset-sum/description/ | L779:markdown_inline:力扣->https://leetcode-cn.com/problems/target-sum/description/ | L853:markdown_inline:力扣->https://leetcode-cn.com/problems/ones-and-zeroes/description/ | L893:markdown_inline:力扣->https://leetcode-cn.com/problems/coin-change/description/ | L937:markdown_inline:力扣->https://leetcode-cn.com/problems/coin-change-2/description/ | L971:markdown_inline:力扣->https://leetcode-cn.com/problems/word-break/description/ | L1010:markdown_inline:力扣->https://leetcode-cn.com/problems/combination-sum-iv/description/ | L1055:markdown_inline:力扣->https://leetcode-cn.com/problems/best-time-to-buy-and-sell-stock-with-cooldown/description/ | L1087:markdown_inline:力扣->https://leetcode-cn.com/problems/best-time-to-buy-and-sell-stock-with-transaction-fee/description/ | L1128:markdown_inline:力扣->https://leetcode-cn.com/problems/best-time-to-buy-and-sell-stock-iii/description/ | L1156:markdown_inline:力扣->https://leetcode-cn.com/problems/best-time-to-buy-and-sell-stock-iv/description/ | L1188:markdown_inline:力扣->https://leetcode-cn.com/problems/delete-operation-for-two-strings/description/ | L1219:markdown_inline:力扣->https://leetcode-cn.com/problems/edit-distance/description/ | L1274:markdown_inline:力扣->https://leetcode-cn.com/problems/2-keys-keyboard/description/,yes,19,"L194:dp[j] = dp[j]; // 只能从上侧走到该位置 | L196:dp[j] = dp[j - 1]; // 只能从左侧走到该位置 | L234:int S = m + n - 2; // 总共的移动次数 | L235:int D = m - 1; // 向下的移动次数 | L307:[0, 1, 2, 3], // [0, 1, 2] 之后加一个 3 | L308:[1, 2, 3] // 新的递增子区间 | L310:[0, 1, 2, 3, 4], // [0, 1, 2, 3] 之后加一个 4 | L311:[1, 2, 3, 4], // [1, 2, 3] 之后加一个 4 | L312:[2, 3, 4] // 新的递增子区间 | L668:// W 为背包总体积 | L669:// N 为物品数量 | L670:// weights 数组存储 N 个物品的重量 | L671:// values 数组存储 N 个物品的价值 | L758:for (int num : nums) { // 0-1 背包一个物品只能用一次 | L759:for (int i = W; i >= num; i--) { // 从后往前，先计算 dp[i] 再计算 dp[i-num] | L870:for (String s : strs) { // 每个字符串只能用一次 | L918:for (int i = coin; i <= amount; i++) { //将逆序遍历改为正序遍历 | L995:for (String word : wordDict) { // 对物品的迭代应该放在最里层 | L1161:if (k >= n / 2) { // 这种情况下该问题退化为普通的股票交易问题",Chinese filename; Chinese headings; Chinese Markdown/HTML links; Chinese code comments,notes/leetcode-solutions-dynamic-programming.md,proposed,
notes/Leetcode 题解 - 双指针.md,markdown,.md,10822,yes,no,yes,yes,Leetcode 题解 - 双指针.md,,,,yes,yes,8,L1:H1:Leetcode 题解 - 双指针 | L16:H2:1. 有序数组的 Two Sum | L57:H2:2. 两数平方和 | L97:H2:3. 反转字符串中的元音字符 | L142:H2:4. 回文字符串 | L190:H2:5. 归并两个有序数组 | L226:H2:6. 判断链表是否存在环 | L251:H2:7. 最长子序列,yes,15,L3:markdown_inline:Leetcode 题解 - 双指针->#leetcode-题解---双指针 | L4:markdown_inline:1. 有序数组的 Two Sum->#1-有序数组的-two-sum | L5:markdown_inline:2. 两数平方和->#2-两数平方和 | L6:markdown_inline:3. 反转字符串中的元音字符->#3-反转字符串中的元音字符 | L7:markdown_inline:4. 回文字符串->#4-回文字符串 | L8:markdown_inline:5. 归并两个有序数组->#5-归并两个有序数组 | L9:markdown_inline:6. 判断链表是否存在环->#6-判断链表是否存在环 | L10:markdown_inline:7. 最长子序列->#7-最长子序列 | L20:markdown_inline:力扣->https://leetcode-cn.com/problems/two-sum-ii-input-array-is-sorted/description/ | L61:markdown_inline:力扣->https://leetcode-cn.com/problems/sum-of-square-numbers/description/ | L101:markdown_inline:力扣->https://leetcode-cn.com/problems/reverse-vowels-of-a-string/description/ | L146:markdown_inline:力扣->https://leetcode-cn.com/problems/valid-palindrome-ii/description/ | L194:markdown_inline:力扣->https://leetcode-cn.com/problems/merge-sorted-array/description/ | L230:markdown_inline:力扣->https://leetcode-cn.com/problems/linked-list-cycle/description/ | L255:markdown_inline:力扣->https://leetcode-cn.com/problems/longest-word-in-dictionary-through-deleting/description/,no,0,,Chinese filename; Chinese headings; Chinese Markdown/HTML links,notes/leetcode-solutions-two-pointers.md,proposed,
notes/Leetcode 题解 - 哈希表.md,markdown,.md,5519,yes,no,yes,yes,Leetcode 题解 - 哈希表.md,,,,yes,yes,5,L1:H1:Leetcode 题解 - 哈希表 | L20:H2:1. 数组中两个数的和为给定值 | L44:H2:2. 判断数组是否含有重复元素 | L60:H2:3. 最长和谐序列 | L90:H2:4. 最长连续序列,yes,10,L3:markdown_inline:Leetcode 题解 - 哈希表->#leetcode-题解---哈希表 | L4:markdown_inline:1. 数组中两个数的和为给定值->#1-数组中两个数的和为给定值 | L5:markdown_inline:2. 判断数组是否含有重复元素->#2-判断数组是否含有重复元素 | L6:markdown_inline:3. 最长和谐序列->#3-最长和谐序列 | L7:markdown_inline:4. 最长连续序列->#4-最长连续序列 | L17:markdown_inline:力扣->https://leetcode-cn.com/problems/encode-and-decode-tinyurl/description/ | L24:markdown_inline:力扣->https://leetcode-cn.com/problems/two-sum/description/ | L48:markdown_inline:力扣->https://leetcode-cn.com/problems/contains-duplicate/description/ | L64:markdown_inline:力扣->https://leetcode-cn.com/problems/longest-harmonious-subsequence/description/ | L94:markdown_inline:力扣->https://leetcode-cn.com/problems/longest-consecutive-sequence/description/,no,0,,Chinese filename; Chinese headings; Chinese Markdown/HTML links,notes/leetcode-solutions-hash-table.md,proposed,
notes/Leetcode 题解 - 图.md,markdown,.md,7217,yes,no,yes,yes,Leetcode 题解 - 图.md,,,,yes,yes,8,L1:H1:Leetcode 题解 - 图 | L14:H2:二分图 | L18:H3:1. 判断是否为二分图 | L75:H2:拓扑排序 | L79:H3:1. 课程安排的合法性 | L139:H3:2. 课程安排的顺序 | L200:H2:并查集 | L204:H3:1. 冗余连接,yes,12,L3:markdown_inline:Leetcode 题解 - 图->#leetcode-题解---图 | L4:markdown_inline:二分图->#二分图 | L5:markdown_inline:1. 判断是否为二分图->#1-判断是否为二分图 | L6:markdown_inline:拓扑排序->#拓扑排序 | L7:markdown_inline:1. 课程安排的合法性->#1-课程安排的合法性 | L8:markdown_inline:2. 课程安排的顺序->#2-课程安排的顺序 | L9:markdown_inline:并查集->#并查集 | L10:markdown_inline:1. 冗余连接->#1-冗余连接 | L22:markdown_inline:力扣->https://leetcode-cn.com/problems/is-graph-bipartite/description/ | L83:markdown_inline:力扣->https://leetcode-cn.com/problems/course-schedule/description/ | L143:markdown_inline:力扣->https://leetcode-cn.com/problems/course-schedule-ii/description/ | L208:markdown_inline:力扣->https://leetcode-cn.com/problems/redundant-connection/description/,yes,1,L53:for (int i = 0; i < graph.length; i++) { // 处理图不是连通的情况,Chinese filename; Chinese headings; Chinese Markdown/HTML links; Chinese code comments,notes/leetcode-solutions-graph.md,proposed,
notes/Leetcode 题解 - 字符串.md,markdown,.md,7090,yes,no,yes,yes,Leetcode 题解 - 字符串.md,,,,yes,yes,10,L1:H1:Leetcode 题解 - 字符串 | L16:H2:1. 字符串循环移位包含 | L29:H2:2. 字符串循环移位 | L42:H2:3. 字符串中单词的翻转 | L53:H2:4. 两个字符串包含的字符是否完全相同 | L86:H2:5. 计算一组字符集合可以组成的回文字符串的最大长度 | L119:H2:6. 字符串同构 | L149:H2:7. 回文子字符串个数 | L183:H2:8. 判断一个整数是否是回文数 | L210:H2:9. 统计二进制字符串中连续 1 和连续 0 数量相同的子字符串个数,yes,19,L3:markdown_inline:Leetcode 题解 - 字符串->#leetcode-题解---字符串 | L4:markdown_inline:1. 字符串循环移位包含->#1-字符串循环移位包含 | L5:markdown_inline:2. 字符串循环移位->#2-字符串循环移位 | L6:markdown_inline:3. 字符串中单词的翻转->#3-字符串中单词的翻转 | L7:markdown_inline:4. 两个字符串包含的字符是否完全相同->#4-两个字符串包含的字符是否完全相同 | L8:markdown_inline:5. 计算一组字符集合可以组成的回文字符串的最大长度->#5-计算一组字符集合可以组成的回文字符串的最大长度 | L9:markdown_inline:6. 字符串同构->#6-字符串同构 | L10:markdown_inline:7. 回文子字符串个数->#7-回文子字符串个数 | L11:markdown_inline:8. 判断一个整数是否是回文数->#8-判断一个整数是否是回文数 | L12:markdown_inline:9. 统计二进制字符串中连续 1 和连续 0 数量相同的子字符串个数->#9-统计二进制字符串中连续-1-和连续-0-数量相同的子字符串个数 | L18:markdown_inline:编程之美 3.1-># | L31:markdown_inline:编程之美 2.17-># | L44:markdown_inline:程序员代码面试指南-># | L57:markdown_inline:力扣->https://leetcode-cn.com/problems/valid-anagram/description/ | L90:markdown_inline:力扣->https://leetcode-cn.com/problems/longest-palindrome/description/ | L123:markdown_inline:力扣->https://leetcode-cn.com/problems/isomorphic-strings/description/ | L153:markdown_inline:力扣->https://leetcode-cn.com/problems/palindromic-substrings/description/ | L187:markdown_inline:力扣->https://leetcode-cn.com/problems/palindrome-number/description/ | L214:markdown_inline:力扣->https://leetcode-cn.com/problems/count-binary-substrings/description/,yes,3,"L113:palindrome++; // 这个条件下 s 中一定有单个未使用的字符存在，可以把这个字符放到回文的最中间 | L168:extendSubstrings(s, i, i); // 奇数长度 | L169:extendSubstrings(s, i, i + 1); // 偶数长度",Chinese filename; Chinese headings; Chinese Markdown/HTML links; Chinese code comments,notes/leetcode-solutions-string.md,proposed,
notes/Leetcode 题解 - 排序.md,markdown,.md,7710,yes,no,yes,yes,Leetcode 题解 - 排序.md,,,,yes,yes,8,L1:H1:Leetcode 题解 - 排序 | L15:H2:快速选择 | L21:H2:堆 | L107:H2:桶排序 | L109:H3:1. 出现频率最多的 k 个元素 | L156:H3:2. 按照字符出现次数对字符串排序 | L203:H2:荷兰国旗问题 | L212:H3:1. 按颜色进行排序,yes,12,L3:markdown_inline:Leetcode 题解 - 排序->#leetcode-题解---排序 | L4:markdown_inline:快速选择->#快速选择 | L5:markdown_inline:堆->#堆 | L7:markdown_inline:桶排序->#桶排序 | L8:markdown_inline:1. 出现频率最多的 k 个元素->#1-出现频率最多的-k-个元素 | L9:markdown_inline:2. 按照字符出现次数对字符串排序->#2-按照字符出现次数对字符串排序 | L10:markdown_inline:荷兰国旗问题->#荷兰国旗问题 | L11:markdown_inline:1. 按颜色进行排序->#1-按颜色进行排序 | L35:markdown_inline:力扣->https://leetcode-cn.com/problems/kth-largest-element-in-an-array/description/ | L113:markdown_inline:力扣->https://leetcode-cn.com/problems/top-k-frequent-elements/description/ | L160:markdown_inline:力扣->https://leetcode-cn.com/problems/sort-characters-by-frequency/description/ | L216:markdown_inline:力扣->https://leetcode-cn.com/problems/sort-colors/description/,yes,2,L57:PriorityQueue<Integer> pq = new PriorityQueue<>(); // 小顶堆 | L60:if (pq.size() > k) // 维护堆的大小为 K,Chinese filename; Chinese headings; Chinese Markdown/HTML links; Chinese code comments,notes/leetcode-solutions-sorting.md,proposed,
notes/Leetcode 题解 - 搜索.md,markdown,.md,39815,yes,no,yes,yes,Leetcode 题解 - 搜索.md,,,,yes,yes,24,L1:H1:Leetcode 题解 - 搜索 | L64:H3:1. 计算在网格中从原点到特定点的最短路径长度 | L115:H3:2. 组成整数的最小平方数数量 | L180:H3:3. 最短单词路径 | L293:H3:1. 查找最大的连通面积 | L342:H3:2. 矩阵中的连通分量数目 | L393:H3:3. 好友关系的连通分量数目 | L439:H3:4. 填充封闭区域 | L506:H3:5. 能到达的太平洋和大西洋的区域 | L596:H3:1. 数字键盘组合 | L636:H3:2. IP 地址划分 | L679:H3:3. 在矩阵中寻找字符串 | L750:H3:4. 输出二叉树中所有从根到叶子的路径 | L810:H3:5. 排列 | L855:H3:6. 含有相同元素求排列 | L902:H3:7. 组合 | L941:H3:8. 组合求和 | L977:H3:9. 含有相同元素的组合求和 | L1024:H3:10. 1-9 数字的组合求和 | L1066:H3:11. 子集 | L1099:H3:12. 含有相同元素求子集 | L1151:H3:13. 分割字符串使得每个部分都是回文数 | L1199:H3:14. 数独 | L1258:H3:15. N 皇后,yes,47,L3:markdown_inline:Leetcode 题解 - 搜索->#leetcode-题解---搜索 | L5:markdown_inline:1. 计算在网格中从原点到特定点的最短路径长度->#1-计算在网格中从原点到特定点的最短路径长度 | L6:markdown_inline:2. 组成整数的最小平方数数量->#2-组成整数的最小平方数数量 | L7:markdown_inline:3. 最短单词路径->#3-最短单词路径 | L9:markdown_inline:1. 查找最大的连通面积->#1-查找最大的连通面积 | L10:markdown_inline:2. 矩阵中的连通分量数目->#2-矩阵中的连通分量数目 | L11:markdown_inline:3. 好友关系的连通分量数目->#3-好友关系的连通分量数目 | L12:markdown_inline:4. 填充封闭区域->#4-填充封闭区域 | L13:markdown_inline:5. 能到达的太平洋和大西洋的区域->#5-能到达的太平洋和大西洋的区域 | L15:markdown_inline:1. 数字键盘组合->#1-数字键盘组合 | L16:markdown_inline:2. IP 地址划分->#2-ip-地址划分 | L17:markdown_inline:3. 在矩阵中寻找字符串->#3-在矩阵中寻找字符串 | L18:markdown_inline:4. 输出二叉树中所有从根到叶子的路径->#4-输出二叉树中所有从根到叶子的路径 | L19:markdown_inline:5. 排列->#5-排列 | L20:markdown_inline:6. 含有相同元素求排列->#6-含有相同元素求排列 | L21:markdown_inline:7. 组合->#7-组合 | L22:markdown_inline:8. 组合求和->#8-组合求和 | L23:markdown_inline:9. 含有相同元素的组合求和->#9-含有相同元素的组合求和 | L24:markdown_inline:10. 1-9 数字的组合求和->#10-1-9-数字的组合求和 | L25:markdown_inline:11. 子集->#11-子集 | L26:markdown_inline:12. 含有相同元素求子集->#12-含有相同元素求子集 | L27:markdown_inline:13. 分割字符串使得每个部分都是回文数->#13-分割字符串使得每个部分都是回文数 | L28:markdown_inline:14. 数独->#14-数独 | L29:markdown_inline:15. N 皇后->#15-n-皇后 | L68:markdown_inline:力扣->https://leetcode-cn.com/problems/shortest-path-in-binary-matrix/ | L119:markdown_inline:力扣->https://leetcode-cn.com/problems/perfect-squares/description/ | L184:markdown_inline:力扣->https://leetcode-cn.com/problems/word-ladder/description/ | L297:markdown_inline:力扣->https://leetcode-cn.com/problems/max-area-of-island/description/ | L346:markdown_inline:力扣->https://leetcode-cn.com/problems/number-of-islands/description/ | L397:markdown_inline:力扣->https://leetcode-cn.com/problems/friend-circles/description/ | L443:markdown_inline:力扣->https://leetcode-cn.com/problems/surrounded-regions/description/ | L510:markdown_inline:力扣->https://leetcode-cn.com/problems/pacific-atlantic-water-flow/description/ | L600:markdown_inline:力扣->https://leetcode-cn.com/problems/letter-combinations-of-a-phone-number/description/ | L640:markdown_inline:力扣->https://leetcode-cn.com/problems/restore-ip-addresses/description/ | L683:markdown_inline:力扣->https://leetcode-cn.com/problems/word-search/description/ | L754:markdown_inline:力扣->https://leetcode-cn.com/problems/binary-tree-paths/description/ | L814:markdown_inline:力扣->https://leetcode-cn.com/problems/permutations/description/ | L859:markdown_inline:力扣->https://leetcode-cn.com/problems/permutations-ii/description/ | L906:markdown_inline:力扣->https://leetcode-cn.com/problems/combinations/description/ | L945:markdown_inline:力扣->https://leetcode-cn.com/problems/combination-sum/description/ | L981:markdown_inline:力扣->https://leetcode-cn.com/problems/combination-sum-ii/description/ | L1028:markdown_inline:力扣->https://leetcode-cn.com/problems/combination-sum-iii/description/ | L1070:markdown_inline:力扣->https://leetcode-cn.com/problems/subsets/description/ | L1103:markdown_inline:力扣->https://leetcode-cn.com/problems/subsets-ii/description/ | L1155:markdown_inline:力扣->https://leetcode-cn.com/problems/palindrome-partitioning/description/ | L1203:markdown_inline:力扣->https://leetcode-cn.com/problems/sudoku-solver/description/ | L1262:markdown_inline:力扣->https://leetcode-cn.com/problems/n-queens/description/,yes,10,"L101:grids[cr][cc] = 1; // 标记 | L164:* 生成小于 n 的平方数序列 | L629:prefix.append(c); // 添加 | L631:prefix.deleteCharAt(prefix.length() - 1); // 删除 | L839:permutes.add(new ArrayList<>(permuteList)); // 重新构造一个 List | L874:Arrays.sort(nums); // 排序 | L888:continue; // 防止重复 | L933:for (int i = start; i <= n - k + 1; i++) { // 剪枝 | L1079:backtracking(0, tempSubset, subsets, size, nums); // 不同的子集大小 | L1126:backtracking(0, tempSubset, subsets, hasVisited, size, nums); // 不同的子集大小",Chinese filename; Chinese headings; Chinese Markdown/HTML links; Chinese code comments,notes/leetcode-solutions-search.md,proposed,
notes/Leetcode 题解 - 数学.md,markdown,.md,14928,yes,no,yes,yes,Leetcode 题解 - 数学.md,,,,yes,yes,25,L1:H1:Leetcode 题解 - 数学 | L31:H2:素数分解 | L35:H2:整除 | L43:H2:最大公约数最小公倍数 | L49:H3:1. 生成素数序列 | L75:H3:2. 最大公约数 | L91:H3:3. 使用位操作和减法求解最大公约数 | L125:H2:进制转换 | L127:H3:1. 7 进制 | L160:H3:2. 16 进制 | L195:H3:3. 26 进制 | L223:H2:阶乘 | L225:H3:1. 统计阶乘尾部有多少个 0 | L243:H2:字符串加法减法 | L245:H3:1. 二进制加法 | L275:H3:2. 字符串加法 | L297:H2:相遇问题 | L299:H3:1. 改变数组元素使所有的数组元素都相等 | L395:H2:多数投票问题 | L397:H3:1. 数组中出现次数多于 n / 2 的元素 | L425:H2:其它 | L427:H3:1. 平方数 | L455:H3:2. 3 的 n 次方 | L467:H3:3. 乘积数组 | L500:H3:4. 找出数组中的乘积最大的三个数,yes,40,L3:markdown_inline:Leetcode 题解 - 数学->#leetcode-题解---数学 | L4:markdown_inline:素数分解->#素数分解 | L5:markdown_inline:整除->#整除 | L6:markdown_inline:最大公约数最小公倍数->#最大公约数最小公倍数 | L7:markdown_inline:1. 生成素数序列->#1-生成素数序列 | L8:markdown_inline:2. 最大公约数->#2-最大公约数 | L9:markdown_inline:3. 使用位操作和减法求解最大公约数->#3-使用位操作和减法求解最大公约数 | L10:markdown_inline:进制转换->#进制转换 | L11:markdown_inline:1. 7 进制->#1-7-进制 | L12:markdown_inline:2. 16 进制->#2-16-进制 | L13:markdown_inline:3. 26 进制->#3-26-进制 | L14:markdown_inline:阶乘->#阶乘 | L15:markdown_inline:1. 统计阶乘尾部有多少个 0->#1-统计阶乘尾部有多少个-0 | L16:markdown_inline:字符串加法减法->#字符串加法减法 | L17:markdown_inline:1. 二进制加法->#1-二进制加法 | L18:markdown_inline:2. 字符串加法->#2-字符串加法 | L19:markdown_inline:相遇问题->#相遇问题 | L20:markdown_inline:1. 改变数组元素使所有的数组元素都相等->#1-改变数组元素使所有的数组元素都相等 | L21:markdown_inline:多数投票问题->#多数投票问题 | L22:markdown_inline:1. 数组中出现次数多于 n / 2 的元素->#1-数组中出现次数多于-n--2-的元素 | L23:markdown_inline:其它->#其它 | L24:markdown_inline:1. 平方数->#1-平方数 | L25:markdown_inline:2. 3 的 n 次方->#2-3-的-n-次方 | L26:markdown_inline:3. 乘积数组->#3-乘积数组 | L27:markdown_inline:4. 找出数组中的乘积最大的三个数->#4-找出数组中的乘积最大的三个数 | L53:markdown_inline:力扣->https://leetcode-cn.com/problems/count-primes/description/ | L93:markdown_inline:编程之美：2.7-># | L131:markdown_inline:力扣->https://leetcode-cn.com/problems/base-7/description/ | L164:markdown_inline:力扣->https://leetcode-cn.com/problems/convert-a-number-to-hexadecimal/description/ | L199:markdown_inline:力扣->https://leetcode-cn.com/problems/excel-sheet-column-title/description/ | L229:markdown_inline:力扣->https://leetcode-cn.com/problems/factorial-trailing-zeroes/description/ | L241:markdown_inline:编程之美：2.2-># | L249:markdown_inline:力扣->https://leetcode-cn.com/problems/add-binary/description/ | L279:markdown_inline:力扣->https://leetcode-cn.com/problems/add-strings/description/ | L303:markdown_inline:力扣->https://leetcode-cn.com/problems/minimum-moves-to-equal-array-elements-ii/description/ | L401:markdown_inline:力扣->https://leetcode-cn.com/problems/majority-element/description/ | L431:markdown_inline:力扣->https://leetcode-cn.com/problems/valid-perfect-square/description/ | L459:markdown_inline:力扣->https://leetcode-cn.com/problems/power-of-three/description/ | L471:markdown_inline:力扣->https://leetcode-cn.com/problems/product-of-array-except-self/description/ | L504:markdown_inline:力扣->https://leetcode-cn.com/problems/maximum-product-of-three-numbers/description/,yes,2,L66:// 从 i * i 开始，因为如果 k < i，那么 k * i 在之前就已经被去除过了 | L189:num >>>= 4; // 因为考虑的是补码形式，因此符号位就不能有特殊的意义，需要使用无符号右移，左边填 0,Chinese filename; Chinese headings; Chinese Markdown/HTML links; Chinese code comments,notes/leetcode-solutions-math.md,proposed,
notes/Leetcode 题解 - 数组与矩阵.md,markdown,.md,12798,yes,no,yes,yes,Leetcode 题解 - 数组与矩阵.md,,,,yes,yes,13,"L1:H1:Leetcode 题解 - 数组与矩阵 | L19:H2:1. 把数组中的 0 移到末尾 | L43:H2:2. 改变矩阵维度 | L81:H2:3. 找出数组中最长的连续 1 | L98:H2:4. 有序矩阵查找 | L126:H2:5. 有序矩阵的 Kth Element | L194:H2:6. 一个数组元素在 [1, n] 之间，其中一个数被替换为另一个数，找出重复的数和丢失的数 | L236:H2:7. 找出数组中重复的数，数组值在 [1, n] 之间 | L280:H2:8. 数组相邻差值的个数 | L310:H2:9. 数组的度 | L351:H2:10. 对角元素相等的矩阵 | L391:H2:11. 嵌套数组 | L427:H2:12. 分隔数组",yes,23,L3:markdown_inline:Leetcode 题解 - 数组与矩阵->#leetcode-题解---数组与矩阵 | L4:markdown_inline:1. 把数组中的 0 移到末尾->#1-把数组中的-0-移到末尾 | L5:markdown_inline:2. 改变矩阵维度->#2-改变矩阵维度 | L6:markdown_inline:3. 找出数组中最长的连续 1->#3-找出数组中最长的连续-1 | L7:markdown_inline:4. 有序矩阵查找->#4-有序矩阵查找 | L8:markdown_inline:5. 有序矩阵的 Kth Element->#5-有序矩阵的-kth-element | L11:markdown_inline:8. 数组相邻差值的个数->#8-数组相邻差值的个数 | L12:markdown_inline:9. 数组的度->#9-数组的度 | L13:markdown_inline:10. 对角元素相等的矩阵->#10-对角元素相等的矩阵 | L14:markdown_inline:11. 嵌套数组->#11-嵌套数组 | L15:markdown_inline:12. 分隔数组->#12-分隔数组 | L23:markdown_inline:力扣->https://leetcode-cn.com/problems/move-zeroes/description/ | L47:markdown_inline:力扣->https://leetcode-cn.com/problems/reshape-the-matrix/description/ | L85:markdown_inline:力扣->https://leetcode-cn.com/problems/max-consecutive-ones/description/ | L102:markdown_inline:力扣->https://leetcode-cn.com/problems/search-a-2d-matrix-ii/description/ | L130:markdown_inline:力扣->https://leetcode-cn.com/problems/kth-smallest-element-in-a-sorted-matrix/description/ | L198:markdown_inline:力扣->https://leetcode-cn.com/problems/set-mismatch/description/ | L240:markdown_inline:力扣->https://leetcode-cn.com/problems/find-the-duplicate-number/description/ | L284:markdown_inline:力扣->https://leetcode-cn.com/problems/beautiful-arrangement-ii/description/ | L314:markdown_inline:力扣->https://leetcode-cn.com/problems/degree-of-an-array/description/ | L355:markdown_inline:力扣->https://leetcode-cn.com/problems/toeplitz-matrix/description/ | L395:markdown_inline:力扣->https://leetcode-cn.com/problems/array-nesting/description/ | L431:markdown_inline:力扣->https://leetcode-cn.com/problems/max-chunks-to-make-sorted/description/,yes,2,L173:for(int i = 0; i < k - 1; i++) { // 小根堆，去掉 k - 1 个堆顶元素，此时堆顶元素就是第 k 的数 | L417:nums[j] = -1; // 标记该位置已经被访问,Chinese filename; Chinese headings; Chinese Markdown/HTML links; Chinese code comments,notes/leetcode-solutions-arrays-and-matrices.md,proposed,
notes/Leetcode 题解 - 栈和队列.md,markdown,.md,6603,yes,no,yes,yes,Leetcode 题解 - 栈和队列.md,,,,yes,yes,7,L1:H1:Leetcode 题解 - 栈和队列 | L13:H2:1. 用栈实现队列 | L55:H2:2. 用队列实现栈 | L94:H2:3. 最小值栈 | L137:H2:4. 用栈实现括号匹配 | L172:H2:5. 数组中元素与下一个比它大的元素之间的距离 | L201:H2:6. 循环数组中比当前元素大的下一个元素,yes,13,L3:markdown_inline:Leetcode 题解 - 栈和队列->#leetcode-题解---栈和队列 | L4:markdown_inline:1. 用栈实现队列->#1-用栈实现队列 | L5:markdown_inline:2. 用队列实现栈->#2-用队列实现栈 | L6:markdown_inline:3. 最小值栈->#3-最小值栈 | L7:markdown_inline:4. 用栈实现括号匹配->#4-用栈实现括号匹配 | L8:markdown_inline:5. 数组中元素与下一个比它大的元素之间的距离->#5-数组中元素与下一个比它大的元素之间的距离 | L9:markdown_inline:6. 循环数组中比当前元素大的下一个元素->#6-循环数组中比当前元素大的下一个元素 | L17:markdown_inline:力扣->https://leetcode-cn.com/problems/implement-queue-using-stacks/description/ | L59:markdown_inline:力扣->https://leetcode-cn.com/problems/implement-stack-using-queues/description/ | L98:markdown_inline:力扣->https://leetcode-cn.com/problems/min-stack/description/ | L141:markdown_inline:力扣->https://leetcode-cn.com/problems/valid-parentheses/description/ | L176:markdown_inline:力扣->https://leetcode-cn.com/problems/daily-temperatures/description/ | L205:markdown_inline:力扣->https://leetcode-cn.com/problems/next-greater-element-ii/description/,no,0,,Chinese filename; Chinese headings; Chinese Markdown/HTML links,notes/leetcode-solutions-stacks-and-queues.md,proposed,
notes/Leetcode 题解 - 树.md,markdown,.md,31896,yes,no,yes,yes,Leetcode 题解 - 树.md,,,,yes,yes,35,L1:H1:Leetcode 题解 - 树 | L43:H2:递归 | L47:H3:1. 树的高度 | L60:H3:2. 平衡树 | L93:H3:3. 两节点的最长路径 | L128:H3:4. 翻转树 | L144:H3:5. 归并两棵树 | L179:H3:6. 判断路径和是否等于一个数 | L209:H3:7. 统计路径和等于一个数的路径数量 | L251:H3:8. 子树 | L304:H3:9. 树的对称 | L332:H3:10. 最小路径 | L350:H3:11. 统计左叶子节点的和 | L379:H3:12. 相同节点值的最大路径长度 | L414:H3:13. 间隔遍历 | L445:H3:14. 找出二叉树中第二小的节点 | L478:H2:层次遍历 | L482:H3:1. 一棵树每层节点的平均数 | L509:H3:2. 得到左下角的节点 | L543:H2:前中后序遍历 | L592:H3:1. 非递归实现二叉树的前序遍历 | L614:H3:2. 非递归实现二叉树的后序遍历 | L639:H3:3. 非递归实现二叉树的中序遍历 | L670:H3:1. 修剪二叉查找树 | L712:H3:2. 寻找二叉查找树的第 k 个元素 | L758:H3:3. 把二叉查找树每个节点的值都加上比它大的节点的值 | L797:H3:4. 二叉查找树的最近公共祖先 | L823:H3:5. 二叉树的最近公共祖先 | L850:H3:6. 从有序数组中构造二叉查找树 | L871:H3:7. 根据有序链表构造平衡的二叉查找树 | L914:H3:8. 在二叉查找树中寻找两个节点，使它们的和为一个给定值 | L960:H3:9. 在二叉查找树中查找两个节点之差的最小绝对值 | L1000:H3:10. 寻找二叉查找树中出现次数最多的值 | L1059:H3:1. 实现一个 Trie | L1123:H3:2. 实现一个 Trie，用来求前缀和,yes,66,L3:markdown_inline:Leetcode 题解 - 树->#leetcode-题解---树 | L4:markdown_inline:递归->#递归 | L5:markdown_inline:1. 树的高度->#1-树的高度 | L6:markdown_inline:2. 平衡树->#2-平衡树 | L7:markdown_inline:3. 两节点的最长路径->#3-两节点的最长路径 | L8:markdown_inline:4. 翻转树->#4-翻转树 | L9:markdown_inline:5. 归并两棵树->#5-归并两棵树 | L10:markdown_inline:6. 判断路径和是否等于一个数->#6-判断路径和是否等于一个数 | L11:markdown_inline:7. 统计路径和等于一个数的路径数量->#7-统计路径和等于一个数的路径数量 | L12:markdown_inline:8. 子树->#8-子树 | L13:markdown_inline:9. 树的对称->#9-树的对称 | L14:markdown_inline:10. 最小路径->#10-最小路径 | L15:markdown_inline:11. 统计左叶子节点的和->#11-统计左叶子节点的和 | L16:markdown_inline:12. 相同节点值的最大路径长度->#12-相同节点值的最大路径长度 | L17:markdown_inline:13. 间隔遍历->#13-间隔遍历 | L18:markdown_inline:14. 找出二叉树中第二小的节点->#14-找出二叉树中第二小的节点 | L19:markdown_inline:层次遍历->#层次遍历 | L20:markdown_inline:1. 一棵树每层节点的平均数->#1-一棵树每层节点的平均数 | L21:markdown_inline:2. 得到左下角的节点->#2-得到左下角的节点 | L22:markdown_inline:前中后序遍历->#前中后序遍历 | L23:markdown_inline:1. 非递归实现二叉树的前序遍历->#1-非递归实现二叉树的前序遍历 | L24:markdown_inline:2. 非递归实现二叉树的后序遍历->#2-非递归实现二叉树的后序遍历 | L25:markdown_inline:3. 非递归实现二叉树的中序遍历->#3-非递归实现二叉树的中序遍历 | L27:markdown_inline:1. 修剪二叉查找树->#1-修剪二叉查找树 | L28:markdown_inline:2. 寻找二叉查找树的第 k 个元素->#2-寻找二叉查找树的第-k-个元素 | L29:markdown_inline:3. 把二叉查找树每个节点的值都加上比它大的节点的值->#3-把二叉查找树每个节点的值都加上比它大的节点的值 | L30:markdown_inline:4. 二叉查找树的最近公共祖先->#4-二叉查找树的最近公共祖先 | L31:markdown_inline:5. 二叉树的最近公共祖先->#5-二叉树的最近公共祖先 | L32:markdown_inline:6. 从有序数组中构造二叉查找树->#6-从有序数组中构造二叉查找树 | L33:markdown_inline:7. 根据有序链表构造平衡的二叉查找树->#7-根据有序链表构造平衡的二叉查找树 | L34:markdown_inline:8. 在二叉查找树中寻找两个节点，使它们的和为一个给定值->#8-在二叉查找树中寻找两个节点，使它们的和为一个给定值 | L35:markdown_inline:9. 在二叉查找树中查找两个节点之差的最小绝对值->#9-在二叉查找树中查找两个节点之差的最小绝对值 | L36:markdown_inline:10. 寻找二叉查找树中出现次数最多的值->#10-寻找二叉查找树中出现次数最多的值 | L38:markdown_inline:1. 实现一个 Trie->#1-实现一个-trie | L39:markdown_inline:2. 实现一个 Trie，用来求前缀和->#2-实现一个-trie，用来求前缀和 | L51:markdown_inline:力扣->https://leetcode-cn.com/problems/maximum-depth-of-binary-tree/description/ | L64:markdown_inline:力扣->https://leetcode-cn.com/problems/balanced-binary-tree/description/ | L97:markdown_inline:力扣->https://leetcode-cn.com/problems/diameter-of-binary-tree/description/ | L132:markdown_inline:力扣->https://leetcode-cn.com/problems/invert-binary-tree/description/ | L148:markdown_inline:力扣->https://leetcode-cn.com/problems/merge-two-binary-trees/description/ | L183:markdown_inline:力扣->https://leetcode-cn.com/problems/path-sum/description/ | L213:markdown_inline:力扣->https://leetcode-cn.com/problems/path-sum-iii/description/ | L255:markdown_inline:力扣->https://leetcode-cn.com/problems/subtree-of-another-tree/description/ | L308:markdown_inline:力扣->https://leetcode-cn.com/problems/symmetric-tree/description/ | L336:markdown_inline:力扣->https://leetcode-cn.com/problems/minimum-depth-of-binary-tree/description/ | L354:markdown_inline:力扣->https://leetcode-cn.com/problems/sum-of-left-leaves/description/ | L383:markdown_inline:力扣->https://leetcode-cn.com/problems/longest-univalue-path/ | L418:markdown_inline:力扣->https://leetcode-cn.com/problems/house-robber-iii/description/ | L449:markdown_inline:力扣->https://leetcode-cn.com/problems/second-minimum-node-in-a-binary-tree/description/ | L486:markdown_inline:力扣->https://leetcode-cn.com/problems/average-of-levels-in-binary-tree/description/ | L513:markdown_inline:力扣->https://leetcode-cn.com/problems/find-bottom-left-tree-value/description/ | L596:markdown_inline:力扣->https://leetcode-cn.com/problems/binary-tree-preorder-traversal/description/ | L618:markdown_inline:力扣->https://leetcode-cn.com/problems/binary-tree-postorder-traversal/description/ | L643:markdown_inline:力扣->https://leetcode-cn.com/problems/binary-tree-inorder-traversal/description/ | L674:markdown_inline:力扣->https://leetcode-cn.com/problems/trim-a-binary-search-tree/description/ | L716:markdown_inline:力扣->https://leetcode-cn.com/problems/kth-smallest-element-in-a-bst/description/ | L762:markdown_inline:力扣->https://leetcode-cn.com/problems/convert-bst-to-greater-tree/description/ | L801:markdown_inline:力扣->https://leetcode-cn.com/problems/lowest-common-ancestor-of-a-binary-search-tree/description/ | L827:markdown_inline:力扣->https://leetcode-cn.com/problems/lowest-common-ancestor-of-a-binary-tree/description/ | L854:markdown_inline:力扣->https://leetcode-cn.com/problems/convert-sorted-array-to-binary-search-tree/description/ | L875:markdown_inline:力扣->https://leetcode-cn.com/problems/convert-sorted-list-to-binary-search-tree/description/ | L918:markdown_inline:力扣->https://leetcode-cn.com/problems/two-sum-iv-input-is-a-bst/description/ | L964:markdown_inline:力扣->https://leetcode-cn.com/problems/minimum-absolute-difference-in-bst/description/ | L1004:markdown_inline:力扣->https://leetcode-cn.com/problems/find-mode-in-binary-search-tree/description/ | L1063:markdown_inline:力扣->https://leetcode-cn.com/problems/implement-trie-prefix-tree/description/ | L1127:markdown_inline:力扣->https://leetcode-cn.com/problems/map-sum-pairs/description/,yes,3,L137:TreeNode left = root.left; // 后面的操作会改变 left 指针，因此先保存下来 | L607:stack.push(node.right); // 先右后左，保证左子树先遍历 | L895:preMid.next = null; // 断开链表,Chinese filename; Chinese headings; Chinese Markdown/HTML links; Chinese code comments,notes/leetcode-solutions-trees.md,proposed,
notes/Leetcode 题解 - 目录.md,markdown,.md,1498,yes,no,yes,yes,Leetcode 题解 - 目录.md,,,,yes,yes,5,L1:H1:Leetcode 题解 | L3:H2:前言 | L7:H2:算法思想 | L18:H2:数据结构相关 | L29:H2:参考资料,yes,16,L9:markdown_inline:双指针->Leetcode%20题解%20-%20双指针.md | L10:markdown_inline:排序->Leetcode%20题解%20-%20排序.md | L11:markdown_inline:贪心思想->Leetcode%20题解%20-%20贪心思想.md | L12:markdown_inline:二分查找->Leetcode%20题解%20-%20二分查找.md | L13:markdown_inline:分治->Leetcode%20题解%20-%20分治.md | L14:markdown_inline:搜索->Leetcode%20题解%20-%20搜索.md | L15:markdown_inline:动态规划->Leetcode%20题解%20-%20动态规划.md | L16:markdown_inline:数学->Leetcode%20题解%20-%20数学.md | L20:markdown_inline:链表->Leetcode%20题解%20-%20链表.md | L21:markdown_inline:树->Leetcode%20题解%20-%20树.md | L22:markdown_inline:栈和队列->Leetcode%20题解%20-%20栈和队列.md | L23:markdown_inline:哈希表->Leetcode%20题解%20-%20哈希表.md | L24:markdown_inline:字符串->Leetcode%20题解%20-%20字符串.md | L25:markdown_inline:数组与矩阵->Leetcode%20题解%20-%20数组与矩阵.md | L26:markdown_inline:图->Leetcode%20题解%20-%20图.md | L27:markdown_inline:位运算->Leetcode%20题解%20-%20位运算.md,no,0,,Chinese filename; Chinese headings; Chinese Markdown/HTML links,notes/leetcode-solutions-index.md,proposed,
notes/Leetcode 题解 - 贪心思想.md,markdown,.md,13932,yes,no,yes,yes,Leetcode 题解 - 贪心思想.md,,,,yes,yes,12,L1:H1:Leetcode 题解 - 贪心思想 | L20:H2:1. 分配饼干 | L58:H2:2. 不重叠的区间个数 | L120:H2:3. 投飞镖刺破气球 | L156:H2:4. 根据身高和序号重组队列 | L190:H2:5. 买卖股票最大的收益 | L215:H2:6. 买卖股票的最大收益 II | L238:H2:7. 种植花朵 | L270:H2:8. 判断是否为子序列 | L294:H2:9. 修改一个数成为非递减数组 | L330:H2:10. 子数组最大的和 | L356:H2:11. 分隔字符串使同种字符出现在一起,yes,23,L3:markdown_inline:Leetcode 题解 - 贪心思想->#leetcode-题解---贪心思想 | L4:markdown_inline:1. 分配饼干->#1-分配饼干 | L5:markdown_inline:2. 不重叠的区间个数->#2-不重叠的区间个数 | L6:markdown_inline:3. 投飞镖刺破气球->#3-投飞镖刺破气球 | L7:markdown_inline:4. 根据身高和序号重组队列->#4-根据身高和序号重组队列 | L8:markdown_inline:5. 买卖股票最大的收益->#5-买卖股票最大的收益 | L9:markdown_inline:6. 买卖股票的最大收益 II->#6-买卖股票的最大收益-ii | L10:markdown_inline:7. 种植花朵->#7-种植花朵 | L11:markdown_inline:8. 判断是否为子序列->#8-判断是否为子序列 | L12:markdown_inline:9. 修改一个数成为非递减数组->#9-修改一个数成为非递减数组 | L13:markdown_inline:10. 子数组最大的和->#10-子数组最大的和 | L14:markdown_inline:11. 分隔字符串使同种字符出现在一起->#11-分隔字符串使同种字符出现在一起 | L24:markdown_inline:力扣->https://leetcode-cn.com/problems/assign-cookies/description/ | L62:markdown_inline:力扣->https://leetcode-cn.com/problems/non-overlapping-intervals/description/ | L124:markdown_inline:力扣->https://leetcode-cn.com/problems/minimum-number-of-arrows-to-burst-balloons/description/ | L160:markdown_inline:力扣->https://leetcode-cn.com/problems/queue-reconstruction-by-height/description/ | L194:markdown_inline:力扣->https://leetcode-cn.com/problems/best-time-to-buy-and-sell-stock/description/ | L219:markdown_inline:力扣->https://leetcode-cn.com/problems/best-time-to-buy-and-sell-stock-ii/description/ | L242:markdown_inline:力扣->https://leetcode-cn.com/problems/can-place-flowers/description/ | L274:markdown_inline:力扣->https://leetcode-cn.com/problems/is-subsequence/description/ | L298:markdown_inline:力扣->https://leetcode-cn.com/problems/non-decreasing-array/description/ | L334:markdown_inline:力扣->https://leetcode-cn.com/problems/maximum-subarray/description/ | L360:markdown_inline:力扣->https://leetcode-cn.com/problems/partition-labels/description/,no,0,,Chinese filename; Chinese headings; Chinese Markdown/HTML links,notes/leetcode-solutions-greedy.md,proposed,
notes/Leetcode 题解 - 链表.md,markdown,.md,10774,yes,no,yes,yes,Leetcode 题解 - 链表.md,,,,yes,yes,11,L1:H1:Leetcode 题解 - 链表 | L19:H2:1. 找出两个链表的交点 | L71:H2:2. 链表反转 | L107:H2:3. 归并两个有序的链表 | L127:H2:4. 从有序链表中删除重复节点 | L146:H2:5. 删除链表的倒数第 n 个节点 | L174:H2:6. 交换链表中的相邻结点 | L204:H2:7. 链表求和 | L245:H2:8. 回文链表 | L296:H2:9. 分隔链表 | L338:H2:10. 链表元素按奇偶聚集,yes,22,L3:markdown_inline:Leetcode 题解 - 链表->#leetcode-题解---链表 | L4:markdown_inline:1. 找出两个链表的交点->#1-找出两个链表的交点 | L5:markdown_inline:2. 链表反转->#2-链表反转 | L6:markdown_inline:3. 归并两个有序的链表->#3-归并两个有序的链表 | L7:markdown_inline:4. 从有序链表中删除重复节点->#4-从有序链表中删除重复节点 | L8:markdown_inline:5. 删除链表的倒数第 n 个节点->#5-删除链表的倒数第-n-个节点 | L9:markdown_inline:6. 交换链表中的相邻结点->#6-交换链表中的相邻结点 | L10:markdown_inline:7. 链表求和->#7-链表求和 | L11:markdown_inline:8. 回文链表->#8-回文链表 | L12:markdown_inline:9. 分隔链表->#9-分隔链表 | L13:markdown_inline:10. 链表元素按奇偶聚集->#10-链表元素按奇偶聚集 | L23:markdown_inline:力扣->https://leetcode-cn.com/problems/intersection-of-two-linked-lists/description/ | L66:markdown_inline:编程之美 3.6-> | L75:markdown_inline:力扣->https://leetcode-cn.com/problems/reverse-linked-list/description/ | L111:markdown_inline:力扣->https://leetcode-cn.com/problems/merge-two-sorted-lists/description/ | L131:markdown_inline:力扣->https://leetcode-cn.com/problems/remove-duplicates-from-sorted-list/description/ | L150:markdown_inline:力扣->https://leetcode-cn.com/problems/remove-nth-node-from-end-of-list/description/ | L178:markdown_inline:力扣->https://leetcode-cn.com/problems/swap-nodes-in-pairs/description/ | L208:markdown_inline:力扣->https://leetcode-cn.com/problems/add-two-numbers-ii/description/ | L249:markdown_inline:力扣->https://leetcode-cn.com/problems/palindrome-linked-list/description/ | L300:markdown_inline:力扣->https://leetcode-cn.com/problems/split-linked-list-in-parts/description/ | L342:markdown_inline:力扣->https://leetcode-cn.com/problems/odd-even-linked-list/description/,yes,2,"L263:if (fast != null) slow = slow.next; // 偶数节点，让 slow 指向下一个节点 | L264:cut(head, slow); // 切成两个链表",Chinese filename; Chinese headings; Chinese Markdown/HTML links; Chinese code comments,notes/leetcode-solutions-linked-list.md,proposed,
notes/Leetcode 题解.md,markdown,.md,131,yes,no,yes,yes,Leetcode 题解.md,,,,yes,no,0,,yes,1,L1:markdown_inline:Leetcode 题解->https://github.com/CyC2018/CS-Notes/blob/master/notes/Leetcode%20%E9%A2%98%E8%A7%A3%20-%20%E7%9B%AE%E5%BD%95.md,no,0,,Chinese filename; Chinese Markdown/HTML links,notes/leetcode-solutions.md,proposed,
notes/Linux.md,markdown,.md,44750,yes,no,no,no,,,,,no,yes,57,L73:H2:前言 | L82:H2:一、常用操作以及概念 | L84:H3:快捷键 | L90:H3:求助 | L116:H3:关机 | L148:H3:包管理工具 | L155:H3:发行版 | L164:H3:VIM 三个模式 | L193:H3:开源协议 | L198:H2:二、磁盘 | L200:H3:磁盘接口 | L226:H3:磁盘的文件名 | L235:H2:三、分区 | L237:H3:分区表 | L261:H3:开机检测程序 | L283:H2:四、文件系统 | L285:H3:分区与文件系统 | L289:H3:组成 | L303:H3:文件读取 | L313:H3:磁盘碎片 | L350:H3:目录 | L356:H3:日志 | L362:H3:挂载 | L366:H3:目录配置 | L376:H2:五、文件 | L378:H3:文件属性 | L406:H3:文件与目录的基本操作 | L493:H3:修改权限 | L526:H3:默认权限 | L533:H3:目录的权限 | L539:H3:链接 | L550:H4:1. 实体链接 | L565:H4:2. 符号链接 | L579:H3:获取文件内容 | L619:H3:指令与文件搜索 | L693:H2:六、压缩与打包 | L695:H3:压缩文件名 | L711:H3:压缩指令 | L755:H3:打包 | L780:H2:七、Bash | L784:H3:特性 | L792:H3:变量操作 | L833:H3:指令搜索顺序 | L840:H3:数据流重定向 | L860:H2:八、管道指令 | L870:H3:提取指令 | L907:H3:排序指令 | L953:H3:双向输出重定向 | L961:H3:字符转换指令 | L1007:H3:分区指令 | L1018:H2:九、正则表达式 | L1121:H2:十、进程管理 | L1123:H3:查看进程 | L1177:H3:进程状态 | L1227:H3:孤儿进程 | L1235:H3:僵尸进程 | L1245:H2:参考资料,yes,61,L4:markdown_inline:前言->#前言 | L5:markdown_inline:一、常用操作以及概念->#一常用操作以及概念 | L6:markdown_inline:快捷键->#快捷键 | L7:markdown_inline:求助->#求助 | L8:markdown_inline:关机->#关机 | L11:markdown_inline:包管理工具->#包管理工具 | L12:markdown_inline:发行版->#发行版 | L13:markdown_inline:VIM 三个模式->#vim-三个模式 | L15:markdown_inline:开源协议->#开源协议 | L16:markdown_inline:二、磁盘->#二磁盘 | L17:markdown_inline:磁盘接口->#磁盘接口 | L18:markdown_inline:磁盘的文件名->#磁盘的文件名 | L19:markdown_inline:三、分区->#三分区 | L20:markdown_inline:分区表->#分区表 | L21:markdown_inline:开机检测程序->#开机检测程序 | L22:markdown_inline:四、文件系统->#四文件系统 | L23:markdown_inline:分区与文件系统->#分区与文件系统 | L24:markdown_inline:组成->#组成 | L25:markdown_inline:文件读取->#文件读取 | L26:markdown_inline:磁盘碎片->#磁盘碎片 | L29:markdown_inline:目录->#目录 | L30:markdown_inline:日志->#日志 | L31:markdown_inline:挂载->#挂载 | L32:markdown_inline:目录配置->#目录配置 | L33:markdown_inline:五、文件->#五文件 | L34:markdown_inline:文件属性->#文件属性 | L35:markdown_inline:文件与目录的基本操作->#文件与目录的基本操作 | L36:markdown_inline:修改权限->#修改权限 | L37:markdown_inline:默认权限->#默认权限 | L38:markdown_inline:目录的权限->#目录的权限 | L39:markdown_inline:链接->#链接 | L40:markdown_inline:获取文件内容->#获取文件内容 | L41:markdown_inline:指令与文件搜索->#指令与文件搜索 | L42:markdown_inline:六、压缩与打包->#六压缩与打包 | L43:markdown_inline:压缩文件名->#压缩文件名 | L44:markdown_inline:压缩指令->#压缩指令 | L45:markdown_inline:打包->#打包 | L46:markdown_inline:七、Bash->#七bash | L47:markdown_inline:特性->#特性 | L48:markdown_inline:变量操作->#变量操作 | L49:markdown_inline:指令搜索顺序->#指令搜索顺序 | L50:markdown_inline:数据流重定向->#数据流重定向 | L51:markdown_inline:八、管道指令->#八管道指令 | L52:markdown_inline:提取指令->#提取指令 | L53:markdown_inline:排序指令->#排序指令 | L54:markdown_inline:双向输出重定向->#双向输出重定向 | L55:markdown_inline:字符转换指令->#字符转换指令 | L56:markdown_inline:分区指令->#分区指令 | L57:markdown_inline:九、正则表达式->#九正则表达式 | L61:markdown_inline:十、进程管理->#十进程管理 | L62:markdown_inline:查看进程->#查看进程 | L63:markdown_inline:进程状态->#进程状态 | L67:markdown_inline:孤儿进程->#孤儿进程 | L68:markdown_inline:僵尸进程->#僵尸进程 | L69:markdown_inline:参考资料->#参考资料 | L196:markdown_inline:如何选择开源许可证？->http://www.ruanyifeng.com/blog/2011/05/how_to_choose_free_software_licenses.html | L1248:markdown_inline:Linux 平台上的软件包管理->https://www.ibm.com/developerworks/cn/linux/l-cn-rpmdpkg/index.html | L1249:markdown_inline:Linux 之守护进程、僵死进程与孤儿进程->http://liubigbin.github.io/2016/03/11/Linux-%E4%B9%8B%E5%AE%88%E6%8A%A4%E8%BF%9B%E7%A8%8B%E3%80%81%E5%83%B5%E6%AD%BB%E8%BF%9B%E7%A8%8B%E4%B8… | L1253:markdown_inline:详解 wait 和 waitpid 函数->https://blog.csdn.net/kevinhg/article/details/7001719 | L1254:markdown_inline:IDE、SATA、SCSI、SAS、FC、SSD 硬盘类型介绍->https://blog.csdn.net/tianlesoftware/article/details/6009110 | L1259:markdown_inline:硬盘->https://zh.wikipedia.org/wiki/%E7%A1%AC%E7%9B%98,yes,5,"L129:## shutdown [-krhc] 时间 [信息] | L432:## mkdir [-mp] 目录名称 | L471:--preserve=all ：除了 -p 的权限相关参数外，还加入 SELinux 的属性, links, xattr 等也复制了 | L479:## rm [-fir] 文件或目录 | L1030:--color=auto ：找到的关键字加颜色显示",Chinese headings; Chinese Markdown/HTML links; Chinese code comments,,not_started,
notes/MySQL.md,markdown,.md,20816,yes,no,no,no,,,,,no,yes,45,L35:H2:一、索引 | L37:H3:B+ Tree 原理 | L39:H4:1. 数据结构 | L49:H4:2. 操作 | L55:H4:3. 与红黑树的比较 | L73:H3:MySQL 索引 | L77:H4:1. B+Tree 索引 | L97:H4:2. 哈希索引 | L106:H4:3. 全文索引 | L116:H4:4. 空间数据索引 | L122:H3:索引优化 | L124:H4:1. 独立的列 | L134:H4:2. 多列索引 | L143:H4:3. 索引列的顺序 | L164:H4:4. 前缀索引 | L170:H4:5. 覆盖索引 | L180:H3:索引的优点 | L188:H3:索引的使用条件 | L196:H2:二、查询性能优化 | L198:H3:使用 Explain 进行分析 | L208:H3:优化数据访问 | L210:H4:1. 减少请求的数据量 | L216:H4:2. 减少服务器端扫描的行数 | L220:H3:重构查询方式 | L222:H4:1. 切分大查询 | L238:H4:2. 分解大连接查询 | L261:H2:三、存储引擎 | L289:H3:比较 | L303:H2:四、数据类型 | L305:H3:整型 | L311:H3:浮点数 | L317:H3:字符串 | L325:H3:时间和日期 | L349:H2:五、切分 | L351:H3:水平切分 | L359:H3:垂直切分 | L367:H3:Sharding 策略 | L373:H3:Sharding 存在的问题 | L375:H4:1. 事务问题 | L379:H4:2. 连接 | L383:H4:3. ID 唯一性 | L389:H2:六、复制 | L391:H3:主从复制 | L401:H3:读写分离 | L415:H2:参考资料,yes,32,L4:markdown_inline:一、索引->#一索引 | L5:markdown_inline:B+ Tree 原理->#b-tree-原理 | L6:markdown_inline:MySQL 索引->#mysql-索引 | L7:markdown_inline:索引优化->#索引优化 | L8:markdown_inline:索引的优点->#索引的优点 | L9:markdown_inline:索引的使用条件->#索引的使用条件 | L10:markdown_inline:二、查询性能优化->#二查询性能优化 | L11:markdown_inline:使用 Explain 进行分析->#使用-explain-进行分析 | L12:markdown_inline:优化数据访问->#优化数据访问 | L13:markdown_inline:重构查询方式->#重构查询方式 | L14:markdown_inline:三、存储引擎->#三存储引擎 | L17:markdown_inline:比较->#比较 | L18:markdown_inline:四、数据类型->#四数据类型 | L19:markdown_inline:整型->#整型 | L20:markdown_inline:浮点数->#浮点数 | L21:markdown_inline:字符串->#字符串 | L22:markdown_inline:时间和日期->#时间和日期 | L23:markdown_inline:五、切分->#五切分 | L24:markdown_inline:水平切分->#水平切分 | L25:markdown_inline:垂直切分->#垂直切分 | L26:markdown_inline:Sharding 策略->#sharding-策略 | L27:markdown_inline:Sharding 存在的问题->#sharding-存在的问题 | L28:markdown_inline:六、复制->#六复制 | L29:markdown_inline:主从复制->#主从复制 | L30:markdown_inline:读写分离->#读写分离 | L31:markdown_inline:参考资料->#参考资料 | L419:markdown_inline:20+ 条 MySQL 性能优化的最佳经验->https://www.jfox.info/20-tiao-mysql-xing-nen-you-hua-de-zui-jia-jing-yan.html | L420:markdown_inline:服务端指南 数据存储篇 | MySQL（09） 分库与分表带来的分布式困境与应对之策->http://blog.720ui.com/2017/mysql_core_09_multi_db_table2/ | L423:markdown_inline:MySQL 索引背后的数据结构及算法原理->http://blog.codinglabs.org/articles/theory-of-mysql-index.html | L424:markdown_inline:MySQL 性能优化神器 Explain 使用分析->https://segmentfault.com/a/1190000008131735 | L426:markdown_inline:大众点评订单系统分库分表实践->https://tech.meituan.com/dianping_order_db_sharding.html | L427:markdown_inline:B + 树->https://zh.wikipedia.org/wiki/B%2B%E6%A0%91,no,0,,Chinese headings; Chinese Markdown/HTML links,,not_started,
notes/Redis.md,markdown,.md,24360,yes,no,no,no,,,,,no,yes,38,L50:H2:一、概述 | L58:H2:二、数据类型 | L210:H2:三、数据结构 | L212:H3:字典 | L316:H3:跳跃表 | L334:H2:四、使用场景 | L336:H3:计数器 | L342:H3:缓存 | L346:H3:查找表 | L352:H3:消息队列 | L358:H3:会话缓存 | L364:H3:分布式锁实现 | L370:H3:其它 | L376:H2:五、Redis 与 Memcached | L380:H3:数据类型 | L384:H3:数据持久化 | L388:H3:分布式 | L394:H3:内存管理机制 | L400:H2:六、键的过期时间 | L406:H2:七、数据淘汰策略 | L427:H2:八、持久化 | L431:H3:RDB 持久化 | L441:H3:AOF 持久化 | L459:H2:九、事务 | L467:H2:十、事件 | L471:H3:文件事件 | L479:H3:时间事件 | L490:H3:事件的调度与执行 | L532:H2:十一、复制 | L538:H3:连接过程 | L546:H3:主从链 | L552:H2:十二、Sentinel | L556:H2:十三、分片 | L571:H2:十四、一个简单的论坛系统分析 | L579:H3:文章信息 | L587:H3:点赞功能 | L595:H3:对文章进行排序 | L601:H2:参考资料,yes,41,L4:markdown_inline:一、概述->#一概述 | L5:markdown_inline:二、数据类型->#二数据类型 | L11:markdown_inline:三、数据结构->#三数据结构 | L12:markdown_inline:字典->#字典 | L13:markdown_inline:跳跃表->#跳跃表 | L14:markdown_inline:四、使用场景->#四使用场景 | L15:markdown_inline:计数器->#计数器 | L16:markdown_inline:缓存->#缓存 | L17:markdown_inline:查找表->#查找表 | L18:markdown_inline:消息队列->#消息队列 | L19:markdown_inline:会话缓存->#会话缓存 | L20:markdown_inline:分布式锁实现->#分布式锁实现 | L21:markdown_inline:其它->#其它 | L22:markdown_inline:五、Redis 与 Memcached->#五redis-与-memcached | L23:markdown_inline:数据类型->#数据类型 | L24:markdown_inline:数据持久化->#数据持久化 | L25:markdown_inline:分布式->#分布式 | L26:markdown_inline:内存管理机制->#内存管理机制 | L27:markdown_inline:六、键的过期时间->#六键的过期时间 | L28:markdown_inline:七、数据淘汰策略->#七数据淘汰策略 | L29:markdown_inline:八、持久化->#八持久化 | L30:markdown_inline:RDB 持久化->#rdb-持久化 | L31:markdown_inline:AOF 持久化->#aof-持久化 | L32:markdown_inline:九、事务->#九事务 | L33:markdown_inline:十、事件->#十事件 | L34:markdown_inline:文件事件->#文件事件 | L35:markdown_inline:时间事件->#时间事件 | L36:markdown_inline:事件的调度与执行->#事件的调度与执行 | L37:markdown_inline:十一、复制->#十一复制 | L38:markdown_inline:连接过程->#连接过程 | L39:markdown_inline:主从链->#主从链 | L40:markdown_inline:十二、Sentinel->#十二sentinel | L41:markdown_inline:十三、分片->#十三分片 | L42:markdown_inline:十四、一个简单的论坛系统分析->#十四一个简单的论坛系统分析 | L43:markdown_inline:文章信息->#文章信息 | L44:markdown_inline:点赞功能->#点赞功能 | L45:markdown_inline:对文章进行排序->#对文章进行排序 | L46:markdown_inline:参考资料->#参考资料 | L607:markdown_inline:论述 Redis 和 Memcached 的差异->http://www.cnblogs.com/loveincode/p/7411911.html | L608:markdown_inline:Redis 3.0 中文版- 分片->http://wiki.jikexueyuan.com/project/redis-guide | L609:markdown_inline:Redis 应用场景->http://www.scienjus.com/redis-use-case/,yes,10,L498:# 获取到达时间离当前时间最接近的时间事件 | L500:# 计算最接近的时间事件距离到达还有多少毫秒 | L502:# 如果事件已到达，那么 remaind_ms 的值可能为负数，将它设为 0 | L505:# 根据 remaind_ms 的值，创建 timeval | L507:# 阻塞并等待文件事件产生，最大阻塞时间由传入的 timeval 决定 | L509:# 处理所有已产生的文件事件 | L511:# 处理所有已到达的时间事件 | L519:# 初始化服务器 | L521:# 一直处理事件，直到服务器关闭为止 | L524:# 服务器关闭，执行清理操作,Chinese headings; Chinese Markdown/HTML links; Chinese code comments,,not_started,
notes/SQL 练习.md,markdown,.md,22238,yes,no,yes,yes,SQL 练习.md,,,,yes,yes,1,L1:H1:SQL 练习,yes,1,L3:markdown_inline:SQL 练习->#sql-练习,yes,5,"L1047:## 处理偶数 id，让 id 减 1 | L1048:## 例如 2,4,6,... 变成 1,3,5,... | L1056:## 处理奇数 id，让 id 加 1。但是如果最大的 id 为奇数，则不做处理 | L1057:## 例如 1,3,5,... 变成 2,4,6,... | L1066:## 如果最大的 id 为奇数，单独取出这个数",Chinese filename; Chinese headings; Chinese Markdown/HTML links; Chinese code comments,notes/sql-exercises.md,proposed,
notes/SQL 语法.md,markdown,.md,19082,yes,no,yes,yes,SQL 语法.md,,,,yes,yes,33,L1:H1:SQL 语法 | L41:H2:一、基础 | L68:H2:二、创建表 | L84:H2:三、修改表 | L106:H2:四、插入 | L130:H2:五、更新 | L138:H2:六、删除 | L153:H2:七、查询 | L190:H2:八、排序 | L203:H2:九、过滤 | L234:H2:十、通配符 | L254:H2:十一、计算字段 | L272:H2:十二、函数 | L276:H3:汇总 | L295:H3:文本处理 | L316:H3:日期和时间处理 | L350:H3:数值处理 | L364:H2:十三、分组 | L404:H2:十四、子查询 | L428:H2:十五、连接 | L436:H3:内连接 | L454:H3:自连接 | L480:H3:自然连接 | L491:H3:外连接 | L530:H2:十六、组合查询 | L550:H2:十七、视图 | L570:H2:十八、存储过程 | L608:H2:十九、游标 | L644:H2:二十、触发器 | L665:H2:二十一、事务管理 | L692:H2:二十二、字符集 | L716:H2:二十三、权限管理 | L781:H2:参考资料,yes,33,L3:markdown_inline:SQL 语法->#sql-语法 | L4:markdown_inline:一、基础->#一基础 | L5:markdown_inline:二、创建表->#二创建表 | L6:markdown_inline:三、修改表->#三修改表 | L7:markdown_inline:四、插入->#四插入 | L8:markdown_inline:五、更新->#五更新 | L9:markdown_inline:六、删除->#六删除 | L10:markdown_inline:七、查询->#七查询 | L13:markdown_inline:八、排序->#八排序 | L14:markdown_inline:九、过滤->#九过滤 | L15:markdown_inline:十、通配符->#十通配符 | L16:markdown_inline:十一、计算字段->#十一计算字段 | L17:markdown_inline:十二、函数->#十二函数 | L18:markdown_inline:汇总->#汇总 | L19:markdown_inline:文本处理->#文本处理 | L20:markdown_inline:日期和时间处理->#日期和时间处理 | L21:markdown_inline:数值处理->#数值处理 | L22:markdown_inline:十三、分组->#十三分组 | L23:markdown_inline:十四、子查询->#十四子查询 | L24:markdown_inline:十五、连接->#十五连接 | L25:markdown_inline:内连接->#内连接 | L26:markdown_inline:自连接->#自连接 | L27:markdown_inline:自然连接->#自然连接 | L28:markdown_inline:外连接->#外连接 | L29:markdown_inline:十六、组合查询->#十六组合查询 | L30:markdown_inline:十七、视图->#十七视图 | L31:markdown_inline:十八、存储过程->#十八存储过程 | L32:markdown_inline:十九、游标->#十九游标 | L33:markdown_inline:二十、触发器->#二十触发器 | L34:markdown_inline:二十一、事务管理->#二十一事务管理 | L35:markdown_inline:二十二、字符集->#二十二字符集 | L36:markdown_inline:二十三、权限管理->#二十三权限管理 | L37:markdown_inline:参考资料->#参考资料,yes,9,L54:## 注释 | L57:/* 注释1 | L58:注释2 */ | L72:# int 类型，不为空，自增 | L74:# int 类型，不可为空，默认值为 1，不为空 | L76:# 变长字符串类型，最长为 45 个字符，可以为空 | L78:# 日期类型，可为空 | L80:# 设置主键为 id | L629:# 定义了一个 continue handler，当 sqlstate '02000' 这个条件出现时，会执行 set done = 1,Chinese filename; Chinese headings; Chinese Markdown/HTML links; Chinese code comments,notes/sql-syntax.md,proposed,
notes/SQL.md,markdown,.md,18870,yes,no,no,no,,,,,no,yes,32,L39:H1:一、基础 | L66:H1:二、创建表 | L82:H1:三、修改表 | L104:H1:四、插入 | L128:H1:五、更新 | L136:H1:六、删除 | L151:H1:七、查询 | L188:H1:八、排序 | L201:H1:九、过滤 | L232:H1:十、通配符 | L252:H1:十一、计算字段 | L270:H1:十二、函数 | L274:H2:汇总 | L293:H2:文本处理 | L314:H2:日期和时间处理 | L348:H2:数值处理 | L362:H1:十三、分组 | L402:H1:十四、子查询 | L426:H1:十五、连接 | L434:H2:内连接 | L452:H2:自连接 | L478:H2:自然连接 | L489:H2:外连接 | L528:H1:十六、组合查询 | L548:H1:十七、视图 | L568:H1:十八、存储过程 | L606:H1:十九、游标 | L642:H1:二十、触发器 | L663:H1:二十一、事务管理 | L690:H1:二十二、字符集 | L714:H1:二十三、权限管理 | L779:H1:参考资料,yes,32,L2:markdown_inline:一、基础->#一基础 | L3:markdown_inline:二、创建表->#二创建表 | L4:markdown_inline:三、修改表->#三修改表 | L5:markdown_inline:四、插入->#四插入 | L6:markdown_inline:五、更新->#五更新 | L7:markdown_inline:六、删除->#六删除 | L8:markdown_inline:七、查询->#七查询 | L11:markdown_inline:八、排序->#八排序 | L12:markdown_inline:九、过滤->#九过滤 | L13:markdown_inline:十、通配符->#十通配符 | L14:markdown_inline:十一、计算字段->#十一计算字段 | L15:markdown_inline:十二、函数->#十二函数 | L16:markdown_inline:汇总->#汇总 | L17:markdown_inline:文本处理->#文本处理 | L18:markdown_inline:日期和时间处理->#日期和时间处理 | L19:markdown_inline:数值处理->#数值处理 | L20:markdown_inline:十三、分组->#十三分组 | L21:markdown_inline:十四、子查询->#十四子查询 | L22:markdown_inline:十五、连接->#十五连接 | L23:markdown_inline:内连接->#内连接 | L24:markdown_inline:自连接->#自连接 | L25:markdown_inline:自然连接->#自然连接 | L26:markdown_inline:外连接->#外连接 | L27:markdown_inline:十六、组合查询->#十六组合查询 | L28:markdown_inline:十七、视图->#十七视图 | L29:markdown_inline:十八、存储过程->#十八存储过程 | L30:markdown_inline:十九、游标->#十九游标 | L31:markdown_inline:二十、触发器->#二十触发器 | L32:markdown_inline:二十一、事务管理->#二十一事务管理 | L33:markdown_inline:二十二、字符集->#二十二字符集 | L34:markdown_inline:二十三、权限管理->#二十三权限管理 | L35:markdown_inline:参考资料->#参考资料,yes,9,L52:# 注释 | L55:/* 注释1 | L56:注释2 */ | L70:# int 类型，不为空，自增 | L72:# int 类型，不可为空，默认值为 1，不为空 | L74:# 变长字符串类型，最长为 45 个字符，可以为空 | L76:# 日期类型，可为空 | L78:# 设置主键为 id | L627:# 定义了一个 continue handler，当 sqlstate '02000' 这个条件出现时，会执行 set done = 1,Chinese headings; Chinese Markdown/HTML links; Chinese code comments,,not_started,
notes/Socket.md,markdown,.md,14169,yes,no,no,no,,,,,no,yes,20,L22:H2:一、I/O 模型 | L39:H3:阻塞式 I/O | L53:H3:非阻塞式 I/O | L61:H3:I/O 复用 | L71:H3:信号驱动 I/O | L79:H3:异步 I/O | L87:H3:五大 I/O 模型比较 | L98:H2:二、I/O 复用 | L206:H3:比较 | L208:H4:1. 功能 | L217:H4:2. 速度 | L221:H4:3. 可移植性 | L291:H3:工作模式 | L295:H4:1. LT 模式 | L299:H4:2. ET 模式 | L305:H3:应用场景 | L309:H4:1. select 应用场景 | L315:H4:2. poll 应用场景 | L319:H4:3. epoll 应用场景 | L327:H2:参考资料,yes,13,L4:markdown_inline:一、I/O 模型->#一io-模型 | L5:markdown_inline:阻塞式 I/O->#阻塞式-io | L6:markdown_inline:非阻塞式 I/O->#非阻塞式-io | L7:markdown_inline:I/O 复用->#io-复用 | L8:markdown_inline:信号驱动 I/O->#信号驱动-io | L9:markdown_inline:异步 I/O->#异步-io | L10:markdown_inline:五大 I/O 模型比较->#五大-io-模型比较 | L11:markdown_inline:二、I/O 复用->#二io-复用 | L14:markdown_inline:比较->#比较 | L16:markdown_inline:工作模式->#工作模式 | L17:markdown_inline:应用场景->#应用场景 | L18:markdown_inline:参考资料->#参考资料 | L334:markdown_inline:Linux IO 模式及 select、poll、epoll 详解->https://segmentfault.com/a/1190000003063859,no,0,,Chinese headings; Chinese Markdown/HTML links,,not_started,
notes/pics/0038204c-4b8a-42a5-921d-080f6674f989.png,asset,.png,9937,no,yes,no,no,,,,,no,no,0,,no,0,,no,0,,,,not_needed,
notes/pics/005b481b-502b-4e3f-985d-d043c2b330aa.png,asset,.png,13139,no,yes,no,no,,,,,no,no,0,,no,0,,no,0,,,,not_needed,
notes/pics/011f3ef6-d824-4d43-8b2c-36dab8eaaa72-1.png,asset,.png,31817,no,yes,no,no,,,,,no,no,0,,no,0,,no,0,,,,not_needed,
notes/pics/014fbc4d-d873-4a12-b160-867ddaed9807.jpg,asset,.jpg,48128,no,yes,no,no,,,,,no,no,0,,no,0,,no,0,,,,not_needed,
notes/pics/02943a90-7dd4-4e9a-9325-f8217d3cc54d.jpg,asset,.jpg,29732,no,yes,no,no,,,,,no,no,0,,no,0,,no,0,,,,not_needed,
notes/pics/02a1fbfd-7a9d-4114-95df-ca2445587a1f.jpg,asset,.jpg,41595,no,yes,no,no,,,,,no,no,0,,no,0,,no,0,,,,not_needed,
notes/pics/03f47940-3843-4b51-9e42-5dcaff44858b.jpg,asset,.jpg,33792,no,yes,no,no,,,,,no,no,0,,no,0,,no,0,,,,not_needed,
notes/pics/042cf928-3c8e-4815-ae9c-f2780202c68f.png,asset,.png,25600,no,yes,no,no,,,,,no,no,0,,no,0,,no,0,,,,not_needed,
notes/pics/047faac4-a368-4565-8331-2b66253080d3.jpg,asset,.jpg,18732,no,yes,no,no,,,,,no,no,0,,no,0,,no,0,,,,not_needed,
notes/pics/051e436c-0e46-4c59-8f67-52d89d656182.png,asset,.png,30857,no,yes,no,no,,,,,no,no,0,,no,0,,no,0,,,,not_needed,
notes/pics/05a08f2e-9914-4a77-92ef-aebeaecf4f66.jpg,asset,.jpg,15516,no,yes,no,no,,,,,no,no,0,,no,0,,no,0,,,,not_needed,
notes/pics/067b310c-6877-40fe-9dcf-10654e737485.jpg,asset,.jpg,27187,no,yes,no,no,,,,,no,no,0,,no,0,,no,0,,,,not_needed,
notes/pics/075e1977-7846-4928-96c8-bb5b0268693c.jpg,asset,.jpg,27421,no,yes,no,no,,,,,no,no,0,,no,0,,no,0,,,,not_needed,
notes/pics/0889c0b4-07b4-45fc-873c-e0e16b97f67d.png,asset,.png,16076,no,yes,no,no,,,,,no,no,0,,no,0,,no,0,,,,not_needed,
notes/pics/08f32fd3-f736-4a67-81ca-295b2a7972f2.jpg,asset,.jpg,30355,no,yes,no,no,,,,,no,no,0,,no,0,,no,0,,,,not_needed,
notes/pics/093f9e57-429c-413a-83ee-c689ba596cef.png,asset,.png,18542,no,yes,no,no,,,,,no,no,0,,no,0,,no,0,,,,not_needed,
notes/pics/094b279a-b2db-4be7-87a3-b2a039c7448e.jpg,asset,.jpg,10505,no,yes,no,no,,,,,no,no,0,,no,0,,no,0,,,,not_needed,
notes/pics/094e3ac8-e080-4e94-9f0a-64c25abc695e.gif,asset,.gif,18224,no,yes,no,no,,,,,no,no,0,,no,0,,no,0,,,,not_needed,
notes/pics/0972501d-f854-4d26-8fce-babb27c267f6.jpg,asset,.jpg,26434,no,yes,no,no,,,,,no,no,0,,no,0,,no,0,,,,not_needed,
notes/pics/0ad9f7ba-f408-4999-a77a-9b73562c9088.gif,asset,.gif,39364,no,yes,no,no,,,,,no,no,0,,no,0,,no,0,,,,not_needed,
notes/pics/0b587744-c0a8-46f2-8d72-e8f070d67b4b.jpg,asset,.jpg,43995,no,yes,no,no,,,,,no,no,0,,no,0,,no,0,,,,not_needed,
notes/pics/0c12221f-729e-4c22-b0ba-0dfc909f8adf.jpg,asset,.jpg,11537,no,yes,no,no,,,,,no,no,0,,no,0,,no,0,,,,not_needed,
notes/pics/0c6f9930-8704-4a54-af23-19f9ca3e48b0.jpg,asset,.jpg,12629,no,yes,no,no,,,,,no,no,0,,no,0,,no,0,,,,not_needed,
notes/pics/0dae7e93-cfd1-4bd3-97e8-325b032b716f-1572687622947.gif,asset,.gif,16102,no,yes,no,no,,,,,no,no,0,,no,0,,no,0,,,,not_needed,
notes/pics/0dae7e93-cfd1-4bd3-97e8-325b032b716f.gif,asset,.gif,10110,no,yes,no,no,,,,,no,no,0,,no,0,,no,0,,,,not_needed,
notes/pics/0dbc4f7d-05c9-4aae-8065-7b7ea7e9709e.gif,asset,.gif,11616,no,yes,no,no,,,,,no,no,0,,no,0,,no,0,,,,not_needed,
notes/pics/0dd2d40a-5b2b-4d45-b176-e75a4cd4bdbf.png,asset,.png,45414,no,yes,no,no,,,,,no,no,0,,no,0,,no,0,,,,not_needed,
notes/pics/0df5d84c-e7ca-4e3a-a688-bb8e68894467.png,asset,.png,28008,no,yes,no,no,,,,,no,no,0,,no,0,,no,0,,,,not_needed,
notes/pics/0e8fdc96-83c1-4798-9abe-45fc91d70b9d.png,asset,.png,23221,no,yes,no,no,,,,,no,no,0,,no,0,,no,0,,,,not_needed,
notes/pics/0ea37ee2-c224-4c79-b895-e131c6805c40.png,asset,.png,26044,no,yes,no,no,,,,,no,no,0,,no,0,,no,0,,,,not_needed,
notes/pics/0f399a9f-1351-4b2d-b8a4-2ebe82b1a703.jpg,asset,.jpg,67889,no,yes,no,no,,,,,no,no,0,,no,0,,no,0,,,,not_needed,
notes/pics/0f754c1d-b5cb-48cd-90e0-4a86034290a1.png,asset,.png,11724,no,yes,no,no,,,,,no,no,0,,no,0,,no,0,,,,not_needed,
notes/pics/0f8d178b-52d8-491b-9dfd-41e05a952578.gif,asset,.gif,20093,no,yes,no,no,,,,,no,no,0,,no,0,,no,0,,,,not_needed,
notes/pics/0fa6c237-a909-4e2a-a771-2c5485cd8ce0.png,asset,.png,32307,no,yes,no,no,,,,,no,no,0,,no,0,,no,0,,,,not_needed,
notes/pics/101550414151983.gif,asset,.gif,29211,no,yes,no,no,,,,,no,no,0,,no,0,,no,0,,,,not_needed,
notes/pics/1097658b-c0e6-4821-be9b-25304726a11c.jpg,asset,.jpg,7691,no,yes,no,no,,,,,no,no,0,,no,0,,no,0,,,,not_needed,
notes/pics/111521118015898.gif,asset,.gif,86463,no,yes,no,no,,,,,no,no,0,,no,0,,no,0,,,,not_needed,
notes/pics/111521118445538.gif,asset,.gif,34698,no,yes,no,no,,,,,no,no,0,,no,0,,no,0,,,,not_needed,
notes/pics/111521118483039.gif,asset,.gif,24198,no,yes,no,no,,,,,no,no,0,,no,0,,no,0,,,,not_needed,
notes/pics/111521118640738.gif,asset,.gif,149045,no,yes,no,no,,,,,no,no,0,,no,0,,no,0,,,,not_needed,
notes/pics/111521119203347.gif,asset,.gif,189252,no,yes,no,no,,,,,no,no,0,,no,0,,no,0,,,,not_needed,
notes/pics/111521119368714.gif,asset,.gif,219027,no,yes,no,no,,,,,no,no,0,,no,0,,no,0,,,,not_needed,
notes/pics/111550414182638.gif,asset,.gif,31196,no,yes,no,no,,,,,no,no,0,,no,0,,no,0,,,,not_needed,
notes/pics/11236498-1417-46ce-a1b0-e10054256955.png,asset,.png,41515,no,yes,no,no,,,,,no,no,0,,no,0,,no,0,,,,not_needed,
notes/pics/1176f9e1-3442-4808-a47a-76fbaea1b806.png,asset,.png,8925,no,yes,no,no,,,,,no,no,0,,no,0,,no,0,,,,not_needed,
notes/pics/11b27de5-5a9d-45e4-95cc-417fa3ad1d38.jpg,asset,.jpg,25170,no,yes,no,no,,,,,no,no,0,,no,0,,no,0,,,,not_needed,
notes/pics/1202b2d6-9469-4251-bd47-ca6034fb6116.png,asset,.png,42379,no,yes,no,no,,,,,no,no,0,,no,0,,no,0,,,,not_needed,
notes/pics/12a65cc6-20e0-4706-9fe6-3ba49413d7f6.png,asset,.png,17415,no,yes,no,no,,,,,no,no,0,,no,0,,no,0,,,,not_needed,
notes/pics/13454fa1-23a8-4578-9663-2b13a6af564a.jpg,asset,.jpg,8352,no,yes,no,no,,,,,no,no,0,,no,0,,no,0,,,,not_needed,
notes/pics/137c593d-0a9e-47b8-a9e6-b71f540b82dd.png,asset,.png,19953,no,yes,no,no,,,,,no,no,0,,no,0,,no,0,,,,not_needed,
notes/pics/13b0940e-d1d7-4b17-af4f-b70cb0a75e08.png,asset,.png,16005,no,yes,no,no,,,,,no,no,0,,no,0,,no,0,,,,not_needed,
notes/pics/14389ea4-8d96-4e96-9f76-564ca3324c1e.png,asset,.png,23406,no,yes,no,no,,,,,no,no,0,,no,0,,no,0,,,,not_needed,
notes/pics/1492928105791_3.png,asset,.png,46689,no,yes,no,no,,,,,no,no,0,,no,0,,no,0,,,,not_needed,
notes/pics/1492928416812_4.png,asset,.png,28399,no,yes,no,no,,,,,no,no,0,,no,0,,no,0,,,,not_needed,
notes/pics/1492929000361_5.png,asset,.png,47586,no,yes,no,no,,,,,no,no,0,,no,0,,no,0,,,,not_needed,
notes/pics/1492929444818_6.png,asset,.png,43307,no,yes,no,no,,,,,no,no,0,,no,0,,no,0,,,,not_needed,
notes/pics/1492929553651_7.png,asset,.png,41932,no,yes,no,no,,,,,no,no,0,,no,0,,no,0,,,,not_needed,
notes/pics/1492930243286_8.png,asset,.png,33451,no,yes,no,no,,,,,no,no,0,,no,0,,no,0,,,,not_needed,
notes/pics/14fe1e71-8518-458f-a220-116003061a83.png,asset,.png,5293,no,yes,no,no,,,,,no,no,0,,no,0,,no,0,,,,not_needed,
notes/pics/15313ed8-a520-4799-a300-2b6b36be314f.jpg,asset,.jpg,33223,no,yes,no,no,,,,,no,no,0,,no,0,,no,0,,,,not_needed,
notes/pics/1556770b-8c01-4681-af10-46f1df69202c.jpg,asset,.jpg,440320,no,yes,no,no,,,,,no,no,0,,no,0,,no,0,,,,not_needed,
notes/pics/15851555-5abc-497d-ad34-efed10f43a6b.png,asset,.png,30939,no,yes,no,no,,,,,no,no,0,,no,0,,no,0,,,,not_needed,
notes/pics/1623f524-b011-40c8-b83f-eab38d538f76.png,asset,.png,37273,no,yes,no,no,,,,,no,no,0,,no,0,,no,0,,,,not_needed,
notes/pics/164944d3-bbd2-4bb2-924b-e62199c51b90.png,asset,.png,10362,no,yes,no,no,,,,,no,no,0,,no,0,,no,0,,,,not_needed,
notes/pics/17e301df-52e8-4886-b593-841a16d13e44.png,asset,.png,9249,no,yes,no,no,,,,,no,no,0,,no,0,,no,0,,,,not_needed,
notes/pics/1818e141-8700-4026-99f7-900a545875f5.png,asset,.png,22261,no,yes,no,no,,,,,no,no,0,,no,0,,no,0,,,,not_needed,
notes/pics/195f8693-5ec4-4987-8560-f25e365879dd.png,asset,.png,7821,no,yes,no,no,,,,,no,no,0,,no,0,,no,0,,,,not_needed,
notes/pics/19d423e9-74f7-4c2b-9b97-55890e0d5193.png,asset,.png,22576,no,yes,no,no,,,,,no,no,0,,no,0,,no,0,,,,not_needed,
notes/pics/1a851e90-0d5c-4d4f-ac54-34c20ecfb903.jpg,asset,.jpg,16877,no,yes,no,no,,,,,no,no,0,,no,0,,no,0,,,,not_needed,
notes/pics/1a9977e4-2f5c-49a6-aec9-f3027c9f46a7.png,asset,.png,47005,no,yes,no,no,,,,,no,no,0,,no,0,,no,0,,,,not_needed,
notes/pics/1ab49e39-012b-4383-8284-26570987e3c4.jpg,asset,.jpg,41984,no,yes,no,no,,,,,no,no,0,,no,0,,no,0,,,,not_needed,
notes/pics/1b80288d-1b35-4cd3-aa17-7e27ab9a2389.png,asset,.png,24112,no,yes,no,no,,,,,no,no,0,,no,0,,no,0,,,,not_needed,
notes/pics/1bea398f-17a7-4f67-a90b-9e2d243eaa9a.png,asset,.png,5874,no,yes,no,no,,,,,no,no,0,,no,0,,no,0,,,,not_needed,
notes/pics/1d28ad05-39e5-49a2-a6a1-a6f496adba6a.png,asset,.png,10467,no,yes,no,no,,,,,no,no,0,,no,0,,no,0,,,,not_needed,
notes/pics/1daadd30-bd54-419e-a764-0dc95ac69653_200.png,asset,.png,27307,no,yes,no,no,,,,,no,no,0,,no,0,,no,0,,,,not_needed,
notes/pics/1db1c7ea-0443-478b-8df9-7e33b1336cc4.png,asset,.png,7306,no,yes,no,no,,,,,no,no,0,,no,0,,no,0,,,,not_needed,
notes/pics/1e2c588c-72b7-445e-aacb-d55dc8a88c29.png,asset,.png,25873,no,yes,no,no,,,,,no,no,0,,no,0,,no,0,,,,not_needed,
notes/pics/1e46fd03-0cda-4d60-9b1c-0c256edaf6b2.png,asset,.png,14558,no,yes,no,no,,,,,no,no,0,,no,0,,no,0,,,,not_needed,
notes/pics/1e6affc4-18e5-4596-96ef-fb84c63bf88a.png,asset,.png,40674,no,yes,no,no,,,,,no,no,0,,no,0,,no,0,,,,not_needed,
notes/pics/1fc969e4-0e7c-441b-b53c-01950d2f2be5.png,asset,.png,22684,no,yes,no,no,,,,,no,no,0,,no,0,,no,0,,,,not_needed,
notes/pics/1fe2dc77-9a2d-4643-90b3-bbf50f649bac.png,asset,.png,38459,no,yes,no,no,,,,,no,no,0,,no,0,,no,0,,,,not_needed,
notes/pics/2017-06-11-ca.png,asset,.png,55954,no,yes,no,no,,,,,no,no,0,,no,0,,no,0,,,,not_needed,
notes/pics/206f965e-53b2-4732-90cf-75910b80d7ac.png,asset,.png,19323,no,yes,no,no,,,,,no,no,0,,no,0,,no,0,,,,not_needed,
notes/pics/22870bbe-898f-4c17-a31a-d7c5ee5d1c10.png,asset,.png,28580,no,yes,no,no,,,,,no,no,0,,no,0,,no,0,,,,not_needed,
notes/pics/22de0538-7c6e-4365-bd3b-8ce3c5900216.png,asset,.png,28672,no,yes,no,no,,,,,no,no,0,,no,0,,no,0,,,,not_needed,
notes/pics/22fda4ae-4dd5-489d-ab10-9ebfdad22ae0.jpg,asset,.jpg,30709,no,yes,no,no,,,,,no,no,0,,no,0,,no,0,,,,not_needed,
notes/pics/23219e4c-9fc0-4051-b33a-2bd95bf054ab.jpg,asset,.jpg,34620,no,yes,no,no,,,,,no,no,0,,no,0,,no,0,,,,not_needed,
notes/pics/233f8d89-31d7-413f-9c02-042f19c46ba1.png,asset,.png,22664,no,yes,no,no,,,,,no,no,0,,no,0,,no,0,,,,not_needed,
notes/pics/23b9d625-ef28-42b5-bb22-d7aedd007e16.jpg,asset,.jpg,25223,no,yes,no,no,,,,,no,no,0,,no,0,,no,0,,,,not_needed,
notes/pics/23ba890e-e11c-45e2-a20c-64d217f83430.png,asset,.png,222208,no,yes,no,no,,,,,no,no,0,,no,0,,no,0,,,,not_needed,
notes/pics/23e4462b-263f-4d15-8805-529e0ca7a4d1.jpg,asset,.jpg,8270,no,yes,no,no,,,,,no,no,0,,no,0,,no,0,,,,not_needed,
notes/pics/245fd2fb-209c-4ad5-bc5e-eb5664966a0e.jpg,asset,.jpg,23063,no,yes,no,no,,,,,no,no,0,,no,0,,no,0,,,,not_needed,
notes/pics/265bab88-7be9-44c5-a33f-f93d9882c096.png,asset,.png,39968,no,yes,no,no,,,,,no,no,0,,no,0,,no,0,,,,not_needed,
notes/pics/2719067e-b299-4639-9065-bed6729dbf0b.png,asset,.png,68608,no,yes,no,no,,,,,no,no,0,,no,0,,no,0,,,,not_needed,
notes/pics/271ce08f-c124-475f-b490-be44fedc6d2e.png,asset,.png,16384,no,yes,no,no,,,,,no,no,0,,no,0,,no,0,,,,not_needed,
notes/pics/278fe431-af88-4a95-a895-9c3b80117de3.jpg,asset,.jpg,32706,no,yes,no,no,,,,,no,no,0,,no,0,,no,0,,,,not_needed,
notes/pics/2797a609-68db-4d7b-8701-41ac9a34b14f.jpg,asset,.jpg,24178,no,yes,no,no,,,,,no,no,0,,no,0,,no,0,,,,not_needed,
notes/pics/292b4a35-4507-4256-84ff-c218f108ee31.jpg,asset,.jpg,6171,no,yes,no,no,,,,,no,no,0,,no,0,,no,0,,,,not_needed,
notes/pics/29a14735-e154-4f60-9a04-c9628e5d09f4.png,asset,.png,7612,no,yes,no,no,,,,,no,no,0,,no,0,,no,0,,,,not_needed,
notes/pics/2_14_microkernelArchitecture.jpg,asset,.jpg,95232,no,yes,no,no,,,,,no,no,0,,no,0,,no,0,,,,not_needed,
notes/pics/2a1f8b0f-1dd7-4409-b177-a381c58066ad.png,asset,.png,27616,no,yes,no,no,,,,,no,no,0,,no,0,,no,0,,,,not_needed,
notes/pics/2ac50b81-d92a-4401-b9ec-f2113ecc3076.png,asset,.png,19456,no,yes,no,no,,,,,no,no,0,,no,0,,no,0,,,,not_needed,
notes/pics/2b125bcd-1b36-43be-9b78-d90b076be549.png,asset,.png,30193,no,yes,no,no,,,,,no,no,0,,no,0,,no,0,,,,not_needed,
notes/pics/2b8bfd57-b4d1-4a75-bfb0-bcf1fba4014a.png,asset,.png,36639,no,yes,no,no,,,,,no,no,0,,no,0,,no,0,,,,not_needed,
notes/pics/2bab4127-3e7d-48cc-914e-436be859fb05.png,asset,.png,28964,no,yes,no,no,,,,,no,no,0,,no,0,,no,0,,,,not_needed,
notes/pics/2bcc58ad-bf7f-485c-89b5-e7cafc211ce2.jpg,asset,.jpg,58447,no,yes,no,no,,,,,no,no,0,,no,0,,no,0,,,,not_needed,
notes/pics/2d09a847-b854-439c-9198-b29c65810944.png,asset,.png,12438,no,yes,no,no,,,,,no,no,0,,no,0,,no,0,,,,not_needed,
notes/pics/2de794ca-aa7b-48f3-a556-a0e2708cb976.jpg,asset,.jpg,6657,no,yes,no,no,,,,,no,no,0,,no,0,,no,0,,,,not_needed,
notes/pics/2f683fe8-bee8-46a9-86a7-685c8981555856191616.png,asset,.png,13529,no,yes,no,no,,,,,no,no,0,,no,0,,no,0,,,,not_needed,
notes/pics/308a02e9-3346-4251-8c41-bd5536dab491.png,asset,.png,2836,no,yes,no,no,,,,,no,no,0,,no,0,,no,0,,,,not_needed,
notes/pics/30d6e95c-2e3c-4d32-bf4f-68128a70bc05.png,asset,.png,21744,no,yes,no,no,,,,,no,no,0,,no,0,,no,0,,,,not_needed,
notes/pics/31b7e8de-ed11-4f69-b5fd-ba454120ac31.jpg,asset,.jpg,20443,no,yes,no,no,,,,,no,no,0,,no,0,,no,0,,,,not_needed,
notes/pics/31d9adce-2af8-4754-8386-0aabb4e500b0.png,asset,.png,31045,no,yes,no,no,,,,,no,no,0,,no,0,,no,0,,,,not_needed,
notes/pics/32b05e81-41b3-414a-8656-736c9604e3d6.png,asset,.png,22402,no,yes,no,no,,,,,no,no,0,,no,0,,no,0,,,,not_needed,
notes/pics/33576849-9275-47bb-ada7-8ded5f5e7c73.png,asset,.png,15841,no,yes,no,no,,,,,no,no,0,,no,0,,no,0,,,,not_needed,
notes/pics/335fe19c-4a76-45ab-9320-88c90d6a0d7e.png,asset,.png,29920,no,yes,no,no,,,,,no,no,0,,no,0,,no,0,,,,not_needed,
notes/pics/34751bd9-e8e4-4c20-94bc-f7217049fada.png,asset,.png,11522,no,yes,no,no,,,,,no,no,0,,no,0,,no,0,,,,not_needed,
notes/pics/35253fa4-f60a-4e3b-aaec-8fc835aabdac.gif,asset,.gif,18540,no,yes,no,no,,,,,no,no,0,,no,0,,no,0,,,,not_needed,
notes/pics/35a8c711-0dc0-4613-95f3-be96c6c6e104.gif,asset,.gif,35794,no,yes,no,no,,,,,no,no,0,,no,0,,no,0,,,,not_needed,
notes/pics/379444c9-f1d1-45cd-b7aa-b0c18427d388.jpg,asset,.jpg,32155,no,yes,no,no,,,,,no,no,0,,no,0,,no,0,,,,not_needed,
notes/pics/390c913b-5f31-444f-bbdb-2b88b688e7ce.jpg,asset,.jpg,119313,no,yes,no,no,,,,,no,no,0,,no,0,,no,0,,,,not_needed,
notes/pics/395a9e83-b1a1-4a1d-b170-d081e7bb5bab.png,asset,.png,24699,no,yes,no,no,,,,,no,no,0,,no,0,,no,0,,,,not_needed,
notes/pics/396be981-3f2c-4fd9-8101-dbf9c841504b.jpg,asset,.jpg,128616,no,yes,no,no,,,,,no,no,0,,no,0,,no,0,,,,not_needed,
notes/pics/399b459d-db9e-4e77-b879-e6492c7d382b.gif,asset,.gif,30492,no,yes,no,no,,,,,no,no,0,,no,0,,no,0,,,,not_needed,
notes/pics/39ccb299-ee99-4dd1-b8b4-2f9ec9495cb4.png,asset,.png,39558,no,yes,no,no,,,,,no,no,0,,no,0,,no,0,,,,not_needed,
notes/pics/3be42601-9d33-4d29-8358-a9d16453af93.png,asset,.png,49057,no,yes,no,no,,,,,no,no,0,,no,0,,no,0,,,,not_needed,
notes/pics/3cd630ea-017c-488d-ad1d-732b4efeddf5.png,asset,.png,6144,no,yes,no,no,,,,,no,no,0,,no,0,,no,0,,,,not_needed,
notes/pics/3d5b828e-5c4d-48d8-a440-281e4a8e1c92.png,asset,.png,26547,no,yes,no,no,,,,,no,no,0,,no,0,,no,0,,,,not_needed,
notes/pics/3ea280b5-be7d-471b-ac76-ff020384357c.gif,asset,.gif,21063,no,yes,no,no,,,,,no,no,0,,no,0,,no,0,,,,not_needed,
notes/pics/3fb5b255-b791-45b6-8754-325c8741855a.png,asset,.png,21858,no,yes,no,no,,,,,no,no,0,,no,0,,no,0,,,,not_needed,
notes/pics/40121fa5-cb5c-4add-9945-e087220cd039_200.png,asset,.png,41528,no,yes,no,no,,,,,no,no,0,,no,0,,no,0,,,,not_needed,
notes/pics/40c0c17e-bba6-4493-9857-147c0044a018.png,asset,.png,21852,no,yes,no,no,,,,,no,no,0,,no,0,,no,0,,,,not_needed,
notes/pics/40c6570d-c1d7-4c38-843e-ba991b2328c2.png,asset,.png,49528,no,yes,no,no,,,,,no,no,0,,no,0,,no,0,,,,not_needed,
notes/pics/417bc315-4409-48c6-83e0-59e8d405429e.jpg,asset,.jpg,36472,no,yes,no,no,,,,,no,no,0,,no,0,,no,0,,,,not_needed,
notes/pics/423f2a40-bee1-488e-b460-8e76c48ee560.png,asset,.png,8428,no,yes,no,no,,,,,no,no,0,,no,0,,no,0,,,,not_needed,
notes/pics/4240a69f-4d51-4d16-b797-2dfe110f30bd.png,asset,.png,9040,no,yes,no,no,,,,,no,no,0,,no,0,,no,0,,,,not_needed,
notes/pics/42430e94-3137-48c0-bdb6-3cebaf9102e3.jpg,asset,.jpg,15840,no,yes,no,no,,,,,no,no,0,,no,0,,no,0,,,,not_needed,
notes/pics/424f34ab-a9fd-49a6-9969-d76b42251365.png,asset,.png,12068,no,yes,no,no,,,,,no,no,0,,no,0,,no,0,,,,not_needed,
notes/pics/42661013-750f-420b-b3c1-437e9a11fb65.png,asset,.png,9024,no,yes,no,no,,,,,no,no,0,,no,0,,no,0,,,,not_needed,
notes/pics/437cb54c-5970-4ba9-b2ef-2541f7d6c81e.gif,asset,.gif,11284,no,yes,no,no,,,,,no,no,0,,no,0,,no,0,,,,not_needed,
notes/pics/43d323ac-9f07-4e4a-a315-4eaf8c38766c.jpg,asset,.jpg,47246,no,yes,no,no,,,,,no,no,0,,no,0,,no,0,,,,not_needed,
notes/pics/44d33643-1004-43a3-b99a-4d688a08d0a1.png,asset,.png,33727,no,yes,no,no,,,,,no,no,0,,no,0,,no,0,,,,not_needed,
notes/pics/45016e98-6879-4709-8569-262b2d6d60b9.png,asset,.png,16649,no,yes,no,no,,,,,no,no,0,,no,0,,no,0,,,,not_needed,
notes/pics/45be9587-6069-4ab7-b9ac-840db1a53744.jpg,asset,.jpg,8192,no,yes,no,no,,,,,no,no,0,,no,0,,no,0,,,,not_needed,
notes/pics/476329d4-e2ef-4f7b-8ac9-a52a6f784600.png,asset,.png,52650,no,yes,no,no,,,,,no,no,0,,no,0,,no,0,,,,not_needed,
notes/pics/47d98583-8bb0-45cc-812d-47eefa0a4a40.jpg,asset,.jpg,33792,no,yes,no,no,,,,,no,no,0,,no,0,,no,0,,,,not_needed,
notes/pics/48517227-324c-4664-bd26-a2d2cffe2bfe.png,asset,.png,11875,no,yes,no,no,,,,,no,no,0,,no,0,,no,0,,,,not_needed,
notes/pics/485fdf34-ccf8-4185-97c6-17374ee719a0.png,asset,.png,33426,no,yes,no,no,,,,,no,no,0,,no,0,,no,0,,,,not_needed,
notes/pics/48a934ff-a29b-434c-8e1d-8c8ec20cb91d.png,asset,.png,20062,no,yes,no,no,,,,,no,no,0,,no,0,,no,0,,,,not_needed,
notes/pics/48b1d459-8832-4e92-938a-728aae730739.jpg,asset,.jpg,8192,no,yes,no,no,,,,,no,no,0,,no,0,,no,0,,,,not_needed,
notes/pics/48d79be8-085b-4862-8a9d-18402eb93b31.png,asset,.png,10158,no,yes,no,no,,,,,no,no,0,,no,0,,no,0,,,,not_needed,
notes/pics/49d2adc1-b28a-44bf-babb-d44993f4a2e3.gif,asset,.gif,37557,no,yes,no,no,,,,,no,no,0,,no,0,,no,0,,,,not_needed,
notes/pics/4aa5e057-bc57-4719-ab57-c6fbc861c505.png,asset,.png,12956,no,yes,no,no,,,,,no,no,0,,no,0,,no,0,,,,not_needed,
notes/pics/4ab87717-e264-4232-825d-8aaf08f14e8b.jpg,asset,.jpg,53769,no,yes,no,no,,,,,no,no,0,,no,0,,no,0,,,,not_needed,
notes/pics/4b2ae78c-e254-44df-9e37-578e2f2bef52.jpg,asset,.jpg,25523,no,yes,no,no,,,,,no,no,0,,no,0,,no,0,,,,not_needed,
notes/pics/4bf5e3fb-a285-4138-b3b6-780956eb1df1.gif,asset,.gif,8009,no,yes,no,no,,,,,no,no,0,,no,0,,no,0,,,,not_needed,
notes/pics/4bf8d0ba-36f0-459e-83a0-f15278a5a157.png,asset,.png,8258,no,yes,no,no,,,,,no,no,0,,no,0,,no,0,,,,not_needed,
notes/pics/4c457532-550b-4eca-b881-037b84b4934b.jpg,asset,.jpg,29913,no,yes,no,no,,,,,no,no,0,,no,0,,no,0,,,,not_needed,
notes/pics/4cf711a8-7ab2-4152-b85c-d5c226733807.png,asset,.png,28597,no,yes,no,no,,,,,no,no,0,,no,0,,no,0,,,,not_needed,
notes/pics/4e2485e4-34bd-4967-9f02-0c093b797aaa.png,asset,.png,18432,no,yes,no,no,,,,,no,no,0,,no,0,,no,0,,,,not_needed,
notes/pics/4e93f7d4-2623-4129-a939-59051256561e.png,asset,.png,20017,no,yes,no,no,,,,,no,no,0,,no,0,,no,0,,,,not_needed,
notes/pics/50678f34-694f-45a4-91c6-34d985c83fee.png,asset,.png,21839,no,yes,no,no,,,,,no,no,0,,no,0,,no,0,,,,not_needed,
notes/pics/50831a6f-2777-46ea-a571-29f23c85cc21.jpg,asset,.jpg,19125,no,yes,no,no,,,,,no,no,0,,no,0,,no,0,,,,not_needed,
notes/pics/508c6e52-9f93-44ed-b6b9-e69050e14807.jpg,asset,.jpg,10166,no,yes,no,no,,,,,no,no,0,,no,0,,no,0,,,,not_needed,
notes/pics/51e2ed95-65b8-4ae9-8af3-65602d452a25.jpg,asset,.jpg,78939,no,yes,no,no,,,,,no,no,0,,no,0,,no,0,,,,not_needed,
notes/pics/52a7744f-5bce-4ff3-a6f0-8449334d9f3d.png,asset,.png,10132,no,yes,no,no,,,,,no,no,0,,no,0,,no,0,,,,not_needed,
notes/pics/530764d5-f67f-47a2-8df4-57e8646e1400.png,asset,.png,25807,no,yes,no,no,,,,,no,no,0,,no,0,,no,0,,,,not_needed,
notes/pics/5359cbf5-5a79-4874-9b17-f23c53c2cb80.jpg,asset,.jpg,24952,no,yes,no,no,,,,,no,no,0,,no,0,,no,0,,,,not_needed,
notes/pics/53cd9ade-b0a6-4399-b4de-7f1fbd06cdfb.png,asset,.png,11264,no,yes,no,no,,,,,no,no,0,,no,0,,no,0,,,,not_needed,
notes/pics/55dc4e84-573d-4c13-a765-52ed1dd251f9.png,asset,.png,279926,no,yes,no,no,,,,,no,no,0,,no,0,,no,0,,,,not_needed,
notes/pics/562f2844-d77c-40e0-887a-28a7128abd42.png,asset,.png,7193,no,yes,no,no,,,,,no,no,0,,no,0,,no,0,,,,not_needed,
notes/pics/5778d113-8e13-4c53-b5bf-801e58080b97.png,asset,.png,74447,no,yes,no,no,,,,,no,no,0,,no,0,,no,0,,,,not_needed,
notes/pics/58b70113-3876-49af-85a9-68eb00a72d59.jpg,asset,.jpg,9484,no,yes,no,no,,,,,no,no,0,,no,0,,no,0,,,,not_needed,
notes/pics/58c8e370-3bec-4c2b-bf17-c8d34345dd17.gif,asset,.gif,8422,no,yes,no,no,,,,,no,no,0,,no,0,,no,0,,,,not_needed,
notes/pics/5942debd-fc00-477a-b390-7c5692cc8070.jpg,asset,.jpg,45569,no,yes,no,no,,,,,no,no,0,,no,0,,no,0,,,,not_needed,
notes/pics/5b718e86-7102-4bb6-8ca5-d1dd791530c5.png,asset,.png,12367,no,yes,no,no,,,,,no,no,0,,no,0,,no,0,,,,not_needed,
notes/pics/5bb1b38a-527e-4802-a385-267dadbd30ba.png,asset,.png,14044,no,yes,no,no,,,,,no,no,0,,no,0,,no,0,,,,not_needed,
notes/pics/5c638d59-d4ae-4ba4-ad44-80bdc30f38dd.jpg,asset,.jpg,18796,no,yes,no,no,,,,,no,no,0,,no,0,,no,0,,,,not_needed,
notes/pics/5ea609cb-8ad4-4c4c-aee6-45a40a81794a.jpg,asset,.jpg,11759,no,yes,no,no,,,,,no,no,0,,no,0,,no,0,,,,not_needed,
notes/pics/5f1cb999-cb9a-4f6c-a0af-d90377295ab8.png,asset,.png,19591,no,yes,no,no,,,,,no,no,0,,no,0,,no,0,,,,not_needed,
notes/pics/5f5c22d5-9c0e-49e1-b5b0-6cc7032724d4.png,asset,.png,33398,no,yes,no,no,,,,,no,no,0,,no,0,,no,0,,,,not_needed,
notes/pics/5f5ef0b6-98ea-497c-a007-f6c55288eab1.png,asset,.png,30720,no,yes,no,no,,,,,no,no,0,,no,0,,no,0,,,,not_needed,
notes/pics/600e9c75-5033-4dad-ae2b-930957db638e.png,asset,.png,11362,no,yes,no,no,,,,,no,no,0,,no,0,,no,0,,,,not_needed,
notes/pics/6019b2db-bc3e-4408-b6d8-96025f4481d6.png,asset,.png,25245,no,yes,no,no,,,,,no,no,0,,no,0,,no,0,,,,not_needed,
notes/pics/603dbb49-dac5-4825-9694-5f1d65cefd44.png,asset,.png,26388,no,yes,no,no,,,,,no,no,0,,no,0,,no,0,,,,not_needed,
notes/pics/60c4a44c-7829-4242-b3a1-26c3b513aaf0.gif,asset,.gif,64672,no,yes,no,no,,,,,no,no,0,,no,0,,no,0,,,,not_needed,
notes/pics/6234eb3d-ccf2-4987-a724-235aef6957b1.png,asset,.png,15895,no,yes,no,no,,,,,no,no,0,,no,0,,no,0,,,,not_needed,
notes/pics/6270c216-7ec0-4db7-94de-0003bce37cd2.png,asset,.png,21499,no,yes,no,no,,,,,no,no,0,,no,0,,no,0,,,,not_needed,
notes/pics/6283be2a-814a-4a10-84bf-9592533fe6bc.png,asset,.png,25309,no,yes,no,no,,,,,no,no,0,,no,0,,no,0,,,,not_needed,
notes/pics/62e0dd4f-44c3-43ee-bb6e-fedb9e068519.png,asset,.png,31744,no,yes,no,no,,,,,no,no,0,,no,0,,no,0,,,,not_needed,
notes/pics/62e77997-6957-4b68-8d12-bfd609bb2c68.jpg,asset,.jpg,39449,no,yes,no,no,,,,,no,no,0,,no,0,,no,0,,,,not_needed,
notes/pics/63c2909f-0c5f-496f-9fe5-ee9176b31aba.jpg,asset,.jpg,23985,no,yes,no,no,,,,,no,no,0,,no,0,,no,0,,,,not_needed,
notes/pics/63c8ffea-a9f2-4ebe-97d1-d71be71246f9.jpg,asset,.jpg,29268,no,yes,no,no,,,,,no,no,0,,no,0,,no,0,,,,not_needed,
notes/pics/643b6f18-f933-4ac5-aa7a-e304dbd7fe49-1572675454173.gif,asset,.gif,40312,no,yes,no,no,,,,,no,no,0,,no,0,,no,0,,,,not_needed,
notes/pics/643b6f18-f933-4ac5-aa7a-e304dbd7fe49.gif,asset,.gif,40312,no,yes,no,no,,,,,no,no,0,,no,0,,no,0,,,,not_needed,
notes/pics/658fc5e7-79c0-4247-9445-d69bf194c539.png,asset,.png,7830,no,yes,no,no,,,,,no,no,0,,no,0,,no,0,,,,not_needed,
notes/pics/66192382-558b-4b05-a35d-ac4a2b1a9811.jpg,asset,.jpg,84992,no,yes,no,no,,,,,no,no,0,,no,0,,no,0,,,,not_needed,
notes/pics/66402828-fb2b-418f-83f6-82153491bcfe.jpg,asset,.jpg,38167,no,yes,no,no,,,,,no,no,0,,no,0,,no,0,,,,not_needed,
notes/pics/66a01953-5303-43b1-8646-0c77b825e980.png,asset,.png,19412,no,yes,no,no,,,,,no,no,0,,no,0,,no,0,,,,not_needed,
notes/pics/66a6899d-c6b0-4a47-8569-9d08f0baf86c.png,asset,.png,15297,no,yes,no,no,,,,,no,no,0,,no,0,,no,0,,,,not_needed,
notes/pics/66ae164c-ad47-4905-895e-51fe38ce797a.png,asset,.png,35275,no,yes,no,no,,,,,no,no,0,,no,0,,no,0,,,,not_needed,
notes/pics/66d00642-ce37-466c-8f7a-143d0bf84cd6.png,asset,.png,15849,no,yes,no,no,,,,,no,no,0,,no,0,,no,0,,,,not_needed,
notes/pics/6729baa0-57d7-4817-b3aa-518cbccf824c.jpg,asset,.jpg,14029,no,yes,no,no,,,,,no,no,0,,no,0,,no,0,,,,not_needed,
notes/pics/67582ade-d44a-46a6-8757-3c1296cc1ef9.png,asset,.png,24238,no,yes,no,no,,,,,no,no,0,,no,0,,no,0,,,,not_needed,
notes/pics/6782674c-1bfe-4879-af39-e9d722a95d39.png,asset,.png,21096,no,yes,no,no,,,,,no,no,0,,no,0,,no,0,,,,not_needed,
notes/pics/67bf5487-c45d-49b6-b9c0-a058d8c68902.png,asset,.png,4867,no,yes,no,no,,,,,no,no,0,,no,0,,no,0,,,,not_needed,
notes/pics/68b110b9-76c6-4ee2-b541-4145e65adb3e.jpg,asset,.jpg,34420,no,yes,no,no,,,,,no,no,0,,no,0,,no,0,,,,not_needed,
notes/pics/691f11eb-31a7-46be-9de1-61f433c4b3c7.png,asset,.png,12999,no,yes,no,no,,,,,no,no,0,,no,0,,no,0,,,,not_needed,
notes/pics/6980aef0-debe-4b4b-8da5-8b1befbc1408.gif,asset,.gif,14974,no,yes,no,no,,,,,no,no,0,,no,0,,no,0,,,,not_needed,
notes/pics/69d6c38d-1dec-4f72-ae60-60dbc10e9d15.png,asset,.png,10074,no,yes,no,no,,,,,no,no,0,,no,0,,no,0,,,,not_needed,
notes/pics/6a88a398-c494-41f5-bb62-9f7fb811df7c.jpg,asset,.jpg,25985,no,yes,no,no,,,,,no,no,0,,no,0,,no,0,,,,not_needed,
notes/pics/6b504f1f-bf76-4aab-a146-a9c7a58c2029.png,asset,.png,21900,no,yes,no,no,,,,,no,no,0,,no,0,,no,0,,,,not_needed,
notes/pics/6b833bc2-517a-4270-8a5e-0a5f6df8cd96.png,asset,.png,38574,no,yes,no,no,,,,,no,no,0,,no,0,,no,0,,,,not_needed,
notes/pics/6cfdf7b0-ea9d-4371-893f-76e78f004223.png,asset,.png,41788,no,yes,no,no,,,,,no,no,0,,no,0,,no,0,,,,not_needed,
notes/pics/6fb7cf89-71b3-48c1-bc6a-5110e1f1fc15.gif,asset,.gif,91598,no,yes,no,no,,,,,no,no,0,,no,0,,no,0,,,,not_needed,
notes/pics/6fda1dc7-5c74-49c1-bb79-237a77e43a43.png,asset,.png,2454,no,yes,no,no,,,,,no,no,0,,no,0,,no,0,,,,not_needed,
notes/pics/7002c01b-1ed5-475a-9e5f-5fc8a4cdbcc0.jpg,asset,.jpg,18522,no,yes,no,no,,,,,no,no,0,,no,0,,no,0,,,,not_needed,
notes/pics/7008dc2b-6f13-4174-a516-28b2d75b0152.gif,asset,.gif,14714,no,yes,no,no,,,,,no,no,0,,no,0,,no,0,,,,not_needed,
notes/pics/71550414107576.gif,asset,.gif,27990,no,yes,no,no,,,,,no,no,0,,no,0,,no,0,,,,not_needed,
notes/pics/71b97a50-a49f-4f1a-81d1-48c3364d61b3.png,asset,.png,37556,no,yes,no,no,,,,,no,no,0,,no,0,,no,0,,,,not_needed,
notes/pics/72a01242-e6b4-46c5-a285-24e754d63093.png,asset,.png,17786,no,yes,no,no,,,,,no,no,0,,no,0,,no,0,,,,not_needed,
notes/pics/72aac98a-d5df-4bfa-a71a-4bb16a87474c.png,asset,.png,11057,no,yes,no,no,,,,,no,no,0,,no,0,,no,0,,,,not_needed,
notes/pics/72be01cd-41ae-45f7-99b9-a8d284e44dd4.png,asset,.png,25667,no,yes,no,no,,,,,no,no,0,,no,0,,no,0,,,,not_needed,
notes/pics/72ee7e9a-194d-42e9-b4d7-29c23417ca18.png,asset,.png,17923,no,yes,no,no,,,,,no,no,0,,no,0,,no,0,,,,not_needed,
notes/pics/73403d84-d921-49f1-93a9-d8fe050f3497.png,asset,.png,48606,no,yes,no,no,,,,,no,no,0,,no,0,,no,0,,,,not_needed,
notes/pics/74dc31eb-6baa-47ea-ab1c-d27a0ca35093.png,asset,.png,14298,no,yes,no,no,,,,,no,no,0,,no,0,,no,0,,,,not_needed,
notes/pics/75184b58-c627-4edc-8dcf-605762ebb733.png,asset,.png,30657,no,yes,no,no,,,,,no,no,0,,no,0,,no,0,,,,not_needed,
notes/pics/759013d7-61d8-4509-897a-d75af598a236.png,asset,.png,7991,no,yes,no,no,,,,,no,no,0,,no,0,,no,0,,,,not_needed,
notes/pics/76a49594323247f21c9b3a69945445ee.png,asset,.png,9057,no,yes,no,no,,,,,no,no,0,,no,0,,no,0,,,,not_needed,
notes/pics/76dc7769-1aac-4888-9bea-064f1caa8e77.jpg,asset,.jpg,41984,no,yes,no,no,,,,,no,no,0,,no,0,,no,0,,,,not_needed,
notes/pics/774d756b-902a-41a3-a3fd-81ca3ef688dc.png,asset,.png,28830,no,yes,no,no,,,,,no,no,0,,no,0,,no,0,,,,not_needed,
notes/pics/77931a4b-72ba-4016-827d-84b9a6845a51.png,asset,.png,30041,no,yes,no,no,,,,,no,no,0,,no,0,,no,0,,,,not_needed,
notes/pics/7818c574-97a8-48db-8e62-8bfb030b02ba.png,asset,.png,26640,no,yes,no,no,,,,,no,no,0,,no,0,,no,0,,,,not_needed,
notes/pics/794239e3-4baf-4aad-92df-f02f59b2a6fe.png,asset,.png,16958,no,yes,no,no,,,,,no,no,0,,no,0,,no,0,,,,not_needed,
notes/pics/79c6f036-bde6-4393-85a3-ef36a0327bd2.png,asset,.png,50492,no,yes,no,no,,,,,no,no,0,,no,0,,no,0,,,,not_needed,
notes/pics/79df886f-fdc3-4020-a07f-c991bb58e0d8.png,asset,.png,26268,no,yes,no,no,,,,,no,no,0,,no,0,,no,0,,,,not_needed,
notes/pics/7a29acce-f243-4914-9f00-f2988c528412.jpg,asset,.jpg,100719,no,yes,no,no,,,,,no,no,0,,no,0,,no,0,,,,not_needed,
notes/pics/7a3215ec-6fb7-4935-8b0d-cb408208f7cb.png,asset,.png,553,no,yes,no,no,,,,,no,no,0,,no,0,,no,0,,,,not_needed,
notes/pics/7a3c6a30-c735-4edb-8115-337288a4f0f2.jpg,asset,.jpg,44752,no,yes,no,no,,,,,no,no,0,,no,0,,no,0,,,,not_needed,
notes/pics/7a85e285-e152-4116-b6dc-3fab27ba9437.jpg,asset,.jpg,38441,no,yes,no,no,,,,,no,no,0,,no,0,,no,0,,,,not_needed,
notes/pics/7b281b1e-0595-402b-ae35-8c91084c33c1.png,asset,.png,45056,no,yes,no,no,,,,,no,no,0,,no,0,,no,0,,,,not_needed,
notes/pics/7b3efa99-d306-4982-8cfb-e7153c33aab4.png,asset,.png,159744,no,yes,no,no,,,,,no,no,0,,no,0,,no,0,,,,not_needed,
notes/pics/7bd202a7-93d4-4f3a-a878-af68ae25539a.png,asset,.png,41248,no,yes,no,no,,,,,no,no,0,,no,0,,no,0,,,,not_needed,
notes/pics/7c349b91-050b-4d72-a7f8-ec86320307ea.png,asset,.png,14757,no,yes,no,no,,,,,no,no,0,,no,0,,no,0,,,,not_needed,
notes/pics/7c54de21-e2ff-402e-bc42-4037de1c1592.png,asset,.png,43793,no,yes,no,no,,,,,no,no,0,,no,0,,no,0,,,,not_needed,
notes/pics/7d97dde0-0695-4707-bb68-e6c13a2e1b45.png,asset,.png,7457,no,yes,no,no,,,,,no,no,0,,no,0,,no,0,,,,not_needed,
notes/pics/7ec9d619-fa60-4a2b-95aa-bf1a62aad408.jpg,asset,.jpg,18821,no,yes,no,no,,,,,no,no,0,,no,0,,no,0,,,,not_needed,
notes/pics/7fffa4b8-b36d-471f-ad0c-a88ee763bb76.png,asset,.png,36348,no,yes,no,no,,,,,no,no,0,,no,0,,no,0,,,,not_needed,
notes/pics/8006a450-6c2f-498c-a928-c927f758b1d0.png,asset,.png,147456,no,yes,no,no,,,,,no,no,0,,no,0,,no,0,,,,not_needed,
notes/pics/807f4258-dba8-4c54-9c3c-a707c7ccffa2.jpg,asset,.jpg,40150,no,yes,no,no,,,,,no,no,0,,no,0,,no,0,,,,not_needed,
notes/pics/80804f52-8815-4096-b506-48eef3eed5c6.png,asset,.png,5327,no,yes,no,no,,,,,no,no,0,,no,0,,no,0,,,,not_needed,
notes/pics/81538cd5-1bcf-4e31-86e5-e198df1e013b.jpg,asset,.jpg,32214,no,yes,no,no,,,,,no,no,0,,no,0,,no,0,,,,not_needed,
notes/pics/82cfda3b-b53b-4c89-9fdb-26dd2db0cd02.jpg,asset,.jpg,25349,no,yes,no,no,,,,,no,no,0,,no,0,,no,0,,,,not_needed,
notes/pics/83185315-793a-453a-a927-5e8d92b5c0ef.jpg,asset,.jpg,38683,no,yes,no,no,,,,,no,no,0,,no,0,,no,0,,,,not_needed,
notes/pics/83acbb02-872a-4178-b22a-c89c3cb60263.jpg,asset,.jpg,20411,no,yes,no,no,,,,,no,no,0,,no,0,,no,0,,,,not_needed,
notes/pics/83d466bd-946b-4430-854a-cf7b0696d4c8.jpg,asset,.jpg,20403,no,yes,no,no,,,,,no,no,0,,no,0,,no,0,,,,not_needed,
notes/pics/83d909d2-3858-4fe1-8ff4-16471db0b180.png,asset,.png,14780,no,yes,no,no,,,,,no,no,0,,no,0,,no,0,,,,not_needed,
notes/pics/8441b2c4-dca7-4d6b-8efb-f22efccaf331.png,asset,.png,35627,no,yes,no,no,,,,,no,no,0,,no,0,,no,0,,,,not_needed,
notes/pics/8442519f-0b4d-48f4-8229-56f984363c69.png,asset,.png,41630,no,yes,no,no,,,,,no,no,0,,no,0,,no,0,,,,not_needed,
notes/pics/84a5b15a-86c5-4d8e-9439-d9fd5a4699a1.jpg,asset,.jpg,19954,no,yes,no,no,,,,,no,no,0,,no,0,,no,0,,,,not_needed,
notes/pics/85c05fb1-5546-4c50-9221-21f231cdc8c5.jpg,asset,.jpg,111616,no,yes,no,no,,,,,no,no,0,,no,0,,no,0,,,,not_needed,
notes/pics/8668a3e1-c9c7-4fcb-98b2-a96a5d841579.png,asset,.png,31024,no,yes,no,no,,,,,no,no,0,,no,0,,no,0,,,,not_needed,
notes/pics/867e93eb-3161-4f39-b2d2-c0cd3788e194.png,asset,.png,11093,no,yes,no,no,,,,,no,no,0,,no,0,,no,0,,,,not_needed,
notes/pics/86e6a91d-a285-447a-9345-c5484b8d0c47.png,asset,.png,29149,no,yes,no,no,,,,,no,no,0,,no,0,,no,0,,,,not_needed,
notes/pics/874b3ff7-7c5c-4e7a-b8ab-a82a3e038d20.png,asset,.png,13467,no,yes,no,no,,,,,no,no,0,,no,0,,no,0,,,,not_needed,
notes/pics/879814ee-48b5-4bcb-86f5-dcc400cb81ad.png,asset,.png,5306,no,yes,no,no,,,,,no,no,0,,no,0,,no,0,,,,not_needed,
notes/pics/89292ae1-5f13-44dc-b508-3f035e80bf89.png,asset,.png,33680,no,yes,no,no,,,,,no,no,0,,no,0,,no,0,,,,not_needed,
notes/pics/8996a537-7c4a-4ec8-a3b7-7ef1798eae26.png,asset,.png,19528,no,yes,no,no,,,,,no,no,0,,no,0,,no,0,,,,not_needed,
notes/pics/8b798007-e0fb-420c-b981-ead215692417.jpg,asset,.jpg,8243,no,yes,no,no,,,,,no,no,0,,no,0,,no,0,,,,not_needed,
notes/pics/8b7ebbad-9604-4375-84e3-f412099d170c.png,asset,.png,18727,no,yes,no,no,,,,,no,no,0,,no,0,,no,0,,,,not_needed,
notes/pics/8c662999-c16c-481c-9f40-1fdba5bc9167.png,asset,.png,6144,no,yes,no,no,,,,,no,no,0,,no,0,,no,0,,,,not_needed,
notes/pics/8cb2be66-3d47-41ba-b55b-319fc68940d4.png,asset,.png,7791,no,yes,no,no,,,,,no,no,0,,no,0,,no,0,,,,not_needed,
notes/pics/8d779ab7-ffcc-47c6-90ec-ede8260b2368.png,asset,.png,66655,no,yes,no,no,,,,,no,no,0,,no,0,,no,0,,,,not_needed,
notes/pics/8edc5164-810b-4cc5-bda8-2a2c98556377.jpg,asset,.jpg,19431,no,yes,no,no,,,,,no,no,0,,no,0,,no,0,,,,not_needed,
notes/pics/8fdc577d-552d-4b43-b5e4-a8f98bc2cb51.png,asset,.png,34649,no,yes,no,no,,,,,no,no,0,,no,0,,no,0,,,,not_needed,
notes/pics/910f613f-514f-4534-87dd-9b4699d59d31.png,asset,.png,159530,no,yes,no,no,,,,,no,no,0,,no,0,,no,0,,,,not_needed,
notes/pics/9112288f-23f5-4e53-b222-a46fdbca1603.png,asset,.png,24612,no,yes,no,no,,,,,no,no,0,,no,0,,no,0,,,,not_needed,
notes/pics/914894c2-0bc4-46b5-bef9-0316a69ef521.jpg,asset,.jpg,11277,no,yes,no,no,,,,,no,no,0,,no,0,,no,0,,,,not_needed,
notes/pics/91550414131331.gif,asset,.gif,22808,no,yes,no,no,,,,,no,no,0,,no,0,,no,0,,,,not_needed,
notes/pics/924914c0-660c-4e4a-bbc0-1df1146e7516.jpg,asset,.jpg,254700,no,yes,no,no,,,,,no,no,0,,no,0,,no,0,,,,not_needed,
notes/pics/93fb1d38-83f9-464a-a733-67b2e6bfddda.png,asset,.png,34384,no,yes,no,no,,,,,no,no,0,,no,0,,no,0,,,,not_needed,
notes/pics/9420a703-1f9d-42ce-808e-bcb82b56483d.png,asset,.png,37838,no,yes,no,no,,,,,no,no,0,,no,0,,no,0,,,,not_needed,
notes/pics/942ca0d2-9d5c-45a4-89cb-5fd89b61913f.png,asset,.png,28807,no,yes,no,no,,,,,no,no,0,,no,0,,no,0,,,,not_needed,
notes/pics/942f33c9-8ad9-4987-836f-007de4c21de0.png,asset,.png,18886,no,yes,no,no,,,,,no,no,0,,no,0,,no,0,,,,not_needed,
notes/pics/94617147-0cbd-4a28-847d-81e52efb1b1e.png,asset,.png,16960,no,yes,no,no,,,,,no,no,0,,no,0,,no,0,,,,not_needed,
notes/pics/95080fae-de40-463d-a76e-783a0c677fec.gif,asset,.gif,15535,no,yes,no,no,,,,,no,no,0,,no,0,,no,0,,,,not_needed,
notes/pics/952e06bd-5a65-4cab-82e4-dd1536462f38.png,asset,.png,5557,no,yes,no,no,,,,,no,no,0,,no,0,,no,0,,,,not_needed,
notes/pics/95903878-725b-4ed9-bded-bc4aae0792a9.jpg,asset,.jpg,13022,no,yes,no,no,,,,,no,no,0,,no,0,,no,0,,,,not_needed,
notes/pics/9709694b-db05-4cce-8d2f-1c8b09f4d921.png,asset,.png,56567,no,yes,no,no,,,,,no,no,0,,no,0,,no,0,,,,not_needed,
notes/pics/9823768c-212b-4b1a-b69a-b3f59e07b977.jpg,asset,.jpg,12578,no,yes,no,no,,,,,no,no,0,,no,0,,no,0,,,,not_needed,
notes/pics/99b6060e-099d-4201-8e86-f8ab3768a7cf.png,asset,.png,8378,no,yes,no,no,,,,,no,no,0,,no,0,,no,0,,,,not_needed,
notes/pics/99d5e84e-fc2a-49a3-8259-8de274617756.gif,asset,.gif,8317,no,yes,no,no,,,,,no,no,0,,no,0,,no,0,,,,not_needed,
notes/pics/9a519773-84b2-4c81-81cf-4e7dd739a97a.png,asset,.png,24084,no,yes,no,no,,,,,no,no,0,,no,0,,no,0,,,,not_needed,
notes/pics/9ae89f16-7905-4a6f-88a2-874b4cac91f4.jpg,asset,.jpg,5829,no,yes,no,no,,,,,no,no,0,,no,0,,no,0,,,,not_needed,
notes/pics/9b679ff5-94c6-48a7-b9b7-2ea868e828ed.png,asset,.png,27004,no,yes,no,no,,,,,no,no,0,,no,0,,no,0,,,,not_needed,
notes/pics/9b838aee-0996-44a5-9b0f-3d1e3e2f5100.png,asset,.png,38187,no,yes,no,no,,,,,no,no,0,,no,0,,no,0,,,,not_needed,
notes/pics/9bbddeeb-e939-41f0-8e8e-2b1a0aa7e0a7.png,asset,.png,29012,no,yes,no,no,,,,,no,no,0,,no,0,,no,0,,,,not_needed,
notes/pics/9c422923-1447-4a3b-a4e1-97e663738187.jpg,asset,.jpg,37604,no,yes,no,no,,,,,no,no,0,,no,0,,no,0,,,,not_needed,
notes/pics/9cd0ae20-4fb5-4017-a000-f7d3a0eb3529.png,asset,.png,95232,no,yes,no,no,,,,,no,no,0,,no,0,,no,0,,,,not_needed,
notes/pics/9d1deeba-4ae1-41dc-98f4-47d85b9831bc.gif,asset,.gif,10251,no,yes,no,no,,,,,no,no,0,,no,0,,no,0,,,,not_needed,
notes/pics/9daa3616-00a4-48c4-9146-792dc8499be3.jpg,asset,.jpg,52316,no,yes,no,no,,,,,no,no,0,,no,0,,no,0,,,,not_needed,
notes/pics/9dae7475-934f-42e5-b3b3-12724337170a.png,asset,.png,15605,no,yes,no,no,,,,,no,no,0,,no,0,,no,0,,,,not_needed,
notes/pics/9ea86eb5-000a-4281-b948-7b567bd6f1d8.png,asset,.png,24694,no,yes,no,no,,,,,no,no,0,,no,0,,no,0,,,,not_needed,
notes/pics/BSD_disk.png,asset,.png,32942,no,yes,no,no,,,,,no,no,0,,no,0,,no,0,,,,not_needed,
notes/pics/GUID_Partition_Table_Scheme.svg.png,asset,.png,35534,no,yes,no,no,,,,,no,no,0,,no,0,,no,0,,,,not_needed,
notes/pics/HTTP1_x_Connections.png,asset,.png,129893,no,yes,no,no,,,,,no,no,0,,no,0,,no,0,,,,not_needed,
notes/pics/HTTP_RequestMessageExample.png,asset,.png,22586,no,yes,no,no,,,,,no,no,0,,no,0,,no,0,,,,not_needed,
notes/pics/HTTP_ResponseMessageExample.png,asset,.png,25653,no,yes,no,no,,,,,no,no,0,,no,0,,no,0,,,,not_needed,
notes/pics/How-HTTPS-Works.png,asset,.png,116034,no,yes,no,no,,,,,no,no,0,,no,0,,no,0,,,,not_needed,
notes/pics/PPjwP.png,asset,.png,370864,no,yes,no,no,,,,,no,no,0,,no,0,,no,0,,,,not_needed,
notes/pics/ProcessState.png,asset,.png,21504,no,yes,no,no,,,,,no,no,0,,no,0,,no,0,,,,not_needed,
notes/pics/_u4E0B_u8F7D.png,asset,.png,145319,no,yes,no,yes,_u4E0B_u8F7D.png,下载.png,_u4E0B_u8F7D.png,下载.png,yes,no,0,,no,0,,no,0,,Chinese filename; Chinese asset name,notes/pics/download.png,proposed,
notes/pics/_u4E8C_u53C9_u6811_u7684_u4E0B_.gif,asset,.gif,11264,no,yes,no,yes,_u4E8C_u53C9_u6811_u7684_u4E0B_.gif,二叉树的下_.gif,_u4E8C_u53C9_u6811_u7684_u4E0B_.gif,二叉树的下_.gif,yes,no,0,,no,0,,no,0,,Chinese filename; Chinese asset name,notes/pics/next-node-in-binary-tree.gif,proposed,Decoded asset name appears truncated; inferred from note title.
notes/pics/_u4E8C_u53C9_u6811_u7684_u4E0B_1548504426508.gif,asset,.gif,12288,no,yes,no,yes,_u4E8C_u53C9_u6811_u7684_u4E0B_1548504426508.gif,二叉树的下_1548504426508.gif,_u4E8C_u53C9_u6811_u7684_u4E0B_1548504426508.gif,二叉树的下_1548504426508.gif,yes,no,0,,no,0,,no,0,,Chinese filename; Chinese asset name,notes/pics/next-node-in-binary-tree-1548504426508.gif,proposed,Decoded asset name appears truncated; inferred from note title.
notes/pics/_u4E8C_u7EF4_u6570_u7EC4_u4E2D_.gif,asset,.gif,18432,no,yes,no,yes,_u4E8C_u7EF4_u6570_u7EC4_u4E2D_.gif,二维数组中_.gif,_u4E8C_u7EF4_u6570_u7EC4_u4E2D_.gif,二维数组中_.gif,yes,no,0,,no,0,,no,0,,Chinese filename; Chinese asset name,notes/pics/search-in-2d-array.gif,proposed,Decoded asset name appears truncated; inferred from note title.
notes/pics/_u4ECE_u5C3E_u5230_u5934_u6253_1548293972480.gif,asset,.gif,6144,no,yes,no,yes,_u4ECE_u5C3E_u5230_u5934_u6253_1548293972480.gif,从尾到头打_1548293972480.gif,_u4ECE_u5C3E_u5230_u5934_u6253_1548293972480.gif,从尾到头打_1548293972480.gif,yes,no,0,,no,0,,no,0,,Chinese filename; Chinese asset name,notes/pics/print-linked-list-from-tail-to-head-1548293972480.gif,proposed,Decoded asset name appears truncated; inferred from note title.
notes/pics/_u4ECE_u5C3E_u5230_u5934_u6253_1548295232667.gif,asset,.gif,16384,no,yes,no,yes,_u4ECE_u5C3E_u5230_u5934_u6253_1548295232667.gif,从尾到头打_1548295232667.gif,_u4ECE_u5C3E_u5230_u5934_u6253_1548295232667.gif,从尾到头打_1548295232667.gif,yes,no,0,,no,0,,no,0,,Chinese filename; Chinese asset name,notes/pics/print-linked-list-from-tail-to-head-1548295232667.gif,proposed,Decoded asset name appears truncated; inferred from note title.
notes/pics/_u4ECE_u5C3E_u5230_u5934_u6253_1548296249372.gif,asset,.gif,20480,no,yes,no,yes,_u4ECE_u5C3E_u5230_u5934_u6253_1548296249372.gif,从尾到头打_1548296249372.gif,_u4ECE_u5C3E_u5230_u5934_u6253_1548296249372.gif,从尾到头打_1548296249372.gif,yes,no,0,,no,0,,no,0,,Chinese filename; Chinese asset name,notes/pics/print-linked-list-from-tail-to-head-1548296249372.gif,proposed,Decoded asset name appears truncated; inferred from note title.
notes/pics/_u4ECE_u5C3E_u5230_u5934_u6253_1548503461113.gif,asset,.gif,15360,no,yes,no,yes,_u4ECE_u5C3E_u5230_u5934_u6253_1548503461113.gif,从尾到头打_1548503461113.gif,_u4ECE_u5C3E_u5230_u5934_u6253_1548503461113.gif,从尾到头打_1548503461113.gif,yes,no,0,,no,0,,no,0,,Chinese filename; Chinese asset name,notes/pics/print-linked-list-from-tail-to-head-1548503461113.gif,proposed,Decoded asset name appears truncated; inferred from note title.
notes/pics/_u6590_u6CE2_u90A3_u5951_u6570_u5217.gif,asset,.gif,12423,no,yes,no,yes,_u6590_u6CE2_u90A3_u5951_u6570_u5217.gif,斐波那契数列.gif,_u6590_u6CE2_u90A3_u5951_u6570_u5217.gif,斐波那契数列.gif,yes,no,0,,no,0,,no,0,,Chinese filename; Chinese asset name,notes/pics/fibonacci-sequence.gif,proposed,
notes/pics/_u66FF_u6362_u7A7A_u683C.gif,asset,.gif,11264,no,yes,no,yes,_u66FF_u6362_u7A7A_u683C.gif,替换空格.gif,_u66FF_u6362_u7A7A_u683C.gif,替换空格.gif,yes,no,0,,no,0,,no,0,,Chinese filename; Chinese asset name,notes/pics/replace-spaces.gif,proposed,
notes/pics/_u7528_u4E24_u4E2A_u6808_u5B9E_.gif,asset,.gif,20480,no,yes,no,yes,_u7528_u4E24_u4E2A_u6808_u5B9E_.gif,用两个栈实_.gif,_u7528_u4E24_u4E2A_u6808_u5B9E_.gif,用两个栈实_.gif,yes,no,0,,no,0,,no,0,,Chinese filename; Chinese asset name,notes/pics/queue-with-two-stacks.gif,proposed,Decoded asset name appears truncated; inferred from note title.
notes/pics/_u91CD_u5EFA_u4E8C_u53C9_u6811-1.gif,asset,.gif,6144,no,yes,no,yes,_u91CD_u5EFA_u4E8C_u53C9_u6811-1.gif,重建二叉树-1.gif,_u91CD_u5EFA_u4E8C_u53C9_u6811-1.gif,重建二叉树-1.gif,yes,no,0,,no,0,,no,0,,Chinese filename; Chinese asset name,notes/pics/reconstruct-binary-tree-1.gif,proposed,
notes/pics/_u91CD_u5EFA_u4E8C_u53C9_u6811-21548502782193.gif,asset,.gif,23552,no,yes,no,yes,_u91CD_u5EFA_u4E8C_u53C9_u6811-21548502782193.gif,重建二叉树-21548502782193.gif,_u91CD_u5EFA_u4E8C_u53C9_u6811-21548502782193.gif,重建二叉树-21548502782193.gif,yes,no,0,,no,0,,no,0,,Chinese filename; Chinese asset name,notes/pics/reconstruct-binary-tree-2-1548502782193.gif,proposed,Original suffix appears compressed; proposed suffix preserves likely sequence and timestamp.
notes/pics/a0ce43b7-afa8-4397-a96e-5c12a070f2ae.jpg,asset,.jpg,28495,no,yes,no,no,,,,,no,no,0,,no,0,,no,0,,,,not_needed,
notes/pics/a14268b3-b937-4ffa-a34a-4cc53071686b.jpg,asset,.jpg,35799,no,yes,no,no,,,,,no,no,0,,no,0,,no,0,,,,not_needed,
notes/pics/a1616dac-0e12-40b2-827d-9e3f7f0b940d.png,asset,.png,5683,no,yes,no,no,,,,,no,no,0,,no,0,,no,0,,,,not_needed,
notes/pics/a314bb79-5b18-4e63-a976-3448bffa6f1b.png,asset,.png,10564,no,yes,no,no,,,,,no,no,0,,no,0,,no,0,,,,not_needed,
notes/pics/a3253deb-8d21-40a1-aae4-7d178e4aa319.jpg,asset,.jpg,129448,no,yes,no,no,,,,,no,no,0,,no,0,,no,0,,,,not_needed,
notes/pics/a3e4dc62-0da5-4d22-94f2-140078281812.jpg,asset,.jpg,14852,no,yes,no,no,,,,,no,no,0,,no,0,,no,0,,,,not_needed,
notes/pics/a40661e4-1a71-46d2-a158-ff36f7fc3331.png,asset,.png,16935,no,yes,no,no,,,,,no,no,0,,no,0,,no,0,,,,not_needed,
notes/pics/a42ad3a7-3574-4c48-a783-ed3d08a0688a.jpg,asset,.jpg,53229,no,yes,no,no,,,,,no,no,0,,no,0,,no,0,,,,not_needed,
notes/pics/a4444545-0d68-4015-9a3d-19209dc436b3.png,asset,.png,37117,no,yes,no,no,,,,,no,no,0,,no,0,,no,0,,,,not_needed,
notes/pics/a4a0a6e6-386b-4bfa-b899-ec33d3310f3e.png,asset,.png,34950,no,yes,no,no,,,,,no,no,0,,no,0,,no,0,,,,not_needed,
notes/pics/a6ac2b08-3861-4e85-baa8-382287bfee9f.png,asset,.png,23552,no,yes,no,no,,,,,no,no,0,,no,0,,no,0,,,,not_needed,
notes/pics/a6c20f60-5eba-427d-9413-352ada4b40fe.png,asset,.png,15387,no,yes,no,no,,,,,no,no,0,,no,0,,no,0,,,,not_needed,
notes/pics/a7cb8423-895d-4975-8ef8-662a0029c772.png,asset,.png,13875,no,yes,no,no,,,,,no,no,0,,no,0,,no,0,,,,not_needed,
notes/pics/a8c8f894-a712-447c-9906-5caef6a016e3.png,asset,.png,38861,no,yes,no,no,,,,,no,no,0,,no,0,,no,0,,,,not_needed,
notes/pics/a9077f06-7584-4f2b-8c20-3a8e46928820.jpg,asset,.jpg,18432,no,yes,no,no,,,,,no,no,0,,no,0,,no,0,,,,not_needed,
notes/pics/a9f18f8a-c1ea-422e-aa56-d91716b0f755.jpg,asset,.jpg,8350,no,yes,no,no,,,,,no,no,0,,no,0,,no,0,,,,not_needed,
notes/pics/aa29cc88-7256-4399-8c7f-3cf4a6489559.png,asset,.png,118784,no,yes,no,no,,,,,no,no,0,,no,0,,no,0,,,,not_needed,
notes/pics/aaac1bbe-8e37-43d6-b645-cec16a092654_200.png,asset,.png,33658,no,yes,no,no,,,,,no,no,0,,no,0,,no,0,,,,not_needed,
notes/pics/abb3e0d1-c1bd-45d0-8190-73c74a9f6679.png,asset,.png,14663,no,yes,no,no,,,,,no,no,0,,no,0,,no,0,,,,not_needed,
notes/pics/ac6a794b-68c0-486c-902f-8d988eee5766.png,asset,.png,36239,no,yes,no,no,,,,,no,no,0,,no,0,,no,0,,,,not_needed,
notes/pics/ac929ea3-daca-40ec-9e95-4b2fa6678243.png,asset,.png,14270,no,yes,no,no,,,,,no,no,0,,no,0,,no,0,,,,not_needed,
notes/pics/ace20410-f053-4c4a-aca4-2c603ff11bbe.png,asset,.png,7132,no,yes,no,no,,,,,no,no,0,,no,0,,no,0,,,,not_needed,
notes/pics/ad5cc8fc-d59b-45ce-8899-63a18320d97e.gif,asset,.gif,33229,no,yes,no,no,,,,,no,no,0,,no,0,,no,0,,,,not_needed,
notes/pics/adfb427d-3b21-40d7-a142-757f4ed73079.png,asset,.png,57438,no,yes,no,no,,,,,no,no,0,,no,0,,no,0,,,,not_needed,
notes/pics/ae1b27b8-bc13-42e7-ac12-a2242e125499.png,asset,.png,16566,no,yes,no,no,,,,,no,no,0,,no,0,,no,0,,,,not_needed,
notes/pics/aefa8042-15fa-4e8b-9f50-20b282a2c624.png,asset,.png,16199,no,yes,no,no,,,,,no,no,0,,no,0,,no,0,,,,not_needed,
notes/pics/af0e94d9-502d-4531-938f-d46dd29de52d.png,asset,.png,35391,no,yes,no,no,,,,,no,no,0,,no,0,,no,0,,,,not_needed,
notes/pics/af198da1-2480-4043-b07f-a3b91a88b815.png,asset,.png,68932,no,yes,no,no,,,,,no,no,0,,no,0,,no,0,,,,not_needed,
notes/pics/af1d1166-63af-47b6-9aa3-2bf2bd37bd03.jpg,asset,.jpg,15482,no,yes,no,no,,,,,no,no,0,,no,0,,no,0,,,,not_needed,
notes/pics/b0611f89-1e5f-4494-a795-3544bf65042a.gif,asset,.gif,12325,no,yes,no,no,,,,,no,no,0,,no,0,,no,0,,,,not_needed,
notes/pics/b0f0107a-e35b-4ace-b25e-cacb22b1556035029196.gif,asset,.gif,37099,no,yes,no,no,,,,,no,no,0,,no,0,,no,0,,,,not_needed,
notes/pics/b0f61ac2-a4b6-4042-9cf0-ccf4238c1ff7.png,asset,.png,18052,no,yes,no,no,,,,,no,no,0,,no,0,,no,0,,,,not_needed,
notes/pics/b1df9732-86ce-4d69-9f06-fba1db7b3b5a.jpg,asset,.jpg,31750,no,yes,no,no,,,,,no,no,0,,no,0,,no,0,,,,not_needed,
notes/pics/b1fa0453-a4b0-4eae-a352-48acca8fff74.png,asset,.png,25600,no,yes,no,no,,,,,no,no,0,,no,0,,no,0,,,,not_needed,
notes/pics/b25e75a5-7aa4-42f8-b2f8-d5f81c4fb2fc.png,asset,.png,42205,no,yes,no,no,,,,,no,no,0,,no,0,,no,0,,,,not_needed,
notes/pics/b2b77b9e-958c-4016-8ae5-9c6edd83871e.png,asset,.png,13824,no,yes,no,no,,,,,no,no,0,,no,0,,no,0,,,,not_needed,
notes/pics/b396d726-b75f-4a32-89a2-03a7b6e19f6f.jpg,asset,.jpg,51200,no,yes,no,no,,,,,no,no,0,,no,0,,no,0,,,,not_needed,
notes/pics/b54eeb16-0b0e-484c-be62-306f57c40d77.jpg,asset,.jpg,31744,no,yes,no,no,,,,,no,no,0,,no,0,,no,0,,,,not_needed,
notes/pics/b5bdcbe2-b958-4aef-9151-6ad963cb28b4.png,asset,.png,5630,no,yes,no,no,,,,,no,no,0,,no,0,,no,0,,,,not_needed,
notes/pics/b5e9fa4d-78d3-4176-8273-756d970742c7.png,asset,.png,33049,no,yes,no,no,,,,,no,no,0,,no,0,,no,0,,,,not_needed,
notes/pics/b8081c84-62c4-4019-b3ee-4bd0e443d647.jpg,asset,.jpg,18023,no,yes,no,no,,,,,no,no,0,,no,0,,no,0,,,,not_needed,
notes/pics/b8922f8c-95e6-4187-be85-572a509afb71.png,asset,.png,31232,no,yes,no,no,,,,,no,no,0,,no,0,,no,0,,,,not_needed,
notes/pics/b8dd708d-f372-4b04-b828-1dd99021c244.png,asset,.png,16206,no,yes,no,no,,,,,no,no,0,,no,0,,no,0,,,,not_needed,
notes/pics/b903fda8-07d0-46a7-91a7-e803892895cf.gif,asset,.gif,13549,no,yes,no,no,,,,,no,no,0,,no,0,,no,0,,,,not_needed,
notes/pics/b988877c-0f0a-4593-916d-de2081320628.jpg,asset,.jpg,30474,no,yes,no,no,,,,,no,no,0,,no,0,,no,0,,,,not_needed,
notes/pics/b9d79a5a-e7af-499b-b989-f10483e71b8b.jpg,asset,.jpg,41984,no,yes,no,no,,,,,no,no,0,,no,0,,no,0,,,,not_needed,
notes/pics/ba078291-791e-4378-b6d1-ece76c2f0b14.png,asset,.png,23959,no,yes,no,no,,,,,no,no,0,,no,0,,no,0,,,,not_needed,
notes/pics/ba355101-4a93-4c71-94fb-1da83639727b.jpg,asset,.jpg,21179,no,yes,no,no,,,,,no,no,0,,no,0,,no,0,,,,not_needed,
notes/pics/baaa681f-7c52-4198-a5ae-303b9386cf47.png,asset,.png,27508,no,yes,no,no,,,,,no,no,0,,no,0,,no,0,,,,not_needed,
notes/pics/bb6a49be-00f2-4f27-a0ce-4ed764bc605c.png,asset,.png,41495,no,yes,no,no,,,,,no,no,0,,no,0,,no,0,,,,not_needed,
notes/pics/bb7fc182-98c2-4860-8ea3-630e27a5f29f.png,asset,.png,25748,no,yes,no,no,,,,,no,no,0,,no,0,,no,0,,,,not_needed,
notes/pics/bc6be2d0-ed5e-4def-89e5-3ada9afa811a.gif,asset,.gif,18120,no,yes,no,no,,,,,no,no,0,,no,0,,no,0,,,,not_needed,
notes/pics/be5c2c61-86d2-4dba-a289-b48ea23219de.jpg,asset,.jpg,35840,no,yes,no,no,,,,,no,no,0,,no,0,,no,0,,,,not_needed,
notes/pics/be608a77-7b7f-4f8e-87cc-f2237270bf69.png,asset,.png,154615,no,yes,no,no,,,,,no,no,0,,no,0,,no,0,,,,not_needed,
notes/pics/beba612e-dc5b-4fc2-869d-0b23408ac90a.png,asset,.png,24998,no,yes,no,no,,,,,no,no,0,,no,0,,no,0,,,,not_needed,
notes/pics/bf16c541-0717-473b-b75d-4115864f4fbf.jpg,asset,.jpg,34664,no,yes,no,no,,,,,no,no,0,,no,0,,no,0,,,,not_needed,
notes/pics/bf667594-bb4b-4634-bf9b-0596a45415ba.jpg,asset,.jpg,26723,no,yes,no,no,,,,,no,no,0,,no,0,,no,0,,,,not_needed,
notes/pics/bfea8772-d01b-4a51-8adc-edfd7d3dce84.jpg,asset,.jpg,51504,no,yes,no,no,,,,,no,no,0,,no,0,,no,0,,,,not_needed,
notes/pics/c037c901-7eae-4e31-a1e4-9d41329e5c3e.png,asset,.png,22528,no,yes,no,no,,,,,no,no,0,,no,0,,no,0,,,,not_needed,
notes/pics/c0874e0a-dba3-467e-9c86-dd9313e0843e.jpg,asset,.jpg,19663,no,yes,no,no,,,,,no,no,0,,no,0,,no,0,,,,not_needed,
notes/pics/c094d2bc-ec75-444b-af77-d369dfb6b3b4.png,asset,.png,12352,no,yes,no,no,,,,,no,no,0,,no,0,,no,0,,,,not_needed,
notes/pics/c0a9fa91-da2e-4892-8c9f-80206a6f7047.png,asset,.png,28237,no,yes,no,no,,,,,no,no,0,,no,0,,no,0,,,,not_needed,
notes/pics/c11528f6-fc71-4a2b-8d2f-51b8954c38f1.jpg,asset,.jpg,8693,no,yes,no,no,,,,,no,no,0,,no,0,,no,0,,,,not_needed,
notes/pics/c13e2a3d-b01c-4a08-a69b-db2c4e821e09.png,asset,.png,28739,no,yes,no,no,,,,,no,no,0,,no,0,,no,0,,,,not_needed,
notes/pics/c269e362-1128-4212-9cf3-d4c12b363b2f.gif,asset,.gif,41439,no,yes,no,no,,,,,no,no,0,,no,0,,no,0,,,,not_needed,
notes/pics/c2ca8dd2-8d00-4a3e-bece-db7849ac9cfd.gif,asset,.gif,20535,no,yes,no,no,,,,,no,no,0,,no,0,,no,0,,,,not_needed,
notes/pics/c2cbf5d2-82af-4c78-bd43-495da5adf55f.png,asset,.png,13665,no,yes,no,no,,,,,no,no,0,,no,0,,no,0,,,,not_needed,
notes/pics/c2d343f7-604c-4856-9a3c-c71d6f67fecc.png,asset,.png,32587,no,yes,no,no,,,,,no,no,0,,no,0,,no,0,,,,not_needed,
notes/pics/c3369072-c740-43b0-b276-202bd1d3960d.jpg,asset,.jpg,68608,no,yes,no,no,,,,,no,no,0,,no,0,,no,0,,,,not_needed,
notes/pics/c34f4503-f62c-4043-9dc6-3e03288657df.jpg,asset,.jpg,111187,no,yes,no,no,,,,,no,no,0,,no,0,,no,0,,,,not_needed,
notes/pics/c395a428-827c-405b-abd7-8a069316f583.jpg,asset,.jpg,10980,no,yes,no,no,,,,,no,no,0,,no,0,,no,0,,,,not_needed,
notes/pics/c3c1c0e8-3a78-4426-961f-b46dd0879dd8.png,asset,.png,18908,no,yes,no,no,,,,,no,no,0,,no,0,,no,0,,,,not_needed,
notes/pics/c44a0342-f405-4f17-b750-e27cf4aadde2.png,asset,.png,30888,no,yes,no,no,,,,,no,no,0,,no,0,,no,0,,,,not_needed,
notes/pics/c4859290-e27d-4f12-becf-e2a5c1f3a275.gif,asset,.gif,20782,no,yes,no,no,,,,,no,no,0,,no,0,,no,0,,,,not_needed,
notes/pics/c5085437-54df-4304-b62d-44b961711ba7.png,asset,.png,17950,no,yes,no,no,,,,,no,no,0,,no,0,,no,0,,,,not_needed,
notes/pics/c625baa0-dde6-449e-93df-c3a67f2f430f.jpg,asset,.jpg,33354,no,yes,no,no,,,,,no,no,0,,no,0,,no,0,,,,not_needed,
notes/pics/c79da808-0f28-4a36-bc04-33ccc5b83c13.png,asset,.png,11489,no,yes,no,no,,,,,no,no,0,,no,0,,no,0,,,,not_needed,
notes/pics/c8563120-cb00-4dd6-9213-9d9b337a7f7c.png,asset,.png,14062,no,yes,no,no,,,,,no,no,0,,no,0,,no,0,,,,not_needed,
notes/pics/c9714e03-eb43-48e8-b1b0-1fb620a036c8.gif,asset,.gif,21852,no,yes,no,no,,,,,no,no,0,,no,0,,no,0,,,,not_needed,
notes/pics/c9cfd600-bc91-4f3a-9f99-b42f88a5bb24.jpg,asset,.jpg,103887,no,yes,no,no,,,,,no,no,0,,no,0,,no,0,,,,not_needed,
notes/pics/ca9f23bf-55a4-47b2-9534-a28e35397988.png,asset,.png,24909,no,yes,no,no,,,,,no,no,0,,no,0,,no,0,,,,not_needed,
notes/pics/cafbfeb8-7dfe-4c0a-a3c9-750eeb824068.png,asset,.png,35126,no,yes,no,no,,,,,no,no,0,,no,0,,no,0,,,,not_needed,
notes/pics/cbbfe06c-f0cb-47c4-bf7b-2780aebd98b2.png,asset,.png,8634,no,yes,no,no,,,,,no,no,0,,no,0,,no,0,,,,not_needed,
notes/pics/cbf50eb8-22b4-4528-a2e7-d187143d57f7.png,asset,.png,184320,no,yes,no,no,,,,,no,no,0,,no,0,,no,0,,,,not_needed,
notes/pics/ccd773a5-ad38-4022-895c-7ac318f31437.png,asset,.png,12644,no,yes,no,no,,,,,no,no,0,,no,0,,no,0,,,,not_needed,
notes/pics/cd1be8c2-755a-4a66-ad92-2e30f8f47922.png,asset,.png,33117,no,yes,no,no,,,,,no,no,0,,no,0,,no,0,,,,not_needed,
notes/pics/cd411a94-3786-4c94-9e08-f28320e010d5.png,asset,.png,20419,no,yes,no,no,,,,,no,no,0,,no,0,,no,0,,,,not_needed,
notes/pics/cd5fbcff-3f35-43a6-8ffa-082a93ce0f0e.png,asset,.png,31455,no,yes,no,no,,,,,no,no,0,,no,0,,no,0,,,,not_needed,
notes/pics/cf4386a1-58c9-4eca-a17f-e12b1e9770eb.png,asset,.png,74752,no,yes,no,no,,,,,no,no,0,,no,0,,no,0,,,,not_needed,
notes/pics/d02f74dd-8e33-4f3c-bf29-53203a06695a.png,asset,.png,10055,no,yes,no,no,,,,,no,no,0,,no,0,,no,0,,,,not_needed,
notes/pics/d03a2efa-ef19-4c96-97e8-ff61df8061d3.png,asset,.png,7109,no,yes,no,no,,,,,no,no,0,,no,0,,no,0,,,,not_needed,
notes/pics/d0afdd23-c9a5-4d1c-9b3d-404bff3bd0d1.png,asset,.png,11601,no,yes,no,no,,,,,no,no,0,,no,0,,no,0,,,,not_needed,
notes/pics/d156bcda-ac8d-4324-95e0-0c8df41567c9.gif,asset,.gif,45364,no,yes,no,no,,,,,no,no,0,,no,0,,no,0,,,,not_needed,
notes/pics/d160ec2e-cfe2-4640-bda7-62f53e58b8c0.png,asset,.png,23552,no,yes,no,no,,,,,no,no,0,,no,0,,no,0,,,,not_needed,
notes/pics/d1ed87eb-da5a-4728-b0dc-e3705aa028ea.gif,asset,.gif,12520,no,yes,no,no,,,,,no,no,0,,no,0,,no,0,,,,not_needed,
notes/pics/d27c99f0-7881-4f2d-9675-c75cbdee3acd.jpg,asset,.jpg,20386,no,yes,no,no,,,,,no,no,0,,no,0,,no,0,,,,not_needed,
notes/pics/d2ae9932-e2b1-4191-8ee9-e573f36d3895.png,asset,.png,35707,no,yes,no,no,,,,,no,no,0,,no,0,,no,0,,,,not_needed,
notes/pics/d2c072cc-8b17-480c-813e-18cdb3b4b51f.jpg,asset,.jpg,45074,no,yes,no,no,,,,,no,no,0,,no,0,,no,0,,,,not_needed,
notes/pics/d4c3a4a1-0846-46ec-9cc3-eaddfca71254.jpg,asset,.jpg,174445,no,yes,no,no,,,,,no,no,0,,no,0,,no,0,,,,not_needed,
notes/pics/d52270b4-9097-4667-9f18-f405fc661c99.png,asset,.png,18574,no,yes,no,no,,,,,no,no,0,,no,0,,no,0,,,,not_needed,
notes/pics/d5e838cf-d8a2-49af-90df-1b2a714ee676.jpg,asset,.jpg,18390,no,yes,no,no,,,,,no,no,0,,no,0,,no,0,,,,not_needed,
notes/pics/d85870db-f28c-48c3-9d24-85a36fda5e51.png,asset,.png,7465,no,yes,no,no,,,,,no,no,0,,no,0,,no,0,,,,not_needed,
notes/pics/da1f96b9-fd4d-44ca-8925-fb14c5733388.png,asset,.png,6832,no,yes,no,no,,,,,no,no,0,,no,0,,no,0,,,,not_needed,
notes/pics/db5e376d-0b3e-490e-a43a-3231914b6668.png,asset,.png,30166,no,yes,no,no,,,,,no,no,0,,no,0,,no,0,,,,not_needed,
notes/pics/db5f30a7-8bfa-4ecc-ab5d-747c77818964.gif,asset,.gif,19269,no,yes,no,no,,,,,no,no,0,,no,0,,no,0,,,,not_needed,
notes/pics/db808eff-31d7-4229-a4ad-b8ae71870a3a.png,asset,.png,38954,no,yes,no,no,,,,,no,no,0,,no,0,,no,0,,,,not_needed,
notes/pics/db85a909-5e11-48b2-85d2-f003e7bb35c0.png,asset,.png,2660,no,yes,no,no,,,,,no,no,0,,no,0,,no,0,,,,not_needed,
notes/pics/dc00f70e-c5c8-4d20-baf1-2d70014a97e3.jpg,asset,.jpg,19511,no,yes,no,no,,,,,no,no,0,,no,0,,no,0,,,,not_needed,
notes/pics/dc82f0f3-c1d4-4ac8-90ac-d5b32a9bd75a.jpg,asset,.jpg,11679,no,yes,no,no,,,,,no,no,0,,no,0,,no,0,,,,not_needed,
notes/pics/dc964b86-7a08-4bde-a3d9-e6ddceb29f98.png,asset,.png,11864,no,yes,no,no,,,,,no,no,0,,no,0,,no,0,,,,not_needed,
notes/pics/dcdbb96c-9077-4121-aeb8-743e54ac02a4.png,asset,.png,6138,no,yes,no,no,,,,,no,no,0,,no,0,,no,0,,,,not_needed,
notes/pics/dceea2c3-78ba-4bc5-9836-9dd5df2381a2.gif,asset,.gif,8435,no,yes,no,no,,,,,no,no,0,,no,0,,no,0,,,,not_needed,
notes/pics/dd3b289c-d90e-44a6-a44c-4880517eb1de.png,asset,.png,14994,no,yes,no,no,,,,,no,no,0,,no,0,,no,0,,,,not_needed,
notes/pics/dd563037-fcaa-4bd8-83b6-b39d93a12c77.jpg,asset,.jpg,25743,no,yes,no,no,,,,,no,no,0,,no,0,,no,0,,,,not_needed,
notes/pics/de9b9ea0-1327-4865-93e5-6f805c48bc9e.png,asset,.png,16930,no,yes,no,no,,,,,no,no,0,,no,0,,no,0,,,,not_needed,
notes/pics/dfd5d3f8-673c-486b-8ecf-d2082107b67b.png,asset,.png,24401,no,yes,no,no,,,,,no,no,0,,no,0,,no,0,,,,not_needed,
notes/pics/docker-filesystems-busyboxrw.png,asset,.png,31855,no,yes,no,no,,,,,no,no,0,,no,0,,no,0,,,,not_needed,
notes/pics/e0870f80-b79e-4542-ae39-7420d4b0d8fe.png,asset,.png,42110,no,yes,no,no,,,,,no,no,0,,no,0,,no,0,,,,not_needed,
notes/pics/e0900bb2-220a-43b7-9aa9-1d5cd55ff56e.png,asset,.png,20480,no,yes,no,no,,,,,no,no,0,,no,0,,no,0,,,,not_needed,
notes/pics/e130e5b8-b19a-4f1e-b860-223040525cf6.jpg,asset,.jpg,34174,no,yes,no,no,,,,,no,no,0,,no,0,,no,0,,,,not_needed,
notes/pics/e151b5df-5390-4365-b66e-b130cd253c12.png,asset,.png,26353,no,yes,no,no,,,,,no,no,0,,no,0,,no,0,,,,not_needed,
notes/pics/e1ab9f28-cb15-4178-84b2-98aad87f9bc8.jpg,asset,.jpg,18456,no,yes,no,no,,,,,no,no,0,,no,0,,no,0,,,,not_needed,
notes/pics/e1eda3d5-5ec8-4708-8e25-1a04c5e11f48.png,asset,.png,18432,no,yes,no,no,,,,,no,no,0,,no,0,,no,0,,,,not_needed,
notes/pics/e2190c36-8b27-4690-bde5-9911020a1294.png,asset,.png,58569,no,yes,no,no,,,,,no,no,0,,no,0,,no,0,,,,not_needed,
notes/pics/e3124763-f75e-46c3-ba82-341e6c98d862.jpg,asset,.jpg,172032,no,yes,no,no,,,,,no,no,0,,no,0,,no,0,,,,not_needed,
notes/pics/e325a903-f0b1-4fbd-82bf-88913dc2f290.png,asset,.png,2740,no,yes,no,no,,,,,no,no,0,,no,0,,no,0,,,,not_needed,
notes/pics/e3f1657c-80fc-4dfa-9643-bf51abd201c6.png,asset,.png,47949,no,yes,no,no,,,,,no,no,0,,no,0,,no,0,,,,not_needed,
notes/pics/e41405a8-7c05-4f70-8092-e961e28d3112.jpg,asset,.jpg,14253,no,yes,no,no,,,,,no,no,0,,no,0,,no,0,,,,not_needed,
notes/pics/e42f188f-f4a9-4e6f-88fc-45f4682072fb.png,asset,.png,14027,no,yes,no,no,,,,,no,no,0,,no,0,,no,0,,,,not_needed,
notes/pics/e69537d2-a016-4676-b169-9ea17eeb9037.gif,asset,.gif,80282,no,yes,no,no,,,,,no,no,0,,no,0,,no,0,,,,not_needed,
notes/pics/e6bded8e-41a0-489a-88a6-638e88ab7666.jpg,asset,.jpg,83094,no,yes,no,no,,,,,no,no,0,,no,0,,no,0,,,,not_needed,
notes/pics/e738a3d2-f42e-4755-ae13-ca23497e7a97.png,asset,.png,15316,no,yes,no,no,,,,,no,no,0,,no,0,,no,0,,,,not_needed,
notes/pics/e92d0ebc-7d46-413b-aec1-34a39602f787.png,asset,.png,221532,no,yes,no,no,,,,,no,no,0,,no,0,,no,0,,,,not_needed,
notes/pics/e98deb5a-d5d4-4294-aa9b-9220d4483403.jpg,asset,.jpg,52725,no,yes,no,no,,,,,no,no,0,,no,0,,no,0,,,,not_needed,
notes/pics/e98e9d20-206b-4533-bacf-3448d0096f38.png,asset,.png,62394,no,yes,no,no,,,,,no,no,0,,no,0,,no,0,,,,not_needed,
notes/pics/eaa506b6-0747-4bee-81f8-3cda795d8154.png,asset,.png,8387,no,yes,no,no,,,,,no,no,0,,no,0,,no,0,,,,not_needed,
notes/pics/eb859228-c0f2-4bce-910d-d9f76929352b.png,asset,.png,14336,no,yes,no,no,,,,,no,no,0,,no,0,,no,0,,,,not_needed,
notes/pics/ec4d7464-7140-46d8-827e-d63634202e1e.png,asset,.png,13406,no,yes,no,no,,,,,no,no,0,,no,0,,no,0,,,,not_needed,
notes/pics/ec840967-d127-4da3-b6bb-186996c56746.png,asset,.png,9782,no,yes,no,no,,,,,no,no,0,,no,0,,no,0,,,,not_needed,
notes/pics/ec923dc7-864c-47b0-a411-1f2c48d084de.png,asset,.png,27584,no,yes,no,no,,,,,no,no,0,,no,0,,no,0,,,,not_needed,
notes/pics/eca1f422-8381-409b-ad04-98ef39ae38ba.png,asset,.png,14478,no,yes,no,no,,,,,no,no,0,,no,0,,no,0,,,,not_needed,
notes/pics/ecd89a22-c075-4716-8423-e0ba89230e9a.jpg,asset,.jpg,10067,no,yes,no,no,,,,,no,no,0,,no,0,,no,0,,,,not_needed,
notes/pics/ecf8ad5d-5403-48b9-b6e7-f2e20ff1552090620367.png,asset,.png,21504,no,yes,no,no,,,,,no,no,0,,no,0,,no,0,,,,not_needed,
notes/pics/ecf8ad5d-5403-48b9-b6e7-f2e20ffe8fca.png,asset,.png,21504,no,yes,no,no,,,,,no,no,0,,no,0,,no,0,,,,not_needed,
notes/pics/ed523051-608f-4c3f-b343-383e2d194470.png,asset,.png,23552,no,yes,no,no,,,,,no,no,0,,no,0,,no,0,,,,not_needed,
notes/pics/ed5522bb-3a60-481c-8654-43e7195a48fe.png,asset,.png,22528,no,yes,no,no,,,,,no,no,0,,no,0,,no,0,,,,not_needed,
notes/pics/ed77b0e6-38d9-4a34-844f-724f3ffa2c12.jpg,asset,.jpg,13934,no,yes,no,no,,,,,no,no,0,,no,0,,no,0,,,,not_needed,
notes/pics/ee994da4-0fc7-443d-ac56-c08caf00a204.jpg,asset,.jpg,6940,no,yes,no,no,,,,,no,no,0,,no,0,,no,0,,,,not_needed,
notes/pics/ef25ff7c-0f63-420d-8b30-eafbeea35d11.gif,asset,.gif,32044,no,yes,no,no,,,,,no,no,0,,no,0,,no,0,,,,not_needed,
notes/pics/ef552ae3-ae0d-4217-88e6-99cbe8163f0c.jpg,asset,.jpg,15473,no,yes,no,no,,,,,no,no,0,,no,0,,no,0,,,,not_needed,
notes/pics/f0574025-c514-49f5-a591-6d6a71f271f7.jpg,asset,.jpg,23034,no,yes,no,no,,,,,no,no,0,,no,0,,no,0,,,,not_needed,
notes/pics/f1912ba6-6402-4321-9aa8-13d32fd121d1.jpg,asset,.jpg,26409,no,yes,no,no,,,,,no,no,0,,no,0,,no,0,,,,not_needed,
notes/pics/f3131e98-8d20-4ff9-b14b-d6803691555844133783.png,asset,.png,7788,no,yes,no,no,,,,,no,no,0,,no,0,,no,0,,,,not_needed,
notes/pics/f48883c8-9d8a-494e-99a4-317d8ddb8552.png,asset,.png,12292,no,yes,no,no,,,,,no,no,0,,no,0,,no,0,,,,not_needed,
notes/pics/f4d0afd0-8e78-4914-9e60-4366eaf065b5.png,asset,.png,41400,no,yes,no,no,,,,,no,no,0,,no,0,,no,0,,,,not_needed,
notes/pics/f4d534ab-0092-4a81-9e5b-ae889b9a72be.jpg,asset,.jpg,29063,no,yes,no,no,,,,,no,no,0,,no,0,,no,0,,,,not_needed,
notes/pics/f5792051-d9b2-4ca4-a234-a4a2de3d5a57.png,asset,.png,9348,no,yes,no,no,,,,,no,no,0,,no,0,,no,0,,,,not_needed,
notes/pics/f579cab0-3d49-4d00-8e14-e9e1669d0f9f.png,asset,.png,10077,no,yes,no,no,,,,,no,no,0,,no,0,,no,0,,,,not_needed,
notes/pics/f5cb6028-425d-4939-91eb-cca9dd6b6c6c.jpg,asset,.jpg,7938,no,yes,no,no,,,,,no,no,0,,no,0,,no,0,,,,not_needed,
notes/pics/f61b5419-c94a-4df1-8d4d-aed9ae8cc6d5.png,asset,.png,108973,no,yes,no,no,,,,,no,no,0,,no,0,,no,0,,,,not_needed,
notes/pics/f6e146f1-57ad-411b-beb3-770a142164ef.png,asset,.png,4626,no,yes,no,no,,,,,no,no,0,,no,0,,no,0,,,,not_needed,
notes/pics/f71af66b-0d54-4399-a44b-f47b58321984.png,asset,.png,19065,no,yes,no,no,,,,,no,no,0,,no,0,,no,0,,,,not_needed,
notes/pics/f74144be-857a-40cd-8ec7-87626ef4e20b.png,asset,.png,44746,no,yes,no,no,,,,,no,no,0,,no,0,,no,0,,,,not_needed,
notes/pics/f7c1fea2-c1e7-4d31-94b5-0d9df85e093c-1572687601927.gif,asset,.gif,21929,no,yes,no,no,,,,,no,no,0,,no,0,,no,0,,,,not_needed,
notes/pics/f7c1fea2-c1e7-4d31-94b5-0d9df85e093c.gif,asset,.gif,21929,no,yes,no,no,,,,,no,no,0,,no,0,,no,0,,,,not_needed,
notes/pics/f7d170a3-e446-4a64-ac2d-cb95028f81a8.png,asset,.png,21066,no,yes,no,no,,,,,no,no,0,,no,0,,no,0,,,,not_needed,
notes/pics/f87afe72-c2df-4c12-ac03-9b8d581a8af8.jpg,asset,.jpg,121220,no,yes,no,no,,,,,no,no,0,,no,0,,no,0,,,,not_needed,
notes/pics/f8b3f73d-0fda-449f-b55b-fa36b7ac04cd.png,asset,.png,16076,no,yes,no,no,,,,,no,no,0,,no,0,,no,0,,,,not_needed,
notes/pics/f900f266-a323-42b2-bc43-218fdb8811a8.jpg,asset,.jpg,28977,no,yes,no,no,,,,,no,no,0,,no,0,,no,0,,,,not_needed,
notes/pics/f9240aa1-8d48-4959-b28a-7ca45c3e4d91.png,asset,.png,10280,no,yes,no,no,,,,,no,no,0,,no,0,,no,0,,,,not_needed,
notes/pics/f9978fa6-9f49-4a0f-8540-02d269ac448f.png,asset,.png,66402,no,yes,no,no,,,,,no,no,0,,no,0,,no,0,,,,not_needed,
notes/pics/f99ee771-c56f-47fb-9148-c0036695b5fe.jpg,asset,.jpg,37094,no,yes,no,no,,,,,no,no,0,,no,0,,no,0,,,,not_needed,
notes/pics/f9f2a16b-4843-44d1-9759-c745772e9bcf.jpg,asset,.jpg,13460,no,yes,no,no,,,,,no,no,0,,no,0,,no,0,,,,not_needed,
notes/pics/fb327611-7e2b-4f2f-9f5b-38592d408f07.png,asset,.png,33792,no,yes,no,no,,,,,no,no,0,,no,0,,no,0,,,,not_needed,
notes/pics/fb3b8f7a-4293-4a38-aae1-62284db979a3.png,asset,.png,6217,no,yes,no,no,,,,,no,no,0,,no,0,,no,0,,,,not_needed,
notes/pics/fb44307f-8e98-4ff7-a918-31dacfa564b4.jpg,asset,.jpg,50647,no,yes,no,no,,,,,no,no,0,,no,0,,no,0,,,,not_needed,
notes/pics/fcc941ec-134b-4dcd-bc86-1702fd305300.gif,asset,.gif,10733,no,yes,no,no,,,,,no,no,0,,no,0,,no,0,,,,not_needed,
notes/pics/fdc45a09-f838-4348-8959-d2c793727788.png,asset,.png,60903,no,yes,no,no,,,,,no,no,0,,no,0,,no,0,,,,not_needed,
notes/pics/fec3ba89-115a-4cf9-b165-756757644641.png,asset,.png,1194,no,yes,no,no,,,,,no,no,0,,no,0,,no,0,,,,not_needed,
notes/pics/ff5152fc-4ff3-44c4-95d6-1061002c364a.png,asset,.png,22811,no,yes,no,no,,,,,no,no,0,,no,0,,no,0,,,,not_needed,
notes/pics/ffd96b99-8009-487c-8e98-11c9d44ef14f.png,asset,.png,24454,no,yes,no,no,,,,,no,no,0,,no,0,,no,0,,,,not_needed,
notes/pics/flow.png,asset,.png,16556,no,yes,no,no,,,,,no,no,0,,no,0,,no,0,,,,not_needed,
notes/pics/image-20191102011523992.png,asset,.png,6836,no,yes,no,no,,,,,no,no,0,,no,0,,no,0,,,,not_needed,
notes/pics/image-20191102011531465.png,asset,.png,3136,no,yes,no,no,,,,,no,no,0,,no,0,,no,0,,,,not_needed,
notes/pics/image-20191102210342488.png,asset,.png,44851,no,yes,no,no,,,,,no,no,0,,no,0,,no,0,,,,not_needed,
notes/pics/image-20191130164420139.png,asset,.png,49972,no,yes,no,no,,,,,no,no,0,,no,0,,no,0,,,,not_needed,
notes/pics/image-20191130164425351.png,asset,.png,49972,no,yes,no,no,,,,,no,no,0,,no,0,,no,0,,,,not_needed,
notes/pics/image-20191207165524880.png,asset,.png,48256,no,yes,no,no,,,,,no,no,0,,no,0,,no,0,,,,not_needed,
notes/pics/image-20191207170731112.png,asset,.png,49208,no,yes,no,no,,,,,no,no,0,,no,0,,no,0,,,,not_needed,
notes/pics/image-20191207171141210.png,asset,.png,51310,no,yes,no,no,,,,,no,no,0,,no,0,,no,0,,,,not_needed,
notes/pics/image-20191207171449820.png,asset,.png,48977,no,yes,no,no,,,,,no,no,0,,no,0,,no,0,,,,not_needed,
notes/pics/image-20191207171510150.png,asset,.png,48977,no,yes,no,no,,,,,no,no,0,,no,0,,no,0,,,,not_needed,
notes/pics/image-20191207171512045.png,asset,.png,48977,no,yes,no,no,,,,,no,no,0,,no,0,,no,0,,,,not_needed,
notes/pics/image-20191207171554083.png,asset,.png,48985,no,yes,no,no,,,,,no,no,0,,no,0,,no,0,,,,not_needed,
notes/pics/image-20191207171734324.png,asset,.png,51642,no,yes,no,no,,,,,no,no,0,,no,0,,no,0,,,,not_needed,
notes/pics/image-20191207173012642.png,asset,.png,51088,no,yes,no,no,,,,,no,no,0,,no,0,,no,0,,,,not_needed,
notes/pics/image-20191207174600729.png,asset,.png,49455,no,yes,no,no,,,,,no,no,0,,no,0,,no,0,,,,not_needed,
notes/pics/image-20191207175048914.png,asset,.png,49713,no,yes,no,no,,,,,no,no,0,,no,0,,no,0,,,,not_needed,
notes/pics/image-20191207175109320.png,asset,.png,50532,no,yes,no,no,,,,,no,no,0,,no,0,,no,0,,,,not_needed,
notes/pics/image-20191207180652772.png,asset,.png,48300,no,yes,no,no,,,,,no,no,0,,no,0,,no,0,,,,not_needed,
notes/pics/image-20191207180710529.png,asset,.png,48300,no,yes,no,no,,,,,no,no,0,,no,0,,no,0,,,,not_needed,
notes/pics/image-20191207205105044.png,asset,.png,48477,no,yes,no,no,,,,,no,no,0,,no,0,,no,0,,,,not_needed,
notes/pics/image-20191207205339747.png,asset,.png,54960,no,yes,no,no,,,,,no,no,0,,no,0,,no,0,,,,not_needed,
notes/pics/image-20191207205737391.png,asset,.png,45390,no,yes,no,no,,,,,no,no,0,,no,0,,no,0,,,,not_needed,
notes/pics/image-20191207205825456.png,asset,.png,47248,no,yes,no,no,,,,,no,no,0,,no,0,,no,0,,,,not_needed,
notes/pics/image-20191207210118304.png,asset,.png,48576,no,yes,no,no,,,,,no,no,0,,no,0,,no,0,,,,not_needed,
notes/pics/image-20191207210437023.png,asset,.png,48569,no,yes,no,no,,,,,no,no,0,,no,0,,no,0,,,,not_needed,
notes/pics/image-20191207210802815.png,asset,.png,47616,no,yes,no,no,,,,,no,no,0,,no,0,,no,0,,,,not_needed,
notes/pics/image-20191207211851299.png,asset,.png,47217,no,yes,no,no,,,,,no,no,0,,no,0,,no,0,,,,not_needed,
notes/pics/image-20191207213523777.png,asset,.png,26254,no,yes,no,no,,,,,no,no,0,,no,0,,no,0,,,,not_needed,
notes/pics/image-20191207214442687.png,asset,.png,36063,no,yes,no,no,,,,,no,no,0,,no,0,,no,0,,,,not_needed,
notes/pics/image-20191207220440451.png,asset,.png,58315,no,yes,no,no,,,,,no,no,0,,no,0,,no,0,,,,not_needed,
notes/pics/image-20191207220831843.png,asset,.png,59686,no,yes,no,no,,,,,no,no,0,,no,0,,no,0,,,,not_needed,
notes/pics/image-20191207221128997.png,asset,.png,58904,no,yes,no,no,,,,,no,no,0,,no,0,,no,0,,,,not_needed,
notes/pics/image-20191207221313819.png,asset,.png,59367,no,yes,no,no,,,,,no,no,0,,no,0,,no,0,,,,not_needed,
notes/pics/image-20191207221744244.png,asset,.png,35113,no,yes,no,no,,,,,no,no,0,,no,0,,no,0,,,,not_needed,
notes/pics/image-20191207221920368.png,asset,.png,42498,no,yes,no,no,,,,,no,no,0,,no,0,,no,0,,,,not_needed,
notes/pics/image-20191207222102010.png,asset,.png,37517,no,yes,no,no,,,,,no,no,0,,no,0,,no,0,,,,not_needed,
notes/pics/image-20191207222134306.png,asset,.png,45923,no,yes,no,no,,,,,no,no,0,,no,0,,no,0,,,,not_needed,
notes/pics/image-20191207222237925.png,asset,.png,46837,no,yes,no,no,,,,,no,no,0,,no,0,,no,0,,,,not_needed,
notes/pics/image-20191207223334985.png,asset,.png,57939,no,yes,no,no,,,,,no,no,0,,no,0,,no,0,,,,not_needed,
notes/pics/image-20191207223400787.png,asset,.png,58453,no,yes,no,no,,,,,no,no,0,,no,0,,no,0,,,,not_needed,
notes/pics/image-20191208012527591.png,asset,.png,31299,no,yes,no,no,,,,,no,no,0,,no,0,,no,0,,,,not_needed,
notes/pics/image-20191208164808217.png,asset,.png,35592,no,yes,no,no,,,,,no,no,0,,no,0,,no,0,,,,not_needed,
notes/pics/image-20191208171445674.png,asset,.png,28130,no,yes,no,no,,,,,no,no,0,,no,0,,no,0,,,,not_needed,
notes/pics/image-20191208194906798.png,asset,.png,59522,no,yes,no,no,,,,,no,no,0,,no,0,,no,0,,,,not_needed,
notes/pics/image-20191208195354093.png,asset,.png,64676,no,yes,no,no,,,,,no,no,0,,no,0,,no,0,,,,not_needed,
notes/pics/image-20191208195715031.png,asset,.png,36541,no,yes,no,no,,,,,no,no,0,,no,0,,no,0,,,,not_needed,
notes/pics/image-20191208195718396.png,asset,.png,36541,no,yes,no,no,,,,,no,no,0,,no,0,,no,0,,,,not_needed,
notes/pics/image-20191208195941661.png,asset,.png,64017,no,yes,no,no,,,,,no,no,0,,no,0,,no,0,,,,not_needed,
notes/pics/image-20191208200014395.png,asset,.png,34117,no,yes,no,no,,,,,no,no,0,,no,0,,no,0,,,,not_needed,
notes/pics/image-20191208200543923.png,asset,.png,31001,no,yes,no,no,,,,,no,no,0,,no,0,,no,0,,,,not_needed,
notes/pics/image-20191208200656794.png,asset,.png,60221,no,yes,no,no,,,,,no,no,0,,no,0,,no,0,,,,not_needed,
notes/pics/image-20191208201230411.png,asset,.png,31763,no,yes,no,no,,,,,no,no,0,,no,0,,no,0,,,,not_needed,
notes/pics/image-20191208201554687.png,asset,.png,32308,no,yes,no,no,,,,,no,no,0,,no,0,,no,0,,,,not_needed,
notes/pics/image-20191208201611499.png,asset,.png,31618,no,yes,no,no,,,,,no,no,0,,no,0,,no,0,,,,not_needed,
notes/pics/image-20191208201718073.png,asset,.png,31318,no,yes,no,no,,,,,no,no,0,,no,0,,no,0,,,,not_needed,
notes/pics/image-20191208201812357.png,asset,.png,30358,no,yes,no,no,,,,,no,no,0,,no,0,,no,0,,,,not_needed,
notes/pics/image-20191208202110976.png,asset,.png,36344,no,yes,no,no,,,,,no,no,0,,no,0,,no,0,,,,not_needed,
notes/pics/image-20191208202151457.png,asset,.png,29923,no,yes,no,no,,,,,no,no,0,,no,0,,no,0,,,,not_needed,
notes/pics/image-20191208202707905.png,asset,.png,18495,no,yes,no,no,,,,,no,no,0,,no,0,,no,0,,,,not_needed,
notes/pics/image-20191208202753553.png,asset,.png,25843,no,yes,no,no,,,,,no,no,0,,no,0,,no,0,,,,not_needed,
notes/pics/image-20191208202926584.png,asset,.png,23948,no,yes,no,no,,,,,no,no,0,,no,0,,no,0,,,,not_needed,
notes/pics/image-20191208203010540.png,asset,.png,30479,no,yes,no,no,,,,,no,no,0,,no,0,,no,0,,,,not_needed,
notes/pics/image-20191208203034705.png,asset,.png,36964,no,yes,no,no,,,,,no,no,0,,no,0,,no,0,,,,not_needed,
notes/pics/image-20191208203112400.png,asset,.png,31792,no,yes,no,no,,,,,no,no,0,,no,0,,no,0,,,,not_needed,
notes/pics/image-20191208203142527.png,asset,.png,31824,no,yes,no,no,,,,,no,no,0,,no,0,,no,0,,,,not_needed,
notes/pics/image-20191208203219927.png,asset,.png,32796,no,yes,no,no,,,,,no,no,0,,no,0,,no,0,,,,not_needed,
notes/pics/image-20191208203616628.png,asset,.png,38236,no,yes,no,no,,,,,no,no,0,,no,0,,no,0,,,,not_needed,
notes/pics/image-20191208203639712.png,asset,.png,40118,no,yes,no,no,,,,,no,no,0,,no,0,,no,0,,,,not_needed,
notes/pics/image-20191208204118932.png,asset,.png,33533,no,yes,no,no,,,,,no,no,0,,no,0,,no,0,,,,not_needed,
notes/pics/image-20191208220948084.png,asset,.png,76447,no,yes,no,no,,,,,no,no,0,,no,0,,no,0,,,,not_needed,
notes/pics/image-20191208224757855.png,asset,.png,49725,no,yes,no,no,,,,,no,no,0,,no,0,,no,0,,,,not_needed,
notes/pics/image-20191208225301973.png,asset,.png,59248,no,yes,no,no,,,,,no,no,0,,no,0,,no,0,,,,not_needed,
notes/pics/image-20191208232221265.png,asset,.png,28093,no,yes,no,no,,,,,no,no,0,,no,0,,no,0,,,,not_needed,
notes/pics/image-20191208233940066.png,asset,.png,33055,no,yes,no,no,,,,,no,no,0,,no,0,,no,0,,,,not_needed,
notes/pics/image-20191208234825587.png,asset,.png,62649,no,yes,no,no,,,,,no,no,0,,no,0,,no,0,,,,not_needed,
notes/pics/image-20191208234948205.png,asset,.png,63422,no,yes,no,no,,,,,no,no,0,,no,0,,no,0,,,,not_needed,
notes/pics/image-20191208235258643.png,asset,.png,79472,no,yes,no,no,,,,,no,no,0,,no,0,,no,0,,,,not_needed,
notes/pics/image-20191209001024618.png,asset,.png,62826,no,yes,no,no,,,,,no,no,0,,no,0,,no,0,,,,not_needed,
notes/pics/image-20191209001038024.png,asset,.png,62826,no,yes,no,no,,,,,no,no,0,,no,0,,no,0,,,,not_needed,
notes/pics/image-20191209002818626.png,asset,.png,56796,no,yes,no,no,,,,,no,no,0,,no,0,,no,0,,,,not_needed,
notes/pics/image-20191209003356573.png,asset,.png,35832,no,yes,no,no,,,,,no,no,0,,no,0,,no,0,,,,not_needed,
notes/pics/image-20191209003358850.png,asset,.png,35832,no,yes,no,no,,,,,no,no,0,,no,0,,no,0,,,,not_needed,
notes/pics/image-20191209003451616.png,asset,.png,34763,no,yes,no,no,,,,,no,no,0,,no,0,,no,0,,,,not_needed,
notes/pics/image-20191209003453268.png,asset,.png,34763,no,yes,no,no,,,,,no,no,0,,no,0,,no,0,,,,not_needed,
notes/pics/image-20191210004132894.png,asset,.png,44370,no,yes,no,no,,,,,no,no,0,,no,0,,no,0,,,,not_needed,
notes/pics/image-20191212011250613.png,asset,.png,33909,no,yes,no,no,,,,,no,no,0,,no,0,,no,0,,,,not_needed,
notes/pics/image-20191212011410374.png,asset,.png,35708,no,yes,no,no,,,,,no,no,0,,no,0,,no,0,,,,not_needed,
notes/pics/image-20191212011746080.png,asset,.png,55222,no,yes,no,no,,,,,no,no,0,,no,0,,no,0,,,,not_needed,
notes/pics/image-20191212011747967.png,asset,.png,55222,no,yes,no,no,,,,,no,no,0,,no,0,,no,0,,,,not_needed,
notes/pics/image-20191213001359994.png,asset,.png,112769,no,yes,no,no,,,,,no,no,0,,no,0,,no,0,,,,not_needed,
notes/pics/image-20191213001413206.png,asset,.png,112769,no,yes,no,no,,,,,no,no,0,,no,0,,no,0,,,,not_needed,
notes/pics/image-20201101234314679.png,asset,.png,56509,no,yes,no,no,,,,,no,no,0,,no,0,,no,0,,,,not_needed,
notes/pics/image-20201101234335837.png,asset,.png,58011,no,yes,no,no,,,,,no,no,0,,no,0,,no,0,,,,not_needed,
notes/pics/image-20201102012333804.png,asset,.png,63026,no,yes,no,no,,,,,no,no,0,,no,0,,no,0,,,,not_needed,
notes/pics/image-20201103021112251.png,asset,.png,32810,no,yes,no,no,,,,,no,no,0,,no,0,,no,0,,,,not_needed,
notes/pics/image-20201104010349296.png,asset,.png,16482,no,yes,no,no,,,,,no,no,0,,no,0,,no,0,,,,not_needed,
notes/pics/image-20201104010609223.png,asset,.png,13952,no,yes,no,no,,,,,no,no,0,,no,0,,no,0,,,,not_needed,
notes/pics/image-20201104013936126.png,asset,.png,16054,no,yes,no,no,,,,,no,no,0,,no,0,,no,0,,,,not_needed,
notes/pics/image-20201104020702453.png,asset,.png,12390,no,yes,no,no,,,,,no,no,0,,no,0,,no,0,,,,not_needed,
notes/pics/image-20201105004127554.png,asset,.png,14598,no,yes,no,no,,,,,no,no,0,,no,0,,no,0,,,,not_needed,
notes/pics/image-20201105012506187.png,asset,.png,9978,no,yes,no,no,,,,,no,no,0,,no,0,,no,0,,,,not_needed,
notes/pics/inode_with_signatures.jpg,asset,.jpg,265910,no,yes,no,no,,,,,no,no,0,,no,0,,no,0,,,,not_needed,
notes/pics/linux-filesystem.png,asset,.png,44610,no,yes,no,no,,,,,no,no,0,,no,0,,no,0,,,,not_needed,
notes/pics/master-slave-proxy.png,asset,.png,64403,no,yes,no,no,,,,,no,no,0,,no,0,,no,0,,,,not_needed,
notes/pics/master-slave.png,asset,.png,86248,no,yes,no,no,,,,,no,no,0,,no,0,,no,0,,,,not_needed,
notes/pics/network-of-networks.gif,asset,.gif,31744,no,yes,no,no,,,,,no,no,0,,no,0,,no,0,,,,not_needed,
notes/pics/ssl-offloading.jpg,asset,.jpg,81920,no,yes,no,no,,,,,no,no,0,,no,0,,no,0,,,,not_needed,
notes/pics/tGPV0.png,asset,.png,89088,no,yes,no,no,,,,,no,no,0,,no,0,,no,0,,,,not_needed,
notes/pics/公众号海报4.png,asset,.png,83420,no,yes,yes,yes,公众号海报4.png,,公众号海报4.png,,yes,no,0,,no,0,,no,0,,Chinese filename; Chinese asset name,notes/pics/wechat-official-account-poster-4.png,proposed,
notes/代码可读性.md,markdown,.md,10056,yes,no,yes,yes,代码可读性.md,,,,yes,yes,14,L19:H1:一、可读性的重要性 | L27:H1:二、用名字表达代码含义 | L42:H1:三、名字不能带来歧义 | L55:H1:四、良好的代码风格 | L69:H1:五、为何编写注释 | L88:H1:六、如何编写注释 | L115:H1:七、提高控制流的可读性 | L132:H1:八、拆分长表达式 | L159:H1:九、变量与可读性 | L265:H1:十、抽取函数 | L313:H1:十一、一次只做一件事 | L319:H1:十二、用自然语言表述代码 | L323:H1:十三、减少代码量 | L329:H1:参考资料,yes,14,L2:markdown_inline:一、可读性的重要性->#一可读性的重要性 | L3:markdown_inline:二、用名字表达代码含义->#二用名字表达代码含义 | L4:markdown_inline:三、名字不能带来歧义->#三名字不能带来歧义 | L5:markdown_inline:四、良好的代码风格->#四良好的代码风格 | L6:markdown_inline:五、为何编写注释->#五为何编写注释 | L7:markdown_inline:六、如何编写注释->#六如何编写注释 | L8:markdown_inline:七、提高控制流的可读性->#七提高控制流的可读性 | L9:markdown_inline:八、拆分长表达式->#八拆分长表达式 | L10:markdown_inline:九、变量与可读性->#九变量与可读性 | L11:markdown_inline:十、抽取函数->#十抽取函数 | L12:markdown_inline:十一、一次只做一件事->#十一一次只做一件事 | L13:markdown_inline:十二、用自然语言表述代码->#十二用自然语言表述代码 | L14:markdown_inline:十三、减少代码量->#十三减少代码量 | L15:markdown_inline:参考资料->#参考资料,yes,4,L62:int a = 1; // 注释 | L63:int b = 11; // 注释 | L64:int c = 111; // 注释 | L206:}()); // () 使得外层匿名函数立即执行,Chinese filename; Chinese headings; Chinese Markdown/HTML links; Chinese code comments,notes/code-readability.md,proposed,
notes/代码风格规范.md,markdown,.md,264,yes,no,yes,yes,代码风格规范.md,,,,yes,no,0,,yes,1,L3:markdown_inline:阿里巴巴Java开发手册->https://github.com/alibaba/p3c,no,0,,Chinese filename; Chinese Markdown/HTML links,notes/code-style-guidelines.md,proposed,
notes/分布式.md,markdown,.md,19919,yes,no,yes,yes,分布式.md,,,,yes,yes,44,L1:H1:分布式 | L32:H2:一、分布式锁 | L43:H3:数据库的唯一索引 | L53:H3:Redis 的 SETNX 指令 | L61:H3:Redis 的 RedLock 算法 | L69:H3:Zookeeper 的有序节点 | L71:H4:1. Zookeeper 抽象模型 | L77:H4:2. 节点类型 | L83:H4:3. 监听器 | L87:H4:4. 分布式锁实现 | L94:H4:5. 会话超时 | L98:H4:6. 羊群效应 | L102:H2:二、分布式事务 | L117:H4:1. 运行过程 | L119:H5:1.1 准备阶段 | L125:H5:1.2 提交阶段 | L133:H4:2. 存在的问题 | L135:H5:2.1 同步阻塞 | L139:H5:2.2 单点问题 | L143:H5:2.3 数据不一致 | L147:H5:2.4 太过保守 | L151:H3:本地消息表 | L162:H2:三、CAP | L168:H3:一致性 | L174:H3:可用性 | L180:H3:分区容忍性 | L186:H3:权衡 | L195:H2:四、BASE | L202:H3:基本可用 | L208:H3:软状态 | L212:H3:最终一致性 | L220:H2:五、Paxos | L232:H3:执行过程 | L236:H4:1. Prepare 阶段 | L254:H4:2. Accept 阶段 | L264:H4:3. Learn 阶段 | L270:H3:约束条件 | L272:H4:1\. 正确性 | L278:H4:2\. 可终止性 | L284:H2:六、Raft | L290:H3:单个 Candidate 的竞选 | L310:H3:多个 Candidate 竞选 | L320:H3:数据同步 | L338:H2:参考,yes,30,L3:markdown_inline:分布式->#分布式 | L4:markdown_inline:一、分布式锁->#一分布式锁 | L5:markdown_inline:数据库的唯一索引->#数据库的唯一索引 | L6:markdown_inline:Redis 的 SETNX 指令->#redis-的-setnx-指令 | L7:markdown_inline:Redis 的 RedLock 算法->#redis-的-redlock-算法 | L8:markdown_inline:Zookeeper 的有序节点->#zookeeper-的有序节点 | L9:markdown_inline:二、分布式事务->#二分布式事务 | L11:markdown_inline:本地消息表->#本地消息表 | L12:markdown_inline:三、CAP->#三cap | L13:markdown_inline:一致性->#一致性 | L14:markdown_inline:可用性->#可用性 | L15:markdown_inline:分区容忍性->#分区容忍性 | L16:markdown_inline:权衡->#权衡 | L17:markdown_inline:四、BASE->#四base | L18:markdown_inline:基本可用->#基本可用 | L19:markdown_inline:软状态->#软状态 | L20:markdown_inline:最终一致性->#最终一致性 | L21:markdown_inline:五、Paxos->#五paxos | L22:markdown_inline:执行过程->#执行过程 | L23:markdown_inline:约束条件->#约束条件 | L24:markdown_inline:六、Raft->#六raft | L25:markdown_inline:单个 Candidate 的竞选->#单个-candidate-的竞选 | L26:markdown_inline:多个 Candidate 竞选->#多个-candidate-竞选 | L27:markdown_inline:数据同步->#数据同步 | L28:markdown_inline:参考->#参考 | L342:markdown_inline:浅谈分布式锁->http://www.linkedkeeper.com/detail/blog.action?bid=1023 | L343:markdown_inline:基于 Zookeeper 的分布式锁->http://www.dengshenyu.com/java/%E5%88%86%E5%B8%83%E5%BC%8F%E7%B3%BB%E7%BB%9F/2017/10/23/zookeeper-distributed-lock.html | L344:markdown_inline:聊聊分布式事务，再说说解决方案->https://www.cnblogs.com/savorboard/p/distributed-system-transaction-consistency.html | L345:markdown_inline:分布式系统的事务处理->https://coolshell.cn/articles/10910.html | L346:markdown_inline:深入理解分布式事务->https://juejin.im/entry/577c6f220a2b5800573492be,no,0,,Chinese filename; Chinese headings; Chinese Markdown/HTML links,notes/distributed-systems.md,proposed,
notes/剑指 Offer 题解 - 目录.md,markdown,.md,5830,yes,no,yes,yes,剑指 Offer 题解 - 目录.md,,,,yes,yes,16,L1:H1:剑指 Offer 题解 | L3:H2:前言 | L10:H2:数组与矩阵 | L18:H2:栈队列堆 | L28:H2:双指针 | L35:H2:链表 | L47:H2:树 | L66:H2:贪心思想 | L71:H2:二分查找 | L76:H2:分治 | L80:H2:搜索 | L86:H2:排序 | L92:H2:动态规划 | L105:H2:数学 | L111:H2:位运算 | L116:H2:其它,yes,77,L7:markdown_inline:牛客网->https://www.nowcoder.com/ta/coding-interviews?from=cyc_github | L12:markdown_inline:3. 数组中重复的数字->3.%20数组中重复的数字.md | L13:markdown_inline:4. 二维数组中的查找->4.%20二维数组中的查找.md | L14:markdown_inline:5. 替换空格->5.%20替换空格.md | L15:markdown_inline:29. 顺时针打印矩阵->29.%20顺时针打印矩阵.md | L16:markdown_inline:50. 第一个只出现一次的字符位置->50.%20第一个只出现一次的字符位置.md | L20:markdown_inline:9. 用两个栈实现队列->9.%20用两个栈实现队列.md | L21:markdown_inline:30. 包含 min 函数的栈->30.%20包含%20min%20函数的栈.md | L22:markdown_inline:31. 栈的压入、弹出序列->31.%20栈的压入、弹出序列.md | L23:markdown_inline:40. 最小的 K 个数->40.%20最小的%20K%20个数.md | L24:markdown_inline:41.1 数据流中的中位数->41.1%20数据流中的中位数.md | L25:markdown_inline:41.2 字符流中第一个不重复的字符->41.2%20字符流中第一个不重复的字符.md | L26:markdown_inline:59. 滑动窗口的最大值->59.%20滑动窗口的最大值.md | L30:markdown_inline:57.1 和为 S 的两个数字->57.1%20和为%20S%20的两个数字.md | L31:markdown_inline:57.2 和为 S 的连续正数序列->57.2%20和为%20S%20的连续正数序列.md | L32:markdown_inline:58.1 翻转单词顺序列->58.1%20翻转单词顺序列.md | L33:markdown_inline:58.2 左旋转字符串->58.2%20左旋转字符串.md | L37:markdown_inline:6. 从尾到头打印链表->6.%20从尾到头打印链表.md | L38:markdown_inline:18.1 在 O(1) 时间内删除链表节点->18.1%20在%20O(1)%20时间内删除链表节点.md | L39:markdown_inline:18.2 删除链表中重复的结点->18.2%20删除链表中重复的结点.md | L40:markdown_inline:22. 链表中倒数第 K 个结点->22.%20链表中倒数第%20K%20个结点.md | L41:markdown_inline:23. 链表中环的入口结点->23.%20链表中环的入口结点.md | L42:markdown_inline:24. 反转链表->24.%20反转链表.md | L43:markdown_inline:25. 合并两个排序的链表->25.%20合并两个排序的链表.md | L44:markdown_inline:35. 复杂链表的复制->35.%20复杂链表的复制.md | L45:markdown_inline:52. 两个链表的第一个公共结点->52.%20两个链表的第一个公共结点.md | L49:markdown_inline:7. 重建二叉树->7.%20重建二叉树.md | L50:markdown_inline:8. 二叉树的下一个结点->8.%20二叉树的下一个结点.md | L51:markdown_inline:26. 树的子结构->26.%20树的子结构.md | L52:markdown_inline:27. 二叉树的镜像->27.%20二叉树的镜像.md | L53:markdown_inline:28. 对称的二叉树->28.%20对称的二叉树.md | L54:markdown_inline:32.1 从上往下打印二叉树->32.1%20从上往下打印二叉树.md | L55:markdown_inline:32.2 把二叉树打印成多行->32.2%20把二叉树打印成多行.md | L56:markdown_inline:32.3 按之字形顺序打印二叉树->32.3%20按之字形顺序打印二叉树.md | L57:markdown_inline:33. 二叉搜索树的后序遍历序列->33.%20二叉搜索树的后序遍历序列.md | L58:markdown_inline:34. 二叉树中和为某一值的路径->34.%20二叉树中和为某一值的路径.md | L59:markdown_inline:36. 二叉搜索树与双向链表->36.%20二叉搜索树与双向链表.md | L60:markdown_inline:37. 序列化二叉树->37.%20序列化二叉树.md | L61:markdown_inline:54. 二叉查找树的第 K 个结点->54.%20二叉查找树的第%20K%20个结点.md | L62:markdown_inline:55.1 二叉树的深度->55.1%20二叉树的深度.md | L63:markdown_inline:55.2 平衡二叉树->55.2%20平衡二叉树.md | L64:markdown_inline:68. 树中两个节点的最低公共祖先->68.%20树中两个节点的最低公共祖先.md | L68:markdown_inline:14. 剪绳子->14.%20剪绳子.md | L69:markdown_inline:63. 股票的最大利润->63.%20股票的最大利润.md | L73:markdown_inline:11. 旋转数组的最小数字->11.%20旋转数组的最小数字.md | L74:markdown_inline:53. 数字在排序数组中出现的次数->53.%20数字在排序数组中出现的次数.md | L78:markdown_inline:16. 数值的整数次方->16.%20数值的整数次方.md | L82:markdown_inline:12. 矩阵中的路径->12.%20矩阵中的路径.md | L83:markdown_inline:13. 机器人的运动范围->13.%20机器人的运动范围.md | L84:markdown_inline:38. 字符串的排列->38.%20字符串的排列.md | L88:markdown_inline:21. 调整数组顺序使奇数位于偶数前面->21.%20调整数组顺序使奇数位于偶数前面.md | L89:markdown_inline:45. 把数组排成最小的数->45.%20把数组排成最小的数.md | L90:markdown_inline:51. 数组中的逆序对->51.%20数组中的逆序对.md | L94:markdown_inline:10.1 斐波那契数列->10.1%20斐波那契数列.md | L95:markdown_inline:10.2 矩形覆盖->10.2%20矩形覆盖.md | L96:markdown_inline:10.3 跳台阶->10.3%20跳台阶.md | L97:markdown_inline:10.4 变态跳台阶->10.4%20变态跳台阶.md | L98:markdown_inline:42. 连续子数组的最大和->42.%20连续子数组的最大和.md | L99:markdown_inline:47. 礼物的最大价值->47.%20礼物的最大价值.md | L100:markdown_inline:48. 最长不含重复字符的子字符串->48.%20最长不含重复字符的子字符串.md | L101:markdown_inline:49. 丑数->49.%20丑数.md | L102:markdown_inline:60. n 个骰子的点数->60.%20n%20个骰子的点数.md | L103:markdown_inline:66. 构建乘积数组->66.%20构建乘积数组.md | L107:markdown_inline:39. 数组中出现次数超过一半的数字->39.%20数组中出现次数超过一半的数字.md | L108:markdown_inline:62. 圆圈中最后剩下的数->62.%20圆圈中最后剩下的数.md | L109:markdown_inline:43. 从 1 到 n 整数中 1 出现的次数->43.%20从%201%20到%20n%20整数中%201%20出现的次数.md | L113:markdown_inline:15. 二进制中 1 的个数->15.%20二进制中%201%20的个数.md | L114:markdown_inline:56. 数组中只出现一次的数字->56.%20数组中只出现一次的数字.md | L118:markdown_inline:17. 打印从 1 到最大的 n 位数->17.%20打印从%201%20到最大的%20n%20位数.md | L119:markdown_inline:19. 正则表达式匹配->19.%20正则表达式匹配.md | L120:markdown_inline:20. 表示数值的字符串->20.%20表示数值的字符串.md | L121:markdown_inline:44. 数字序列中的某一位数字->44.%20数字序列中的某一位数字.md | L122:markdown_inline:46. 把数字翻译成字符串->46.%20把数字翻译成字符串.md | L123:markdown_inline:61. 扑克牌顺子->61.%20扑克牌顺子.md | L124:markdown_inline:64. 求 1+2+3+...+n->64.%20求%201+2+3+...+n.md | L125:markdown_inline:65. 不用加减乘除做加法->65.%20不用加减乘除做加法.md | L126:markdown_inline:67. 把字符串转换成整数->67.%20把字符串转换成整数.md,no,0,,Chinese filename; Chinese headings; Chinese Markdown/HTML links,notes/sword-offer-solutions-index.md,proposed,JianZhi Offer rendered as Coding Interviews; review title preference.
notes/剑指 offer 题解.md,markdown,.md,153,yes,no,yes,yes,剑指 offer 题解.md,,,,yes,no,0,,yes,1,L1:markdown_inline:剑指 Offer 题解->https://github.com/CyC2018/CS-Notes/blob/master/notes/%E5%89%91%E6%8C%87%20Offer%20%E9%A2%98%E8%A7%A3%20-%20%E7%9B%AE%E5%BD%95.md,no,0,,Chinese filename; Chinese Markdown/HTML links,notes/sword-offer-solutions.md,proposed,JianZhi Offer rendered as Coding Interviews; review title preference.
notes/攻击技术.md,markdown,.md,7387,yes,no,yes,yes,攻击技术.md,,,,yes,yes,23,L1:H1:攻击技术 | L12:H2:一、跨站脚本攻击 | L14:H3:概念 | L18:H3:攻击原理 | L34:H3:危害 | L40:H3:防范手段 | L42:H4:1. 设置 Cookie 为 HttpOnly | L46:H4:2. 过滤特殊字符 | L90:H2:二、跨站请求伪造 | L92:H3:概念 | L98:H3:攻击原理 | L118:H3:防范手段 | L120:H4:1. 检查 Referer 首部字段 | L126:H4:2. 添加校验 Token | L130:H4:3. 输入验证码 | L134:H2:三、SQL 注入攻击 | L136:H3:概念 | L140:H3:攻击原理 | L167:H3:防范手段 | L169:H4:1. 使用参数化查询 | L180:H4:2. 单引号转换 | L184:H2:四、拒绝服务攻击 | L190:H2:参考资料,yes,11,L3:markdown_inline:攻击技术->#攻击技术 | L4:markdown_inline:一、跨站脚本攻击->#一跨站脚本攻击 | L5:markdown_inline:二、跨站请求伪造->#二跨站请求伪造 | L6:markdown_inline:三、SQL 注入攻击->#三sql-注入攻击 | L7:markdown_inline:四、拒绝服务攻击->#四拒绝服务攻击 | L8:markdown_inline:参考资料->#参考资料 | L88:markdown_inline:XSS 过滤在线测试->http://jsxss.com/zh/try.html | L192:markdown_inline:维基百科：跨站脚本->https://zh.wikipedia.org/wiki/%E8%B7%A8%E7%B6%B2%E7%AB%99%E6%8C%87%E4%BB%A4%E7%A2%BC | L193:markdown_inline:维基百科：SQL 注入攻击->https://zh.wikipedia.org/wiki/SQL%E8%B3%87%E6%96%99%E9%9A%B1%E7%A2%BC%E6%94%BB%E6%93%8A | L194:markdown_inline:维基百科：跨站点请求伪造->https://zh.wikipedia.org/wiki/%E8%B7%A8%E7%AB%99%E8%AF%B7%E6%B1%82%E4%BC%AA%E9%80%A0 | L195:markdown_inline:维基百科：拒绝服务攻击->https://zh.wikipedia.org/wiki/%E9%98%BB%E6%96%B7%E6%9C%8D%E5%8B%99%E6%94%BB%E6%93%8A,no,0,,Chinese filename; Chinese headings; Chinese Markdown/HTML links,notes/attack-techniques.md,proposed,
notes/数据库系统原理.md,markdown,.md,25217,yes,no,yes,yes,数据库系统原理.md,,,,yes,yes,47,L1:H1:数据库系统原理 | L46:H2:一、事务 | L48:H3:概念 | L56:H4:1. 原子性（Atomicity） | L62:H4:2. 一致性（Consistency） | L66:H4:3. 隔离性（Isolation） | L70:H4:4. 持久性（Durability） | L91:H2:二、并发一致性问题 | L95:H3:丢失修改 | L101:H3:读脏数据 | L107:H3:不可重复读 | L113:H3:幻影读 | L123:H2:三、封锁 | L125:H3:封锁粒度 | L136:H3:封锁类型 | L138:H4:1. 读写锁 | L152:H4:2. 意向锁 | L174:H3:封锁协议 | L176:H4:1. 三级封锁协议 | L202:H4:2. 两段锁协议 | L220:H3:MySQL 隐式与显式锁定 | L231:H2:四、隔离级别 | L233:H3:未提交读（READ UNCOMMITTED） | L237:H3:提交读（READ COMMITTED） | L241:H3:可重复读（REPEATABLE READ） | L245:H3:可串行化（SERIALIZABLE） | L255:H2:五、多版本并发控制 | L259:H3:基本思想 | L267:H3:版本号 | L272:H3:Undo 日志 | L307:H3:快照读与当前读 | L309:H4:1. 快照读 | L317:H4:2. 当前读 | L334:H2:六、Next-Key Locks | L366:H2:七、关系数据库设计理论 | L368:H3:函数依赖 | L378:H3:异常 | L396:H3:范式 | L402:H4:1. 第一范式 (1NF) | L406:H4:2. 第二范式 (2NF) | L459:H4:3. 第三范式 (3NF) | L484:H2:八、ER 图 | L490:H3:实体的三种联系 | L502:H3:表示出现多次的关系 | L510:H3:联系的多向性 | L516:H3:表示子类 | L522:H2:参考资料,yes,36,L3:markdown_inline:数据库系统原理->#数据库系统原理 | L4:markdown_inline:一、事务->#一事务 | L5:markdown_inline:概念->#概念 | L8:markdown_inline:二、并发一致性问题->#二并发一致性问题 | L9:markdown_inline:丢失修改->#丢失修改 | L10:markdown_inline:读脏数据->#读脏数据 | L11:markdown_inline:不可重复读->#不可重复读 | L12:markdown_inline:幻影读->#幻影读 | L13:markdown_inline:三、封锁->#三封锁 | L14:markdown_inline:封锁粒度->#封锁粒度 | L15:markdown_inline:封锁类型->#封锁类型 | L16:markdown_inline:封锁协议->#封锁协议 | L17:markdown_inline:MySQL 隐式与显式锁定->#mysql-隐式与显式锁定 | L18:markdown_inline:四、隔离级别->#四隔离级别 | L19:markdown_inline:未提交读（READ UNCOMMITTED）->#未提交读read-uncommitted | L20:markdown_inline:提交读（READ COMMITTED）->#提交读read-committed | L21:markdown_inline:可重复读（REPEATABLE READ）->#可重复读repeatable-read | L22:markdown_inline:可串行化（SERIALIZABLE）->#可串行化serializable | L23:markdown_inline:五、多版本并发控制->#五多版本并发控制 | L24:markdown_inline:基本思想->#基本思想 | L25:markdown_inline:版本号->#版本号 | L26:markdown_inline:Undo 日志->#undo-日志 | L28:markdown_inline:快照读与当前读->#快照读与当前读 | L29:markdown_inline:六、Next-Key Locks->#六next-key-locks | L33:markdown_inline:七、关系数据库设计理论->#七关系数据库设计理论 | L34:markdown_inline:函数依赖->#函数依赖 | L35:markdown_inline:异常->#异常 | L36:markdown_inline:范式->#范式 | L37:markdown_inline:八、ER 图->#八er-图 | L38:markdown_inline:实体的三种联系->#实体的三种联系 | L39:markdown_inline:表示出现多次的关系->#表示出现多次的关系 | L40:markdown_inline:联系的多向性->#联系的多向性 | L41:markdown_inline:表示子类->#表示子类 | L42:markdown_inline:参考资料->#参考资料 | L534:markdown_inline:浅入浅出 MySQL 和 InnoDB->https://draveness.me/mysql-innodb | L535:markdown_inline:Innodb 中的事务隔离级别和锁的关系->https://tech.meituan.com/2014/08/20/innodb-lock.html,no,0,,Chinese filename; Chinese headings; Chinese Markdown/HTML links,notes/database-system-principles.md,proposed,
notes/构建工具.md,markdown,.md,4589,yes,no,yes,yes,构建工具.md,,,,yes,yes,12,L1:H1:构建工具 | L11:H2:一、构建工具的作用 | L19:H2:二、Java 主流构建工具 | L58:H2:三、Maven | L60:H3:概述 | L64:H3:仓库 | L92:H3:依赖原则 | L94:H4:1. 依赖路径最短优先原则 | L102:H4:2. 声明顺序优先原则 | L111:H4:3. 覆写优先原则 | L115:H3:解决依赖冲突 | L119:H2:参考资料,yes,6,L3:markdown_inline:构建工具->#构建工具 | L4:markdown_inline:一、构建工具的作用->#一构建工具的作用 | L5:markdown_inline:二、Java 主流构建工具->#二java-主流构建工具 | L6:markdown_inline:三、Maven->#三maven | L7:markdown_inline:参考资料->#参考资料 | L125:markdown_inline:新一代构建工具 gradle->https://www.imooc.com/learn/833,no,0,,Chinese filename; Chinese headings; Chinese Markdown/HTML links,notes/build-tools.md,proposed,
notes/正则表达式.md,markdown,.md,9274,yes,no,yes,yes,正则表达式.md,,,,yes,yes,23,L1:H1:正则表达式 | L18:H2:一、概述 | L26:H2:二、匹配单个字符 | L44:H2:三、匹配一组字符 | L70:H2:四、使用元字符 | L72:H3:匹配空白字符 | L87:H3:匹配特定的字符 | L89:H4:1. 数字元字符 | L96:H4:2. 字母数字元字符 | L103:H4:3. 空白字符元字符 | L112:H2:五、重复匹配 | L152:H2:六、位置匹配 | L154:H3:单词边界 | L160:H3:字符串边界 | L190:H2:七、使用子表达式 | L244:H2:八、回溯引用 | L266:H3:替换 | L296:H3:大小写转换 | L330:H2:九、前后查找 | L352:H2:十、嵌入条件 | L354:H3:回溯引用条件 | L372:H3:前后查找条件 | L390:H2:参考资料,yes,13,L3:markdown_inline:正则表达式->#正则表达式 | L4:markdown_inline:一、概述->#一概述 | L5:markdown_inline:二、匹配单个字符->#二匹配单个字符 | L6:markdown_inline:三、匹配一组字符->#三匹配一组字符 | L7:markdown_inline:四、使用元字符->#四使用元字符 | L8:markdown_inline:五、重复匹配->#五重复匹配 | L9:markdown_inline:六、位置匹配->#六位置匹配 | L10:markdown_inline:七、使用子表达式->#七使用子表达式 | L11:markdown_inline:八、回溯引用->#八回溯引用 | L12:markdown_inline:九、前后查找->#九前后查找 | L13:markdown_inline:十、嵌入条件->#十嵌入条件 | L14:markdown_inline:参考资料->#参考资料 | L24:markdown_inline:正则表达式在线工具->https://regexr.com/,no,0,,Chinese filename; Chinese headings; Chinese Markdown/HTML links,notes/regular-expressions.md,proposed,
notes/消息队列.md,markdown,.md,4119,yes,no,yes,yes,消息队列.md,,,,yes,yes,12,L1:H1:消息队列 | L18:H2:一、消息模型 | L20:H3:点对点 | L26:H3:发布/订阅 | L39:H2:二、使用场景 | L41:H3:异步处理 | L49:H3:流量削锋 | L55:H3:应用解耦 | L61:H2:三、可靠性 | L63:H3:发送端的可靠性 | L69:H3:接收端的可靠性 | L78:H2:参考资料,yes,13,L3:markdown_inline:消息队列->#消息队列 | L4:markdown_inline:一、消息模型->#一消息模型 | L5:markdown_inline:点对点->#点对点 | L6:markdown_inline:发布/订阅->#发布订阅 | L7:markdown_inline:二、使用场景->#二使用场景 | L8:markdown_inline:异步处理->#异步处理 | L9:markdown_inline:流量削锋->#流量削锋 | L10:markdown_inline:应用解耦->#应用解耦 | L11:markdown_inline:三、可靠性->#三可靠性 | L12:markdown_inline:发送端的可靠性->#发送端的可靠性 | L13:markdown_inline:接收端的可靠性->#接收端的可靠性 | L14:markdown_inline:参考资料->#参考资料 | L81:markdown_inline:消息队列中点对点与发布订阅区别->https://blog.csdn.net/lizhitao/article/details/47723105,no,0,,Chinese filename; Chinese headings; Chinese Markdown/HTML links,notes/message-queues.md,proposed,
notes/算法 - 其它.md,markdown,.md,4780,yes,no,yes,yes,算法 - 其它.md,,,,yes,yes,3,L1:H1:算法 - 其它 | L2:H2:汉诺塔 | L54:H2:哈夫曼编码,no,0,,no,0,,Chinese filename; Chinese headings,notes/algorithms-other.md,proposed,
notes/算法 - 并查集.md,markdown,.md,4979,yes,no,yes,yes,算法 - 并查集.md,,,,yes,yes,5,L1:H1:算法 - 并查集 | L13:H2:前言 | L131:H2:加权 Quick Union | L183:H2:路径压缩的加权 Quick Union | L187:H2:比较,yes,5,L3:markdown_inline:算法 - 并查集->#算法---并查集 | L4:markdown_inline:前言->#前言 | L7:markdown_inline:加权 Quick Union->#加权-quick-union | L8:markdown_inline:路径压缩的加权 Quick Union->#路径压缩的加权-quick-union | L9:markdown_inline:比较->#比较,yes,1,L142:// 保存节点的数量信息,Chinese filename; Chinese headings; Chinese Markdown/HTML links; Chinese code comments,notes/algorithms-union-find.md,proposed,
notes/算法 - 排序.md,markdown,.md,18679,yes,no,yes,yes,算法 - 排序.md,,,,yes,yes,31,L1:H1:算法 - 排序 | L2:H2:约定 | L27:H2:选择排序 | L54:H2:冒泡排序 | L82:H2:插入排序 | L111:H2:希尔排序 | L147:H2:归并排序 | L153:H3:1. 归并方法 | L189:H3:2. 自顶向下归并排序 | L217:H3:3. 自底向上归并排序 | L240:H2:快速排序 | L242:H3:1. 基本算法 | L274:H3:2. 切分 | L296:H3:3. 性能分析 | L304:H3:4. 算法改进 | L306:H5:4.1 切换到插入排序 | L310:H5:4.2 三数取中 | L314:H5:4.3 三向切分 | L346:H3:5. 基于切分的快速选择算法 | L374:H2:堆排序 | L376:H3:1. 堆 | L414:H3:2. 上浮和下沉 | L447:H3:3. 插入元素 | L458:H3:4. 删除最大元素 | L472:H3:5. 堆排序 | L476:H5:5.1 构建堆 | L482:H5:5.2 交换堆顶元素与最后一个元素 | L523:H3:6. 分析 | L533:H2:小结 | L535:H3:1. 排序算法的比较 | L552:H3:2. Java 的排序算法实现,no,0,,yes,3,L168:aux[k] = nums[k]; // 将数据复制到辅助数组 | L179:nums[k] = aux[i++]; // 先进行这一步，保证稳定性 | L491:* 数组第 0 个位置不能有元素,Chinese filename; Chinese headings; Chinese code comments,notes/algorithms-sorting.md,proposed,
notes/算法 - 栈和队列.md,markdown,.md,5640,yes,no,yes,yes,算法 - 栈和队列.md,,,,yes,yes,5,L1:H1:算法 - 栈和队列 | L11:H2:栈 | L27:H3:1. 数组实现 | L126:H3:2. 链表实现 | L213:H2:队列,yes,5,L3:markdown_inline:算法 - 栈和队列->#算法---栈和队列 | L4:markdown_inline:栈->#栈 | L5:markdown_inline:1. 数组实现->#1-数组实现 | L6:markdown_inline:2. 链表实现->#2-链表实现 | L7:markdown_inline:队列->#队列,yes,5,L32:// 栈元素数组，只能通过转型来创建泛型数组 | L35:// 元素数量 | L58:// 避免对象游离 | L77:* 调整数组大小，使得栈具有伸缩性 | L106:// 返回逆序遍历的迭代器,Chinese filename; Chinese headings; Chinese Markdown/HTML links; Chinese code comments,notes/algorithms-stacks-and-queues.md,proposed,
notes/算法 - 目录.md,markdown,.md,367,yes,no,yes,yes,算法 - 目录.md,,,,yes,yes,2,L1:H1:算法目录 | L10:H2:参考资料,yes,6,L3:markdown_inline:算法分析->算法%20-%20算法分析.md | L4:markdown_inline:排序->算法%20-%20排序.md | L5:markdown_inline:并查集->算法%20-%20并查集.md | L6:markdown_inline:栈和队列->算法%20-%20栈和队列.md | L7:markdown_inline:符号表->算法%20-%20符号表.md | L8:markdown_inline:其它->算法%20-%20其它.md,no,0,,Chinese filename; Chinese headings; Chinese Markdown/HTML links,notes/algorithms-index.md,proposed,
notes/算法 - 符号表.md,markdown,.md,28372,yes,no,yes,yes,算法 - 符号表.md,,,,yes,yes,29,L1:H1:算法 - 符号表 | L39:H2:前言 | L79:H2:初级实现 | L81:H3:1. 链表实现无序符号表 | L156:H3:2. 二分查找实现有序符号表 | L246:H2:二叉查找树 | L353:H3:3. 分析 | L517:H3:10. 分析 | L521:H2:2-3 查找树 | L527:H3:1. 插入操作 | L541:H3:2. 性质 | L547:H2:红黑树 | L576:H3:1. 左旋转 | L595:H3:2. 右旋转 | L614:H3:3. 颜色转换 | L628:H3:4. 插入 | L675:H3:5. 分析 | L681:H2:散列表 | L687:H3:1. 散列函数 | L753:H3:2. 拉链法 | L763:H3:3. 线性探测法 | L800:H5:3.1 查找 | L812:H5:3.2 插入 | L834:H5:3.3 删除 | L867:H5:3.5 调整数组大小 | L896:H2:小结 | L898:H3:1. 符号表算法比较 | L911:H3:2. Java 的符号表实现 | L916:H3:3. 稀疏向量乘法,yes,25,L3:markdown_inline:算法 - 符号表->#算法---符号表 | L4:markdown_inline:前言->#前言 | L5:markdown_inline:初级实现->#初级实现 | L6:markdown_inline:1. 链表实现无序符号表->#1-链表实现无序符号表 | L7:markdown_inline:2. 二分查找实现有序符号表->#2-二分查找实现有序符号表 | L8:markdown_inline:二叉查找树->#二叉查找树 | L11:markdown_inline:3. 分析->#3-分析 | L18:markdown_inline:10. 分析->#10-分析 | L19:markdown_inline:2-3 查找树->#2-3-查找树 | L20:markdown_inline:1. 插入操作->#1-插入操作 | L21:markdown_inline:2. 性质->#2-性质 | L22:markdown_inline:红黑树->#红黑树 | L23:markdown_inline:1. 左旋转->#1-左旋转 | L24:markdown_inline:2. 右旋转->#2-右旋转 | L25:markdown_inline:3. 颜色转换->#3-颜色转换 | L26:markdown_inline:4. 插入->#4-插入 | L27:markdown_inline:5. 分析->#5-分析 | L28:markdown_inline:散列表->#散列表 | L29:markdown_inline:1. 散列函数->#1-散列函数 | L30:markdown_inline:2. 拉链法->#2-拉链法 | L31:markdown_inline:3. 线性探测法->#3-线性探测法 | L32:markdown_inline:小结->#小结 | L33:markdown_inline:1. 符号表算法比较->#1-符号表算法比较 | L34:markdown_inline:2. Java 的符号表实现->#2-java-的符号表实现 | L35:markdown_inline:3. 稀疏向量乘法->#3-稀疏向量乘法,yes,8,L114:// 如果在链表中找到节点的键等于 key 就更新这个节点的值为 value | L122:// 否则使用头插法插入一个新节点 | L211:// 如果找到已经存在的节点键为 key，就更新这个节点的值为 value | L216:// 否则在数组中插入新的节点，需要先将插入位置之后的元素都向后移动一个位置 | L270:// 以该节点为根的子树节点总数 | L272:// 红黑树中使用 | L844:// 不存在，直接返回 | L851:// 将之后相连的键值对重新插入,Chinese filename; Chinese headings; Chinese Markdown/HTML links; Chinese code comments,notes/algorithms-symbol-tables.md,proposed,
notes/算法 - 算法分析.md,markdown,.md,7240,yes,no,yes,yes,算法 - 算法分析.md,,,,yes,yes,13,L1:H1:算法 - 算法分析 | L23:H2:数学模型 | L25:H3:1. 近似 | L29:H3:2. 增长数量级 | L33:H3:3. 内循环 | L37:H3:4. 成本模型 | L41:H2:注意事项 | L43:H3:1. 大常数 | L47:H3:2. 缓存 | L51:H3:3. 对最坏情况下的性能的保证 | L55:H3:4. 随机化算法 | L59:H3:5. 均摊分析 | L182:H2:倍率实验,yes,13,L3:markdown_inline:算法 - 算法分析->#算法---算法分析 | L4:markdown_inline:数学模型->#数学模型 | L5:markdown_inline:1. 近似->#1-近似 | L6:markdown_inline:2. 增长数量级->#2-增长数量级 | L7:markdown_inline:3. 内循环->#3-内循环 | L8:markdown_inline:4. 成本模型->#4-成本模型 | L9:markdown_inline:注意事项->#注意事项 | L10:markdown_inline:1. 大常数->#1-大常数 | L11:markdown_inline:2. 缓存->#2-缓存 | L12:markdown_inline:3. 对最坏情况下的性能的保证->#3-对最坏情况下的性能的保证 | L13:markdown_inline:4. 随机化算法->#4-随机化算法 | L14:markdown_inline:5. 均摊分析->#5-均摊分析 | L19:markdown_inline:倍率实验->#倍率实验,yes,1,L117:// 应该注意这里的下标必须大于 j，否则会重复统计。,Chinese filename; Chinese headings; Chinese Markdown/HTML links; Chinese code comments,notes/algorithms-analysis.md,proposed,
notes/算法.md,markdown,.md,111,yes,no,yes,yes,算法.md,,,,yes,no,0,,yes,1,L1:markdown_inline:算法->https://github.com/CyC2018/CS-Notes/blob/master/notes/%E7%AE%97%E6%B3%95%20-%20%E7%9B%AE%E5%BD%95.md,no,0,,Chinese filename; Chinese Markdown/HTML links,notes/algorithms.md,proposed,
notes/系统设计基础.md,markdown,.md,4506,yes,no,yes,yes,系统设计基础.md,,,,yes,yes,20,L1:H1:系统设计基础 | L13:H2:一、性能 | L15:H3:性能指标 | L17:H4:1. 响应时间 | L23:H4:2. 吞吐量 | L27:H4:3. 并发用户数 | L42:H3:性能优化 | L44:H4:1. 集群 | L48:H4:2. 缓存 | L56:H4:3. 异步 | L60:H2:二、伸缩性 | L64:H3:伸缩性与性能 | L70:H3:实现伸缩性 | L78:H2:三、扩展性 | L87:H2:四、可用性 | L89:H3:冗余 | L97:H3:监控 | L101:H3:服务降级 | L105:H2:五、安全性 | L109:H2:参考资料,yes,7,L3:markdown_inline:系统设计基础->#系统设计基础 | L4:markdown_inline:一、性能->#一性能 | L5:markdown_inline:二、伸缩性->#二伸缩性 | L6:markdown_inline:三、扩展性->#三扩展性 | L7:markdown_inline:四、可用性->#四可用性 | L8:markdown_inline:五、安全性->#五安全性 | L9:markdown_inline:参考资料->#参考资料,no,0,,Chinese filename; Chinese headings; Chinese Markdown/HTML links,notes/system-design-basics.md,proposed,
notes/缓存.md,markdown,.md,11703,yes,no,yes,yes,缓存.md,,,,yes,yes,27,L1:H1:缓存 | L15:H2:一、缓存特征 | L17:H3:命中率 | L23:H3:最大空间 | L29:H3:淘汰策略 | L37:H2:二、缓存位置 | L39:H3:浏览器 | L47:H3:反向代理 | L51:H3:本地缓存 | L55:H3:分布式缓存 | L61:H3:数据库缓存 | L65:H3:Java 内部的缓存 | L69:H3:CPU 多级缓存 | L73:H2:三、CDN | L85:H2:四、缓存问题 | L87:H3:缓存穿透 | L96:H3:缓存雪崩 | L109:H3:缓存一致性 | L120:H3:缓存 “无底洞” 现象 | L132:H2:五、数据分布 | L134:H3:哈希分布 | L140:H3:顺序分布 | L149:H2:六、一致性哈希 | L153:H3:基本原理 | L163:H3:虚拟节点 | L171:H2:七、LRU | L304:H2:参考资料,yes,12,L3:markdown_inline:缓存->#缓存 | L4:markdown_inline:一、缓存特征->#一缓存特征 | L5:markdown_inline:二、缓存位置->#二缓存位置 | L6:markdown_inline:三、CDN->#三cdn | L7:markdown_inline:四、缓存问题->#四缓存问题 | L8:markdown_inline:五、数据分布->#五数据分布 | L9:markdown_inline:六、一致性哈希->#六一致性哈希 | L10:markdown_inline:七、LRU->#七lru | L11:markdown_inline:参考资料->#参考资料 | L307:markdown_inline:缓存那些事->https://tech.meituan.com/cache_about.html | L308:markdown_inline:一致性哈希算法->https://my.oschina.net/jayhu/blog/732849 | L309:markdown_inline:内容分发网络->https://zh.wikipedia.org/wiki/%E5%85%A7%E5%AE%B9%E5%82%B3%E9%81%9E%E7%B6%B2%E8%B7%AF,no,0,,Chinese filename; Chinese headings; Chinese Markdown/HTML links,notes/caching.md,proposed,
notes/计算机操作系统 - 内存管理.md,markdown,.md,7998,yes,no,yes,yes,计算机操作系统 - 内存管理.md,,,,yes,yes,13,L1:H1:计算机操作系统 - 内存管理 | L19:H2:虚拟内存 | L29:H2:分页系统地址映射 | L39:H2:页面置换算法 | L47:H3:1. 最佳 | L63:H3:2. 最近最久未使用 | L78:H3:3. 最近未使用 | L93:H3:4. 先进先出 | L101:H3:5. 第二次机会算法 | L109:H3:6. 时钟 | L117:H2:分段 | L129:H2:段页式 | L133:H2:分页与分段的比较,yes,13,L3:markdown_inline:计算机操作系统 - 内存管理->#计算机操作系统---内存管理 | L4:markdown_inline:虚拟内存->#虚拟内存 | L5:markdown_inline:分页系统地址映射->#分页系统地址映射 | L6:markdown_inline:页面置换算法->#页面置换算法 | L7:markdown_inline:1. 最佳->#1-最佳 | L8:markdown_inline:2. 最近最久未使用->#2-最近最久未使用 | L9:markdown_inline:3. 最近未使用->#3-最近未使用 | L10:markdown_inline:4. 先进先出->#4-先进先出 | L11:markdown_inline:5. 第二次机会算法->#5-第二次机会算法 | L12:markdown_inline:6. 时钟->#6-时钟 | L13:markdown_inline:分段->#分段 | L14:markdown_inline:段页式->#段页式 | L15:markdown_inline:分页与分段的比较->#分页与分段的比较,no,0,,Chinese filename; Chinese headings; Chinese Markdown/HTML links,notes/operating-systems-memory-management.md,proposed,
notes/计算机操作系统 - 概述.md,markdown,.md,4624,yes,no,yes,yes,计算机操作系统 - 概述.md,,,,yes,yes,19,L1:H1:计算机操作系统 - 概述 | L25:H2:基本特征 | L27:H3:1. 并发 | L35:H3:2. 共享 | L43:H3:3. 虚拟 | L53:H3:4. 异步 | L57:H2:基本功能 | L59:H3:1. 进程管理 | L63:H3:2. 内存管理 | L67:H3:3. 文件管理 | L71:H3:4. 设备管理 | L77:H2:系统调用 | L94:H2:宏内核和微内核 | L96:H3:1. 宏内核 | L102:H3:2. 微内核 | L112:H2:中断分类 | L114:H3:1. 外中断 | L118:H3:2. 异常 | L122:H3:3. 陷入,yes,19,L3:markdown_inline:计算机操作系统 - 概述->#计算机操作系统---概述 | L4:markdown_inline:基本特征->#基本特征 | L5:markdown_inline:1. 并发->#1-并发 | L6:markdown_inline:2. 共享->#2-共享 | L7:markdown_inline:3. 虚拟->#3-虚拟 | L8:markdown_inline:4. 异步->#4-异步 | L9:markdown_inline:基本功能->#基本功能 | L10:markdown_inline:1. 进程管理->#1-进程管理 | L11:markdown_inline:2. 内存管理->#2-内存管理 | L12:markdown_inline:3. 文件管理->#3-文件管理 | L13:markdown_inline:4. 设备管理->#4-设备管理 | L14:markdown_inline:系统调用->#系统调用 | L15:markdown_inline:宏内核和微内核->#宏内核和微内核 | L16:markdown_inline:1. 宏内核->#1-宏内核 | L17:markdown_inline:2. 微内核->#2-微内核 | L18:markdown_inline:中断分类->#中断分类 | L19:markdown_inline:1. 外中断->#1-外中断 | L20:markdown_inline:2. 异常->#2-异常 | L21:markdown_inline:3. 陷入->#3-陷入,no,0,,Chinese filename; Chinese headings; Chinese Markdown/HTML links,notes/operating-systems-overview.md,proposed,
notes/计算机操作系统 - 死锁.md,markdown,.md,7551,yes,no,yes,yes,计算机操作系统 - 死锁.md,,,,yes,yes,17,L1:H1:计算机操作系统 - 死锁 | L23:H2:必要条件 | L32:H2:处理方法 | L41:H2:鸵鸟策略 | L51:H2:死锁检测与死锁恢复 | L55:H3:1. 每种类型一个资源的死锁检测 | L65:H3:2. 每种类型多个资源的死锁检测 | L86:H3:3. 死锁恢复 | L92:H2:死锁预防 | L96:H3:1. 破坏互斥条件 | L100:H3:2. 破坏占有和等待条件 | L104:H3:3. 破坏不可抢占条件 | L106:H3:4. 破坏环路等待 | L110:H2:死锁避免 | L114:H3:1. 安全状态 | L124:H3:2. 单个资源的银行家算法 | L132:H3:3. 多个资源的银行家算法,yes,17,L3:markdown_inline:计算机操作系统 - 死锁->#计算机操作系统---死锁 | L4:markdown_inline:必要条件->#必要条件 | L5:markdown_inline:处理方法->#处理方法 | L6:markdown_inline:鸵鸟策略->#鸵鸟策略 | L7:markdown_inline:死锁检测与死锁恢复->#死锁检测与死锁恢复 | L8:markdown_inline:1. 每种类型一个资源的死锁检测->#1-每种类型一个资源的死锁检测 | L9:markdown_inline:2. 每种类型多个资源的死锁检测->#2-每种类型多个资源的死锁检测 | L10:markdown_inline:3. 死锁恢复->#3-死锁恢复 | L11:markdown_inline:死锁预防->#死锁预防 | L12:markdown_inline:1. 破坏互斥条件->#1-破坏互斥条件 | L13:markdown_inline:2. 破坏占有和等待条件->#2-破坏占有和等待条件 | L14:markdown_inline:3. 破坏不可抢占条件->#3-破坏不可抢占条件 | L15:markdown_inline:4. 破坏环路等待->#4-破坏环路等待 | L16:markdown_inline:死锁避免->#死锁避免 | L17:markdown_inline:1. 安全状态->#1-安全状态 | L18:markdown_inline:2. 单个资源的银行家算法->#2-单个资源的银行家算法 | L19:markdown_inline:3. 多个资源的银行家算法->#3-多个资源的银行家算法,no,0,,Chinese filename; Chinese headings; Chinese Markdown/HTML links,notes/operating-systems-deadlocks.md,proposed,
notes/计算机操作系统 - 目录.md,markdown,.md,1217,yes,no,yes,yes,计算机操作系统 - 目录.md,,,,yes,yes,2,L1:H1:计算机操作系统 | L10:H2:参考资料,yes,6,L3:markdown_inline:概述->计算机操作系统%20-%20概述.md | L4:markdown_inline:进程管理->计算机操作系统%20-%20进程管理.md | L5:markdown_inline:死锁->计算机操作系统%20-%20死锁.md | L6:markdown_inline:内存管理->计算机操作系统%20-%20内存管理.md | L7:markdown_inline:设备管理->计算机操作系统%20-%20设备管理.md | L8:markdown_inline:链接->计算机操作系统%20-%20链接.md,no,0,,Chinese filename; Chinese headings; Chinese Markdown/HTML links,notes/operating-systems-index.md,proposed,
notes/计算机操作系统 - 设备管理.md,markdown,.md,2899,yes,no,yes,yes,计算机操作系统 - 设备管理.md,,,,yes,yes,6,L1:H1:计算机操作系统 - 设备管理 | L12:H2:磁盘结构 | L23:H2:磁盘调度算法 | L33:H3:1. 先来先服务 | L41:H3:2. 最短寻道时间优先 | L51:H3:3. 电梯算法,yes,6,L3:markdown_inline:计算机操作系统 - 设备管理->#计算机操作系统---设备管理 | L4:markdown_inline:磁盘结构->#磁盘结构 | L5:markdown_inline:磁盘调度算法->#磁盘调度算法 | L6:markdown_inline:1. 先来先服务->#1-先来先服务 | L7:markdown_inline:2. 最短寻道时间优先->#2-最短寻道时间优先 | L8:markdown_inline:3. 电梯算法->#3-电梯算法,no,0,,Chinese filename; Chinese headings; Chinese Markdown/HTML links,notes/operating-systems-device-management.md,proposed,
notes/计算机操作系统 - 进程管理.md,markdown,.md,23002,yes,no,yes,yes,计算机操作系统 - 进程管理.md,,,,yes,yes,24,L1:H1:计算机操作系统 - 进程管理 | L31:H2:进程与线程 | L33:H3:1. 进程 | L43:H3:2. 线程 | L53:H3:3. 区别 | L71:H2:进程状态的切换 | L84:H2:进程调度算法 | L88:H3:1. 批处理系统 | L108:H3:2. 交互式系统 | L141:H3:3. 实时系统 | L147:H2:进程同步 | L149:H3:1. 临界区 | L161:H3:2. 同步与互斥 | L166:H3:3. 信号量 | L233:H3:4. 管程 | L307:H2:经典同步问题 | L311:H3:1. 哲学家进餐问题 | L391:H3:2. 读者-写者问题 | L535:H2:进程通信 | L544:H3:1. 管道 | L574:H3:3. 消息队列 | L582:H3:4. 信号量 | L586:H3:5. 共享存储 | L594:H3:6. 套接字,yes,24,L3:markdown_inline:计算机操作系统 - 进程管理->#计算机操作系统---进程管理 | L4:markdown_inline:进程与线程->#进程与线程 | L5:markdown_inline:1. 进程->#1-进程 | L6:markdown_inline:2. 线程->#2-线程 | L7:markdown_inline:3. 区别->#3-区别 | L8:markdown_inline:进程状态的切换->#进程状态的切换 | L9:markdown_inline:进程调度算法->#进程调度算法 | L10:markdown_inline:1. 批处理系统->#1-批处理系统 | L11:markdown_inline:2. 交互式系统->#2-交互式系统 | L12:markdown_inline:3. 实时系统->#3-实时系统 | L13:markdown_inline:进程同步->#进程同步 | L14:markdown_inline:1. 临界区->#1-临界区 | L15:markdown_inline:2. 同步与互斥->#2-同步与互斥 | L16:markdown_inline:3. 信号量->#3-信号量 | L17:markdown_inline:4. 管程->#4-管程 | L18:markdown_inline:经典同步问题->#经典同步问题 | L19:markdown_inline:1. 哲学家进餐问题->#1-哲学家进餐问题 | L20:markdown_inline:2. 读者-写者问题->#2-读者-写者问题 | L21:markdown_inline:进程通信->#进程通信 | L22:markdown_inline:1. 管道->#1-管道 | L24:markdown_inline:3. 消息队列->#3-消息队列 | L25:markdown_inline:4. 信号量->#4-信号量 | L26:markdown_inline:5. 共享存储->#5-共享存储 | L27:markdown_inline:6. 套接字->#6-套接字,yes,16,L182:// 临界区 | L188:// 临界区 | L263:// 管程 | L286:// 生产者客户端 | L296:// 消费者客户端 | L325:take(i); // 拿起左边的筷子 | L326:take((i+1)%N); // 拿起右边的筷子 | L341:#define LEFT (i + N - 1) % N // 左邻居 | L342:#define RIGHT (i + 1) % N // 右邻居 | L347:int state[N]; // 跟踪每个哲学家的状态 | L348:semaphore mutex = 1; // 临界区的互斥，临界区是 state 数组，对其修改需要互斥 | L349:semaphore s[N]; // 每个哲学家一个信号量 | L365:down(&s[i]); // 只有收到通知之后才可以开始吃，否则会一直等下去 | L371:check(LEFT); // 尝试通知左右邻居，自己吃完了，你们可以开始吃了 | L382:// 检查两个邻居是否都没有用餐，如果是的话，就 up(&s[i])，使得 down(&s[i]) 能够得到通知并继续执行 | L407:if(count == 1) down(&data_mutex); // 第一个读者需要对数据进行加锁，防止写进程访问,Chinese filename; Chinese headings; Chinese Markdown/HTML links; Chinese code comments,notes/operating-systems-process-management.md,proposed,
notes/计算机操作系统 - 链接.md,markdown,.md,2920,yes,no,yes,yes,计算机操作系统 - 链接.md,,,,yes,yes,5,L1:H1:计算机操作系统 - 链接 | L11:H2:编译系统 | L41:H2:静态链接 | L50:H2:目标文件 | L56:H2:动态链接,yes,5,L3:markdown_inline:计算机操作系统 - 链接->#计算机操作系统---链接 | L4:markdown_inline:编译系统->#编译系统 | L5:markdown_inline:静态链接->#静态链接 | L6:markdown_inline:目标文件->#目标文件 | L7:markdown_inline:动态链接->#动态链接,no,0,,Chinese filename; Chinese headings; Chinese Markdown/HTML links,notes/operating-systems-linking.md,proposed,
notes/计算机操作系统.md,markdown,.md,171,yes,no,yes,yes,计算机操作系统.md,,,,yes,no,0,,yes,1,L1:markdown_inline:计算机操作系统->https://github.com/CyC2018/CS-Notes/blob/master/notes/%E8%AE%A1%E7%AE%97%E6%9C%BA%E6%93%8D%E4%BD%9C%E7%B3%BB%E7%BB%9F%20-%20%E7%9B%AE%E5%BD%95.md,no,0,,Chinese filename; Chinese Markdown/HTML links,notes/operating-systems.md,proposed,
notes/计算机网络 - 传输层.md,markdown,.md,11561,yes,no,yes,yes,计算机网络 - 传输层.md,,,,yes,yes,12,L1:H1:计算机网络 - 传输层 | L20:H2:UDP 和 TCP 的特点 | L26:H2:UDP 首部格式 | L32:H2:TCP 首部格式 | L50:H2:TCP 的三次握手 | L72:H2:TCP 的四次挥手 | L100:H2:TCP 可靠传输 | L114:H2:TCP 滑动窗口 | L124:H2:TCP 流量控制 | L130:H2:TCP 拥塞控制 | L147:H3:1. 慢开始与拥塞避免 | L155:H3:2. 快重传与快恢复,yes,12,L3:markdown_inline:计算机网络 - 传输层->#计算机网络---传输层 | L4:markdown_inline:UDP 和 TCP 的特点->#udp-和-tcp-的特点 | L5:markdown_inline:UDP 首部格式->#udp-首部格式 | L6:markdown_inline:TCP 首部格式->#tcp-首部格式 | L7:markdown_inline:TCP 的三次握手->#tcp-的三次握手 | L8:markdown_inline:TCP 的四次挥手->#tcp-的四次挥手 | L9:markdown_inline:TCP 可靠传输->#tcp-可靠传输 | L10:markdown_inline:TCP 滑动窗口->#tcp-滑动窗口 | L11:markdown_inline:TCP 流量控制->#tcp-流量控制 | L12:markdown_inline:TCP 拥塞控制->#tcp-拥塞控制 | L13:markdown_inline:1. 慢开始与拥塞避免->#1-慢开始与拥塞避免 | L14:markdown_inline:2. 快重传与快恢复->#2-快重传与快恢复,no,0,,Chinese filename; Chinese headings; Chinese Markdown/HTML links,notes/computer-networking-transport-layer.md,proposed,
notes/计算机网络 - 应用层.md,markdown,.md,10605,yes,no,yes,yes,计算机网络 - 应用层.md,,,,yes,yes,12,L1:H1:计算机网络 - 应用层 | L21:H2:域名系统 | L34:H2:文件传送协议 | L53:H2:动态主机配置协议 | L68:H2:远程登录协议 | L74:H2:电子邮件协议 | L96:H2:常用端口 | L110:H2:Web 页面请求过程 | L112:H3:1. DHCP 配置主机信息 | L128:H3:2. ARP 解析 MAC 地址 | L144:H3:3. DNS 解析域名 | L156:H3:4. HTTP 请求页面,yes,12,L3:markdown_inline:计算机网络 - 应用层->#计算机网络---应用层 | L4:markdown_inline:域名系统->#域名系统 | L5:markdown_inline:文件传送协议->#文件传送协议 | L6:markdown_inline:动态主机配置协议->#动态主机配置协议 | L7:markdown_inline:远程登录协议->#远程登录协议 | L8:markdown_inline:电子邮件协议->#电子邮件协议 | L12:markdown_inline:常用端口->#常用端口 | L13:markdown_inline:Web 页面请求过程->#web-页面请求过程 | L14:markdown_inline:1. DHCP 配置主机信息->#1-dhcp-配置主机信息 | L15:markdown_inline:2. ARP 解析 MAC 地址->#2-arp-解析-mac-地址 | L16:markdown_inline:3. DNS 解析域名->#3-dns-解析域名 | L17:markdown_inline:4. HTTP 请求页面->#4-http-请求页面,no,0,,Chinese filename; Chinese headings; Chinese Markdown/HTML links,notes/computer-networking-application-layer.md,proposed,
notes/计算机网络 - 概述.md,markdown,.md,7480,yes,no,yes,yes,计算机网络 - 概述.md,,,,yes,yes,14,L1:H1:计算机网络 - 概述 | L23:H2:网络的网络 | L39:H2:主机之间的通信方式 | L49:H2:电路交换与分组交换 | L51:H3:1. 电路交换 | L55:H3:2. 分组交换 | L61:H2:时延 | L67:H3:1. 排队时延 | L71:H3:2. 处理时延 | L75:H3:3. 传输时延 | L86:H3:4. 传播时延 | L96:H2:计算机网络体系结构 | L100:H3:1. 五层协议 | L130:H3:4. 数据在各层之间的传递过程,yes,14,L3:markdown_inline:计算机网络 - 概述->#计算机网络---概述 | L4:markdown_inline:网络的网络->#网络的网络 | L6:markdown_inline:主机之间的通信方式->#主机之间的通信方式 | L7:markdown_inline:电路交换与分组交换->#电路交换与分组交换 | L8:markdown_inline:1. 电路交换->#1-电路交换 | L9:markdown_inline:2. 分组交换->#2-分组交换 | L10:markdown_inline:时延->#时延 | L11:markdown_inline:1. 排队时延->#1-排队时延 | L12:markdown_inline:2. 处理时延->#2-处理时延 | L13:markdown_inline:3. 传输时延->#3-传输时延 | L14:markdown_inline:4. 传播时延->#4-传播时延 | L15:markdown_inline:计算机网络体系结构->#计算机网络体系结构 | L16:markdown_inline:1. 五层协议->#1-五层协议 | L19:markdown_inline:4. 数据在各层之间的传递过程->#4-数据在各层之间的传递过程,no,0,,Chinese filename; Chinese headings; Chinese Markdown/HTML links,notes/computer-networking-overview.md,proposed,
notes/计算机网络 - 物理层.md,markdown,.md,699,yes,no,yes,yes,计算机网络 - 物理层.md,,,,yes,yes,3,L1:H1:计算机网络 - 物理层 | L9:H2:通信方式 | L17:H2:带通调制,yes,3,L3:markdown_inline:计算机网络 - 物理层->#计算机网络---物理层 | L4:markdown_inline:通信方式->#通信方式 | L5:markdown_inline:带通调制->#带通调制,no,0,,Chinese filename; Chinese headings; Chinese Markdown/HTML links,notes/computer-networking-physical-layer.md,proposed,
notes/计算机网络 - 目录.md,markdown,.md,1796,yes,no,yes,yes,计算机网络 - 目录.md,,,,yes,yes,2,L1:H1:计算机网络 | L10:H2:参考链接,yes,7,L3:markdown_inline:概述->计算机网络%20-%20概述.md | L4:markdown_inline:物理层->计算机网络%20-%20物理层.md | L5:markdown_inline:链路层->计算机网络%20-%20链路层.md | L6:markdown_inline:网络层->计算机网络%20-%20网络层.md | L7:markdown_inline:传输层->计算机网络%20-%20传输层.md | L8:markdown_inline:应用层->计算机网络%20-%20应用层.md | L25:markdown_inline:P2P 网络概述.->http://slidesplayer.com/slide/11616167/,no,0,,Chinese filename; Chinese headings; Chinese Markdown/HTML links,notes/computer-networking-index.md,proposed,
notes/计算机网络 - 网络层.md,markdown,.md,15245,yes,no,yes,yes,计算机网络 - 网络层.md,,,,yes,yes,17,L1:H1:计算机网络 - 网络层 | L25:H2:概述 | L39:H2:IP 数据报格式 | L63:H2:IP 地址编址方式 | L71:H3:1. 分类 | L79:H3:2. 子网划分 | L89:H3:3. 无分类 | L103:H2:地址解析协议 ARP | L119:H2:网际控制报文协议 ICMP | L146:H2:虚拟专用网 VPN | L162:H2:网络地址转换 NAT | L170:H2:路由器的结构 | L178:H2:路由器分组转发流程 | L189:H2:路由选择协议 | L200:H3:1. 内部网关协议 RIP | L216:H3:2. 内部网关协议 OSPF | L230:H3:3. 外部网关协议 BGP,yes,17,L3:markdown_inline:计算机网络 - 网络层->#计算机网络---网络层 | L4:markdown_inline:概述->#概述 | L5:markdown_inline:IP 数据报格式->#ip-数据报格式 | L6:markdown_inline:IP 地址编址方式->#ip-地址编址方式 | L7:markdown_inline:1. 分类->#1-分类 | L8:markdown_inline:2. 子网划分->#2-子网划分 | L9:markdown_inline:3. 无分类->#3-无分类 | L10:markdown_inline:地址解析协议 ARP->#地址解析协议-arp | L11:markdown_inline:网际控制报文协议 ICMP->#网际控制报文协议-icmp | L14:markdown_inline:虚拟专用网 VPN->#虚拟专用网-vpn | L15:markdown_inline:网络地址转换 NAT->#网络地址转换-nat | L16:markdown_inline:路由器的结构->#路由器的结构 | L17:markdown_inline:路由器分组转发流程->#路由器分组转发流程 | L18:markdown_inline:路由选择协议->#路由选择协议 | L19:markdown_inline:1. 内部网关协议 RIP->#1-内部网关协议-rip | L20:markdown_inline:2. 内部网关协议 OSPF->#2-内部网关协议-ospf | L21:markdown_inline:3. 外部网关协议 BGP->#3-外部网关协议-bgp,no,0,,Chinese filename; Chinese headings; Chinese Markdown/HTML links,notes/computer-networking-network-layer.md,proposed,
notes/计算机网络 - 链路层.md,markdown,.md,11655,yes,no,yes,yes,计算机网络 - 链路层.md,,,,yes,yes,21,L1:H1:计算机网络 - 链路层 | L27:H2:基本问题 | L29:H3:1. 封装成帧 | L35:H3:2. 透明传输 | L43:H3:3. 差错检测 | L47:H2:信道分类 | L49:H3:1. 广播信道 | L57:H3:2. 点对点信道 | L63:H2:信道复用技术 | L65:H3:1. 频分复用 | L71:H3:2. 时分复用 | L79:H3:3. 统计时分复用 | L85:H3:4. 波分复用 | L89:H3:5. 码分复用 | L118:H2:CSMA/CD 协议 | L132:H2:PPP 协议 | L147:H2:MAC 地址 | L153:H2:局域网 | L163:H2:以太网 | L179:H2:交换机 | L189:H2:虚拟局域网,yes,21,L3:markdown_inline:计算机网络 - 链路层->#计算机网络---链路层 | L4:markdown_inline:基本问题->#基本问题 | L5:markdown_inline:1. 封装成帧->#1-封装成帧 | L6:markdown_inline:2. 透明传输->#2-透明传输 | L7:markdown_inline:3. 差错检测->#3-差错检测 | L8:markdown_inline:信道分类->#信道分类 | L9:markdown_inline:1. 广播信道->#1-广播信道 | L10:markdown_inline:2. 点对点信道->#2-点对点信道 | L11:markdown_inline:信道复用技术->#信道复用技术 | L12:markdown_inline:1. 频分复用->#1-频分复用 | L13:markdown_inline:2. 时分复用->#2-时分复用 | L14:markdown_inline:3. 统计时分复用->#3-统计时分复用 | L15:markdown_inline:4. 波分复用->#4-波分复用 | L16:markdown_inline:5. 码分复用->#5-码分复用 | L17:markdown_inline:CSMA/CD 协议->#csmacd-协议 | L18:markdown_inline:PPP 协议->#ppp-协议 | L19:markdown_inline:MAC 地址->#mac-地址 | L20:markdown_inline:局域网->#局域网 | L21:markdown_inline:以太网->#以太网 | L22:markdown_inline:交换机->#交换机 | L23:markdown_inline:虚拟局域网->#虚拟局域网,no,0,,Chinese filename; Chinese headings; Chinese Markdown/HTML links,notes/computer-networking-link-layer.md,proposed,
notes/计算机网络.md,markdown,.md,150,yes,no,yes,yes,计算机网络.md,,,,yes,no,0,,yes,1,L1:markdown_inline:计算机网络.md->https://github.com/CyC2018/CS-Notes/blob/master/notes/%E8%AE%A1%E7%AE%97%E6%9C%BA%E7%BD%91%E7%BB%9C%20-%20%E7%9B%AE%E5%BD%95.md,no,0,,Chinese filename; Chinese Markdown/HTML links,notes/computer-networking.md,proposed,
notes/设计模式  - 单例.md,markdown,.md,7700,yes,no,yes,yes,设计模式  - 单例.md,,,,yes,yes,7,L1:H2:单例（Singleton） | L17:H4:Ⅰ 懒汉式-线程不安全 | L40:H4:Ⅱ 饿汉式-线程安全 | L50:H4:Ⅲ 懒汉式-线程安全 | L65:H4:Ⅳ 双重校验锁-线程安全 | L112:H4:Ⅴ 静态内部类实现 | L134:H4:Ⅵ 枚举实现,no,0,,yes,2,L156:// 单例测试 | L165:// 反射获取实例测试,Chinese filename; Chinese headings; Chinese code comments,notes/design-patterns-singleton.md,proposed,
notes/设计模式 - 中介者.md,markdown,.md,4630,yes,no,yes,yes,设计模式 - 中介者.md,,,,yes,yes,1,L1:H2:5. 中介者（Mediator）,no,0,,yes,1,L151:// 闹钟事件到达，调用中介者就可以操作相关对象,Chinese filename; Chinese headings; Chinese code comments,notes/design-patterns-mediator.md,proposed,
notes/设计模式 - 享元.md,markdown,.md,2187,yes,no,yes,yes,设计模式 - 享元.md,,,,yes,yes,1,L1:H2:享元（Flyweight）,no,0,,no,0,,Chinese filename; Chinese headings,notes/design-patterns-flyweight.md,proposed,
notes/设计模式 - 代理.md,markdown,.md,3366,yes,no,yes,yes,设计模式 - 代理.md,,,,yes,yes,1,L1:H2:代理（Proxy）,no,0,,yes,1,L52:// 模拟图片加载，延迟 3s 加载完成,Chinese filename; Chinese headings; Chinese code comments,notes/design-patterns-proxy.md,proposed,
notes/设计模式 - 原型模式.md,markdown,.md,1123,yes,no,yes,yes,设计模式 - 原型模式.md,,,,yes,yes,1,L1:H2:6. 原型模式（Prototype）,no,0,,no,0,,Chinese filename; Chinese headings,notes/design-patterns-prototype.md,proposed,
notes/设计模式 - 命令.md,markdown,.md,2880,yes,no,yes,yes,设计模式 - 命令.md,,,,yes,yes,1,L1:H2:2. 命令（Command）,no,0,,yes,1,L78:* 遥控器,Chinese filename; Chinese headings; Chinese code comments,notes/design-patterns-command.md,proposed,
notes/设计模式 - 备忘录.md,markdown,.md,4708,yes,no,yes,yes,设计模式 - 备忘录.md,,,,yes,yes,1,L1:H2:备忘录（Memento）,no,0,,no,0,,Chinese filename; Chinese headings,notes/design-patterns-memento.md,proposed,
notes/设计模式 - 外观.md,markdown,.md,1236,yes,no,yes,yes,设计模式 - 外观.md,,,,yes,yes,2,L1:H2:外观（Facade） | L52:H3:设计原则,no,0,,no,0,,Chinese filename; Chinese headings,notes/design-patterns-facade.md,proposed,
notes/设计模式 - 工厂方法.md,markdown,.md,2181,yes,no,yes,yes,设计模式 - 工厂方法.md,,,,yes,yes,1,L1:H2:工厂方法（Factory Method）,no,0,,no,0,,Chinese filename; Chinese headings,notes/design-patterns-factory-method.md,proposed,
notes/设计模式 - 抽象工厂.md,markdown,.md,2917,yes,no,yes,yes,设计模式 - 抽象工厂.md,,,,yes,yes,1,L1:H2:4. 抽象工厂（Abstract Factory）,no,0,,no,0,,Chinese filename; Chinese headings,notes/design-patterns-abstract-factory.md,proposed,
notes/设计模式 - 桥接.md,markdown,.md,3213,yes,no,yes,yes,设计模式 - 桥接.md,,,,yes,yes,1,L3:H2:桥接（Bridge）,no,0,,no,0,,Chinese filename; Chinese headings,notes/design-patterns-bridge.md,proposed,
notes/设计模式 - 模板方法.md,markdown,.md,2106,yes,no,yes,yes,设计模式 - 模板方法.md,,,,yes,yes,1,L1:H2:模板方法（Template Method）,no,0,,no,0,,Chinese filename; Chinese headings,notes/design-patterns-template-method.md,proposed,
notes/设计模式 - 状态.md,markdown,.md,7017,yes,no,yes,yes,设计模式 - 状态.md,,,,yes,yes,1,L1:H2:8. 状态（State）,no,0,,yes,4,L20:* 投入 25 分钱 | L25:* 退回 25 分钱 | L30:* 转动曲柄 | L35:* 发放糖果,Chinese filename; Chinese headings; Chinese code comments,notes/design-patterns-state.md,proposed,
notes/设计模式 - 生成器.md,markdown,.md,2540,yes,no,yes,yes,设计模式 - 生成器.md,,,,yes,yes,1,L1:H2:5. 生成器（Builder）,no,0,,no,0,,Chinese filename; Chinese headings,notes/design-patterns-builder.md,proposed,
notes/设计模式 - 目录.md,markdown,.md,1992,yes,no,yes,yes,设计模式 - 目录.md,,,,yes,yes,6,L1:H1:设计模式目录 | L3:H2:一、前言 | L7:H2:二、创建型 | L16:H2:三、行为型 | L31:H2:四、结构型 | L41:H2:参考资料,yes,25,L9:markdown_inline:单例.md->设计模式%20%20-%20单例.md | L10:markdown_inline:简单工厂.md->设计模式%20-%20简单工厂.md | L11:markdown_inline:工厂方法.md->设计模式%20-%20工厂方法.md | L12:markdown_inline:抽象工厂.md->设计模式%20-%20抽象工厂.md | L13:markdown_inline:生成器.md->设计模式%20-%20生成器.md | L14:markdown_inline:原型模式.md->设计模式%20-%20原型模式.md | L18:markdown_inline:责任链.md->设计模式%20-%20责任链.md | L19:markdown_inline:命令.md->设计模式%20-%20命令.md | L20:markdown_inline:解释器.md->设计模式%20-%20解释器.md | L21:markdown_inline:迭代器.md->设计模式%20-%20迭代器.md | L22:markdown_inline:中介者.md->设计模式%20-%20中介者.md | L23:markdown_inline:备忘录.md->设计模式%20-%20备忘录.md | L24:markdown_inline:观察者.md->设计模式%20-%20观察者.md | L25:markdown_inline:状态.md->设计模式%20-%20状态.md | L26:markdown_inline:策略.md->设计模式%20-%20策略.md | L27:markdown_inline:模板方法.md->设计模式%20-%20模板方法.md | L28:markdown_inline:访问者.md->设计模式%20-%20访问者.md | L29:markdown_inline:空对象.md->设计模式%20-%20空对象.md | L33:markdown_inline:适配器.md->设计模式%20-%20适配器.md | L34:markdown_inline:桥接.md->设计模式%20-%20桥接.md | L35:markdown_inline:组合.md->设计模式%20-%20组合.md | L36:markdown_inline:装饰.md->设计模式%20-%20装饰.md | L37:markdown_inline:外观.md->设计模式%20-%20外观.md | L38:markdown_inline:享元.md->设计模式%20-%20享元.md | L39:markdown_inline:代理.md->设计模式%20-%20代理.md,no,0,,Chinese filename; Chinese headings; Chinese Markdown/HTML links,notes/design-patterns-index.md,proposed,
notes/设计模式 - 目录1.md,markdown,.md,2115,yes,no,yes,yes,设计模式 - 目录1.md,,,,yes,yes,5,L1:H1:一、前言 | L5:H1:二、创建型 | L14:H1:三、行为型 | L29:H1:四、结构型 | L39:H1:参考资料,yes,25,L7:markdown_inline:单例.md->notes/设计模式%20%20-%20单例.md | L8:markdown_inline:简单工厂.md->notes/设计模式%20-%20简单工厂.md | L9:markdown_inline:工厂方法.md->notes/设计模式%20-%20工厂方法.md | L10:markdown_inline:抽象工厂.md->notes/设计模式%20-%20抽象工厂.md | L11:markdown_inline:生成器.md->notes/设计模式%20-%20生成器.md | L12:markdown_inline:原型模式.md->notes/设计模式%20-%20原型模式.md | L16:markdown_inline:责任链.md->notes/设计模式%20-%20责任链.md | L17:markdown_inline:命令.md->notes/设计模式%20-%20命令.md | L18:markdown_inline:解释器.md->notes/设计模式%20-%20解释器.md | L19:markdown_inline:迭代器.md->notes/设计模式%20-%20迭代器.md | L20:markdown_inline:中介者.md->notes/设计模式%20-%20中介者.md | L21:markdown_inline:备忘录.md->notes/设计模式%20-%20备忘录.md | L22:markdown_inline:观察者.md->notes/设计模式%20-%20观察者.md | L23:markdown_inline:状态.md->notes/设计模式%20-%20状态.md | L24:markdown_inline:策略.md->notes/设计模式%20-%20策略.md | L25:markdown_inline:模板方法.md->notes/设计模式%20-%20模板方法.md | L26:markdown_inline:访问者.md->notes/设计模式%20-%20访问者.md | L27:markdown_inline:空对象.md->notes/设计模式%20-%20空对象.md | L31:markdown_inline:适配器.md->notes/设计模式%20-%20适配器.md | L32:markdown_inline:桥接.md->notes/设计模式%20-%20桥接.md | L33:markdown_inline:组合.md->notes/设计模式%20-%20组合.md | L34:markdown_inline:装饰.md->notes/设计模式%20-%20装饰.md | L35:markdown_inline:外观.md->notes/设计模式%20-%20外观.md | L36:markdown_inline:享元.md->notes/设计模式%20-%20享元.md | L37:markdown_inline:代理.md->notes/设计模式%20-%20代理.md,no,0,,Chinese filename; Chinese headings; Chinese Markdown/HTML links,notes/design-patterns-index-legacy.md,proposed,Secondary design-patterns index; review whether this file should remain distinct.
notes/设计模式 - 空对象.md,markdown,.md,1288,yes,no,yes,yes,设计模式 - 空对象.md,,,,yes,yes,1,L1:H2:空对象（Null）,no,0,,no,0,,Chinese filename; Chinese headings,notes/design-patterns-null-object.md,proposed,
notes/设计模式 - 策略.md,markdown,.md,2584,yes,no,yes,yes,设计模式 - 策略.md,,,,yes,yes,2,L1:H2:9. 策略（Strategy） | L16:H3:与状态模式的比较,no,0,,no,0,,Chinese filename; Chinese headings,notes/design-patterns-strategy.md,proposed,
notes/设计模式 - 简单工厂.md,markdown,.md,2312,yes,no,yes,yes,设计模式 - 简单工厂.md,,,,yes,yes,1,L1:H2:简单工厂（Simple Factory）,no,0,,no,0,,Chinese filename; Chinese headings,notes/design-patterns-simple-factory.md,proposed,
notes/设计模式 - 组合.md,markdown,.md,3183,yes,no,yes,yes,设计模式 - 组合.md,,,,yes,yes,1,L1:H2:组合（Composite）,no,0,,yes,1,L86:throw new UnsupportedOperationException(); // 牺牲透明性换取单一职责原则，这样就不用考虑是叶子节点还是组合节点,Chinese filename; Chinese headings; Chinese code comments,notes/design-patterns-composite.md,proposed,
notes/设计模式 - 装饰.md,markdown,.md,3268,yes,no,yes,yes,设计模式 - 装饰.md,,,,yes,yes,2,L1:H2:装饰（Decorator） | L95:H3:设计原则,no,0,,no,0,,Chinese filename; Chinese headings,notes/design-patterns-decorator.md,proposed,
notes/设计模式 - 观察者.md,markdown,.md,4030,yes,no,yes,yes,设计模式 - 观察者.md,,,,yes,yes,1,L1:H2:7. 观察者（Observer）,no,0,,no,0,,Chinese filename; Chinese headings,notes/design-patterns-observer.md,proposed,
notes/设计模式 - 解释器.md,markdown,.md,3592,yes,no,yes,yes,设计模式 - 解释器.md,,,,yes,yes,1,L1:H2:解释器（Interpreter）,no,0,,yes,1,L87:* 构建解析树,Chinese filename; Chinese headings; Chinese code comments,notes/design-patterns-interpreter.md,proposed,
notes/设计模式 - 访问者.md,markdown,.md,4265,yes,no,yes,yes,设计模式 - 访问者.md,,,,yes,yes,1,L1:H2:访问者（Visitor）,no,0,,no,0,,Chinese filename; Chinese headings,notes/design-patterns-visitor.md,proposed,
notes/设计模式 - 责任链.md,markdown,.md,3079,yes,no,yes,yes,设计模式 - 责任链.md,,,,yes,yes,1,L1:H2:责任链（Chain Of Responsibility）,no,0,,no,0,,Chinese filename; Chinese headings,notes/design-patterns-chain-of-responsibility.md,proposed,
notes/设计模式 - 迭代器.md,markdown,.md,2016,yes,no,yes,yes,设计模式 - 迭代器.md,,,,yes,yes,1,L1:H2:迭代器（Iterator）,no,0,,no,0,,Chinese filename; Chinese headings,notes/design-patterns-iterator.md,proposed,
notes/设计模式 - 适配器.md,markdown,.md,1909,yes,no,yes,yes,设计模式 - 适配器.md,,,,yes,yes,1,L1:H2:1. 适配器（Adapter）,no,0,,no,0,,Chinese filename; Chinese headings,notes/design-patterns-adapter.md,proposed,
notes/设计模式.md,markdown,.md,85268,yes,no,yes,yes,设计模式.md,,,,yes,yes,39,L135:H1:一、概述 | L141:H1:二、创建型 | L143:H2:1. 单例（Singleton） | L159:H4:Ⅰ 懒汉式-线程不安全 | L182:H4:Ⅱ 饿汉式-线程安全 | L192:H4:Ⅲ 懒汉式-线程安全 | L207:H4:Ⅳ 双重校验锁-线程安全 | L254:H4:Ⅴ 静态内部类实现 | L276:H4:Ⅵ 枚举实现 | L344:H2:2. 简单工厂（Simple Factory） | L427:H2:3. 工厂方法（Factory Method） | L487:H2:4. 抽象工厂（Abstract Factory） | L585:H2:5. 生成器（Builder） | L675:H2:6. 原型模式（Prototype） | L732:H1:三、行为型 | L734:H2:1. 责任链（Chain Of Responsibility） | L864:H2:2. 命令（Command） | L992:H2:3. 解释器（Interpreter） | L1116:H2:4. 迭代器（Iterator） | L1206:H2:5. 中介者（Mediator） | L1375:H2:6. 备忘录（Memento） | L1552:H2:7. 观察者（Observer） | L1687:H2:8. 状态（State） | L1989:H2:9. 策略（Strategy） | L2004:H3:与状态模式的比较 | L2079:H2:10. 模板方法（Template Method） | L2180:H2:11. 访问者（Visitor） | L2387:H2:12. 空对象（Null） | L2441:H1:四、结构型 | L2443:H2:1. 适配器（Adapter） | L2514:H2:2. 桥接（Bridge） | L2671:H2:3. 组合（Composite） | L2805:H2:4. 装饰（Decorator） | L2899:H3:设计原则 | L2913:H2:5. 外观（Facade） | L2964:H3:设计原则 | L2968:H2:6. 享元（Flyweight） | L3054:H2:7. 代理（Proxy） | L3159:H1:参考资料,yes,33,L2:markdown_inline:一、概述->#一概述 | L3:markdown_inline:二、创建型->#二创建型 | L4:markdown_inline:1. 单例（Singleton）->#1-单例singleton | L10:markdown_inline:2. 简单工厂（Simple Factory）->#2-简单工厂simple-factory | L14:markdown_inline:3. 工厂方法（Factory Method）->#3-工厂方法factory-method | L19:markdown_inline:4. 抽象工厂（Abstract Factory）->#4-抽象工厂abstract-factory | L24:markdown_inline:5. 生成器（Builder）->#5-生成器builder | L29:markdown_inline:6. 原型模式（Prototype）->#6-原型模式prototype | L34:markdown_inline:三、行为型->#三行为型 | L35:markdown_inline:1. 责任链（Chain Of Responsibility）->#1-责任链chain-of-responsibility | L40:markdown_inline:2. 命令（Command）->#2-命令command | L45:markdown_inline:3. 解释器（Interpreter）->#3-解释器interpreter | L50:markdown_inline:4. 迭代器（Iterator）->#4-迭代器iterator | L55:markdown_inline:5. 中介者（Mediator）->#5-中介者mediator | L60:markdown_inline:6. 备忘录（Memento）->#6-备忘录memento | L65:markdown_inline:7. 观察者（Observer）->#7-观察者observer | L70:markdown_inline:8. 状态（State）->#8-状态state | L74:markdown_inline:9. 策略（Strategy）->#9-策略strategy | L77:markdown_inline:与状态模式的比较->#与状态模式的比较 | L80:markdown_inline:10. 模板方法（Template Method）->#10-模板方法template-method | L85:markdown_inline:11. 访问者（Visitor）->#11-访问者visitor | L90:markdown_inline:12. 空对象（Null）->#12-空对象null | L94:markdown_inline:四、结构型->#四结构型 | L95:markdown_inline:1. 适配器（Adapter）->#1-适配器adapter | L100:markdown_inline:2. 桥接（Bridge）->#2-桥接bridge | L105:markdown_inline:3. 组合（Composite）->#3-组合composite | L110:markdown_inline:4. 装饰（Decorator）->#4-装饰decorator | L114:markdown_inline:设计原则->#设计原则 | L116:markdown_inline:5. 外观（Facade）->#5-外观facade | L120:markdown_inline:设计原则->#设计原则 | L121:markdown_inline:6. 享元（Flyweight）->#6-享元flyweight | L126:markdown_inline:7. 代理（Proxy）->#7-代理proxy | L131:markdown_inline:参考资料->#参考资料,yes,11,L298:// 单例测试 | L307:// 反射获取实例测试 | L941:* 遥控器 | L1078:* 构建解析树 | L1354:// 闹钟事件到达，调用中介者就可以操作相关对象 | L1706:* 投入 25 分钱 | L1711:* 退回 25 分钱 | L1716:* 转动曲柄 | L1721:* 发放糖果 | L2756:throw new UnsupportedOperationException(); // 牺牲透明性换取单一职责原则，这样就不用考虑是叶子节点还是组合节点 | L3105:// 模拟图片加载，延迟 3s 加载完成,Chinese filename; Chinese headings; Chinese Markdown/HTML links; Chinese code comments,notes/design-patterns.md,proposed,
notes/集群.md,markdown,.md,10924,yes,no,yes,yes,集群.md,,,,yes,yes,16,L1:H1:集群 | L25:H2:一、负载均衡 | L41:H3:负载均衡算法 | L43:H4:1. 轮询（Round Robin） | L56:H4:2. 加权轮询（Weighted Round Robbin） | L64:H4:3. 最少连接（least Connections） | L78:H4:4. 加权最少连接（Weighted Least Connection） | L82:H4:5. 随机算法（Random） | L90:H4:6. 源地址哈希法 (IP Hash) | L98:H3:转发实现 | L100:H4:1. HTTP 重定向 | L113:H4:2. DNS 域名解析 | L129:H4:3. 反向代理服务器 | L143:H4:4. 网络层 | L157:H4:5. 链路层 | L172:H2:二、集群下的 Session 管理,yes,16,L3:markdown_inline:集群->#集群 | L4:markdown_inline:一、负载均衡->#一负载均衡 | L5:markdown_inline:负载均衡算法->#负载均衡算法 | L6:markdown_inline:1. 轮询（Round Robin）->#1-轮询round-robin | L7:markdown_inline:2. 加权轮询（Weighted Round Robbin）->#2-加权轮询weighted-round-robbin | L8:markdown_inline:3. 最少连接（least Connections）->#3-最少连接least-connections | L9:markdown_inline:4. 加权最少连接（Weighted Least Connection）->#4-加权最少连接weighted-least-connection | L10:markdown_inline:5. 随机算法（Random）->#5-随机算法random | L11:markdown_inline:6. 源地址哈希法 (IP Hash)->#6-源地址哈希法-ip-hash | L12:markdown_inline:转发实现->#转发实现 | L13:markdown_inline:1. HTTP 重定向->#1-http-重定向 | L14:markdown_inline:2. DNS 域名解析->#2-dns-域名解析 | L15:markdown_inline:3. 反向代理服务器->#3-反向代理服务器 | L16:markdown_inline:4. 网络层->#4-网络层 | L17:markdown_inline:5. 链路层->#5-链路层 | L18:markdown_inline:二、集群下的 Session 管理->#二集群下的-session-管理,no,0,,Chinese filename; Chinese headings; Chinese Markdown/HTML links,notes/clustering.md,proposed,
notes/面向对象思想.md,markdown,.md,12090,yes,no,yes,yes,面向对象思想.md,,,,yes,yes,25,L1:H1:面向对象思想 | L22:H2:一、三大特性 | L24:H3:封装 | L65:H3:继承 | L77:H3:多态 | L138:H2:二、类图 | L142:H3:泛化关系 (Generalization) | L163:H3:实现关系 (Realization) | L184:H3:聚合关系 (Aggregation) | L207:H3:组合关系 (Composition) | L228:H3:关联关系 (Association) | L247:H3:依赖关系 (Dependency) | L279:H2:三、设计原则 | L291:H4:1. 单一责任原则 | L299:H4:2. 开放封闭原则 | L307:H4:3. 里氏替换原则 | L315:H4:4. 接口分离原则 | L321:H4:5. 依赖倒置原则 | L333:H3:其他常见原则 | L345:H4:1. 迪米特法则 | L349:H4:2. 合成复用原则 | L353:H4:3. 共同封闭原则 | L357:H4:4. 稳定抽象原则 | L361:H4:5. 稳定依赖原则 | L365:H2:参考资料,yes,19,L3:markdown_inline:面向对象思想->#面向对象思想 | L4:markdown_inline:一、三大特性->#一三大特性 | L5:markdown_inline:封装->#封装 | L6:markdown_inline:继承->#继承 | L7:markdown_inline:多态->#多态 | L8:markdown_inline:二、类图->#二类图 | L9:markdown_inline:泛化关系 (Generalization)->#泛化关系-generalization | L10:markdown_inline:实现关系 (Realization)->#实现关系-realization | L11:markdown_inline:聚合关系 (Aggregation)->#聚合关系-aggregation | L12:markdown_inline:组合关系 (Composition)->#组合关系-composition | L13:markdown_inline:关联关系 (Association)->#关联关系-association | L14:markdown_inline:依赖关系 (Dependency)->#依赖关系-dependency | L15:markdown_inline:三、设计原则->#三设计原则 | L17:markdown_inline:其他常见原则->#其他常见原则 | L18:markdown_inline:参考资料->#参考资料 | L369:markdown_inline:面向对象设计的 SOLID 原则->http://www.cnblogs.com/shanyou/archive/2009/09/21/1570716.html | L370:markdown_inline:看懂 UML 类图和时序图->http://design-patterns.readthedocs.io/zh_CN/latest/read_uml.html#generalization | L371:markdown_inline:UML 系列——时序图（顺序图）sequence diagram->http://www.cnblogs.com/wolf-sun/p/UML-Sequence-diagram.html | L372:markdown_inline:面向对象编程三大特性 ------ 封装、继承、多态->http://blog.csdn.net/jianyuerensheng/article/details/51602015,no,0,,Chinese filename; Chinese headings; Chinese Markdown/HTML links,notes/object-oriented-programming.md,proposed,
